latitude,longitude,extreme_high_temp_c,extreme_low_temp_c,heat_score
36.9167,68.0833,40.42,-2.01,15.42
36.9167,68.25,41.1,-2.22,16.1
36.9167,68.4167,40.94,-2.39,15.94
36.9167,68.5833,40.51,-2.18,15.51
36.9167,68.75,41.2,-2.36,16.2
36.9167,68.9167,40.97,-2.44,15.97
36.9167,69.0833,40.9,-2.53,15.9
36.9167,69.25,39.37,-2.75,14.37
36.9167,69.4167,38.48,-3.08,13.48
36.9167,69.5833,36.84,-3.33,11.84
36.9167,69.75,37.11,-3.1,12.11
36.9167,69.9167,34.99,-4.07,9.99
36.9167,70.0833,36.77,-4.19,11.77
36.9167,70.25,33.07,-6.24,8.07
36.9167,70.4167,29.96,-7.76,4.96
36.9167,70.5833,24.23,-10.56,0.0
36.9167,70.75,27.03,-9.26,2.03
36.9167,70.9167,29.8,-7.74,4.8
36.9167,71.0833,24.94,-10.31,0.0
36.9167,71.25,15.87,-17.85,0.0
36.9167,71.4167,16.88,-17.12,0.0
36.9167,71.5833,18.71,-16.15,0.0
36.9167,71.75,11.19,-23.04,0.0
36.9167,71.9167,12.42,-22.03,0.0
36.9167,72.0833,17.83,-17.43,0.0
36.9167,72.25,20.98,-15.0,0.0
36.9167,72.4167,16.81,-19.09,0.0
36.9167,72.5833,13.35,-21.96,0.0
36.9167,72.75,14.24,-21.42,0.0
36.9167,72.9167,15.1,-20.92,0.0
36.9167,73.0833,16.08,-20.64,0.0
36.9167,73.25,13.94,-22.75,0.0
36.9167,73.4167,20.2,-18.6,0.0
36.9167,73.5833,15.64,-22.68,0.0
36.9167,73.75,14.17,-23.98,0.0
36.9167,73.9167,14.58,-23.55,0.0
36.9167,74.0833,11.31,-26.14,0.0
36.9167,74.25,11.42,-26.06,0.0
36.9167,74.4167,12.86,-25.34,0.0
36.9167,74.5833,13.43,-24.94,0.0
36.9167,74.75,13.38,-24.6,0.0
36.9167,74.9167,12.2,-26.0,0.0
36.9167,75.0833,14.99,-24.35,0.0
36.9167,75.25,12.06,-26.44,0.0
36.9167,75.4167,9.73,-28.1,0.0
36.9167,75.5833,14.48,-25.18,0.0
36.9167,75.75,12.18,-25.7,0.0
36.9167,75.9167,20.65,-17.98,0.0
36.9167,76.0833,17.7,-20.88,0.0
36.9167,76.25,13.73,-23.67,0.0
36.9167,76.4167,15.6,-22.18,0.0
36.9167,76.5833,14.19,-22.44,0.0
36.9167,76.75,19.1,-18.42,0.0
36.9167,76.9167,21.79,-16.76,0.0
36.9167,77.0833,21.67,-17.39,0.0
36.9167,77.25,17.26,-20.44,0.0
36.9167,77.4167,21.01,-18.05,0.0
36.9167,77.5833,19.4,-18.86,0.0
36.9167,77.75,18.29,-19.7,0.0
36.9167,77.9167,19.38,-19.27,0.0
36.9167,78.0833,16.53,-21.13,0.0
36.9167,78.25,22.08,-17.02,0.0
36.9167,78.4167,22.57,-16.73,0.0
36.9167,78.5833,23.52,-16.18,0.0
36.9167,78.75,24.87,-15.3,0.0
36.9167,78.9167,25.96,-14.75,0.96
36.9167,79.0833,27.84,-13.98,2.84
36.9167,79.25,28.66,-13.59,3.66
36.9167,79.4167,30.46,-12.04,5.46
36.9167,79.5833,31.2,-11.17,6.2
36.9167,79.75,31.49,-11.31,6.49
36.9167,79.9167,32.13,-10.97,7.13
36.9167,80.0833,32.07,-11.49,7.07
36.9167,80.25,32.77,-10.92,7.77
36.9167,80.4167,33.6,-10.81,8.6
36.9167,80.5833,33.82,-10.85,8.82
36.9167,80.75,33.46,-10.9,8.46
36.9167,80.9167,33.6,-11.06,8.6
36.9167,81.0833,33.53,-11.19,8.53
36.9167,81.25,33.48,-11.17,8.48
36.9167,81.4167,32.98,-10.66,7.98
36.9167,81.5833,32.51,-10.32,7.51
36.9167,81.75,34.02,-11.39,9.02
36.9167,81.9167,34.21,-11.91,9.21
36.9167,82.0833,34.32,-12.25,9.32
36.9167,82.25,33.91,-12.5,8.91
36.9167,82.4167,33.69,-12.86,8.69
36.9167,82.5833,32.96,-13.06,7.96
36.9167,82.75,32.73,-13.29,7.73
36.9167,82.9167,32.74,-13.55,7.74
36.9167,83.0833,31.97,-13.63,6.97
36.9167,83.25,31.48,-14.77,6.48
36.9167,83.4167,30.12,-15.91,5.12
36.9167,83.5833,29.29,-16.53,4.29
36.9167,83.75,28.04,-17.01,3.04
36.9167,83.9167,26.07,-17.52,1.07
36.9167,84.0833,21.54,-19.64,0.0
36.9167,84.25,18.18,-21.72,0.0
36.9167,84.4167,19.85,-20.63,0.0
36.9167,84.5833,19.28,-21.7,0.0
36.9167,84.75,12.89,-26.13,0.0
36.9167,84.9167,11.63,-27.33,0.0
36.9167,85.0833,10.05,-28.76,0.0
36.9167,85.25,12.09,-27.79,0.0
36.9167,85.4167,12.61,-27.94,0.0
36.9167,85.5833,14.36,-27.87,0.0
36.9167,85.75,12.48,-29.34,0.0
36.9167,85.9167,10.99,-30.1,0.0
36.9167,86.0833,10.67,-30.14,0.0
36.9167,86.25,10.96,-29.96,0.0
36.9167,86.4167,10.4,-29.89,0.0
36.9167,86.5833,11.42,-28.06,0.0
36.9167,86.75,11.69,-27.61,0.0
36.9167,86.9167,12.07,-27.52,0.0
36.9167,87.0833,12.68,-27.18,0.0
36.9167,87.25,12.59,-27.28,0.0
36.9167,87.4167,13.82,-26.27,0.0
36.9167,87.5833,13.63,-26.22,0.0
36.9167,87.75,13.07,-26.52,0.0
36.9167,87.9167,13.06,-26.46,0.0
36.9167,88.0833,13.36,-26.24,0.0
36.9167,88.25,13.74,-25.96,0.0
36.9167,88.4167,13.17,-26.0,0.0
36.9167,88.5833,13.4,-25.81,0.0
36.9167,88.75,14.09,-25.91,0.0
36.9167,88.9167,13.26,-26.11,0.0
36.9167,89.0833,13.96,-25.41,0.0
36.9167,89.25,13.46,-25.13,0.0
36.9167,89.4167,14.1,-25.13,0.0
36.9167,89.5833,14.64,-25.26,0.0
36.9167,89.75,14.63,-24.95,0.0
36.9167,89.9167,15.1,-24.82,0.0
36.9167,90.0833,15.4,-24.5,0.0
36.9167,90.25,15.66,-24.68,0.0
36.9167,90.4167,15.3,-25.12,0.0
36.9167,90.5833,14.47,-25.84,0.0
36.9167,90.75,14.54,-25.51,0.0
36.9167,90.9167,15.06,-25.36,0.0
36.9167,91.0833,15.27,-24.83,0.0
36.9167,91.25,14.77,-24.35,0.0
36.9167,91.4167,13.57,-24.62,0.0
36.9167,91.5833,13.59,-24.54,0.0
36.9167,91.75,13.39,-24.57,0.0
36.9167,91.9167,14.45,-23.88,0.0
36.9167,92.0833,16.44,-22.83,0.0
36.9167,92.25,18.34,-22.09,0.0
36.9167,92.4167,20.36,-21.64,0.0
36.9167,92.5833,21.87,-21.33,0.0
36.9167,92.75,22.99,-21.03,0.0
36.9167,92.9167,23.16,-20.47,0.0
36.9167,93.0833,22.81,-19.97,0.0
36.9167,93.25,23.31,-20.31,0.0
36.9167,93.4167,24.44,-20.29,0.0
36.9167,93.5833,24.65,-19.44,0.0
36.9167,93.75,25.34,-19.02,0.34
36.9167,93.9167,26.04,-19.21,1.04
36.9167,94.0833,25.96,-18.95,0.96
36.9167,94.25,26.1,-18.15,1.1
36.9167,94.4167,25.94,-17.63,0.94
36.9167,94.5833,26.08,-17.63,1.08
36.9167,94.75,26.07,-17.58,1.07
36.9167,94.9167,26.02,-17.58,1.02
36.9167,95.0833,25.57,-16.56,0.57
36.9167,95.25,24.01,-15.55,0.0
36.9167,95.4167,25.79,-16.46,0.79
36.9167,95.5833,25.49,-16.21,0.49
36.9167,95.75,25.27,-16.38,0.27
36.9167,95.9167,24.56,-16.65,0.0
36.9167,96.0833,25.86,-17.07,0.86
36.9167,96.25,25.86,-16.91,0.86
36.9167,96.4167,25.57,-17.14,0.57
36.9167,96.5833,23.68,-17.43,0.0
36.9167,96.75,24.67,-17.55,0.0
36.9167,96.9167,25.34,-17.92,0.34
36.75,68.0833,41.07,-2.19,16.07
36.75,68.25,41.48,-2.31,16.48
36.75,68.4167,40.58,-2.53,15.58
36.75,68.5833,39.87,-2.67,14.87
36.75,68.75,39.79,-2.11,14.79
36.75,68.9167,39.74,-2.14,14.74
36.75,69.0833,39.07,-2.39,14.07
36.75,69.25,37.95,-2.89,12.95
36.75,69.4167,37.79,-2.91,12.79
36.75,69.5833,36.89,-3.29,11.89
36.75,69.75,34.47,-4.45,9.47
36.75,69.9167,31.59,-6.18,6.59
36.75,70.0833,32.9,-5.68,7.9
36.75,70.25,28.79,-7.63,3.79
36.75,70.4167,25.76,-9.25,0.76
36.75,70.5833,20.12,-13.05,0.0
36.75,70.75,22.3,-11.67,0.0
36.75,70.9167,28.05,-8.45,3.05
36.75,71.0833,23.72,-10.81,0.0
36.75,71.25,14.65,-18.89,0.0
36.75,71.4167,16.76,-17.39,0.0
36.75,71.5833,24.13,-11.9,0.0
36.75,71.75,16.24,-18.3,0.0
36.75,71.9167,20.5,-14.51,0.0
36.75,72.0833,15.92,-18.95,0.0
36.75,72.25,9.88,-24.32,0.0
36.75,72.4167,9.23,-24.99,0.0
36.75,72.5833,15.04,-20.34,0.0
36.75,72.75,14.61,-21.59,0.0
36.75,72.9167,16.98,-19.38,0.0
36.75,73.0833,14.06,-22.06,0.0
36.75,73.25,13.0,-23.0,0.0
36.75,73.4167,14.62,-22.01,0.0
36.75,73.5833,12.67,-23.87,0.0
36.75,73.75,10.41,-25.5,0.0
36.75,73.9167,11.57,-24.82,0.0
36.75,74.0833,13.1,-23.93,0.0
36.75,74.25,13.11,-24.48,0.0
36.75,74.4167,14.28,-23.71,0.0
36.75,74.5833,15.44,-22.74,0.0
36.75,74.75,20.8,-17.63,0.0
36.75,74.9167,18.0,-20.65,0.0
36.75,75.0833,14.49,-24.43,0.0
36.75,75.25,12.6,-26.36,0.0
36.75,75.4167,10.43,-28.09,0.0
36.75,75.5833,9.35,-28.71,0.0
36.75,75.75,12.93,-25.53,0.0
36.75,75.9167,12.33,-24.84,0.0
36.75,76.0833,20.21,-18.53,0.0
36.75,76.25,10.71,-26.45,0.0
36.75,76.4167,10.57,-26.22,0.0
36.75,76.5833,13.58,-24.4,0.0
36.75,76.75,12.69,-24.13,0.0
36.75,76.9167,15.3,-21.58,0.0
36.75,77.0833,16.55,-20.86,0.0
36.75,77.25,15.7,-21.45,0.0
36.75,77.4167,16.19,-21.2,0.0
36.75,77.5833,15.58,-21.87,0.0
36.75,77.75,11.15,-25.96,0.0
36.75,77.9167,13.2,-24.21,0.0
36.75,78.0833,13.6,-23.33,0.0
36.75,78.25,16.88,-20.98,0.0
36.75,78.4167,12.13,-24.86,0.0
36.75,78.5833,16.51,-20.8,0.0
36.75,78.75,19.48,-18.73,0.0
36.75,78.9167,21.55,-17.23,0.0
36.75,79.0833,23.89,-15.82,0.0
36.75,79.25,25.88,-14.56,0.88
36.75,79.4167,27.5,-13.39,2.5
36.75,79.5833,26.94,-13.66,1.94
36.75,79.75,27.41,-13.32,2.41
36.75,79.9167,29.5,-12.18,4.5
36.75,80.0833,28.33,-13.58,3.33
36.75,80.25,28.97,-12.89,3.97
36.75,80.4167,30.84,-12.39,5.84
36.75,80.5833,31.57,-12.13,6.57
36.75,80.75,32.06,-11.87,7.06
36.75,80.9167,32.98,-11.29,7.98
36.75,81.0833,33.35,-11.04,8.35
36.75,81.25,33.64,-11.09,8.64
36.75,81.4167,33.56,-11.01,8.56
36.75,81.5833,32.69,-10.6,7.69
36.75,81.75,33.79,-11.32,8.79
36.75,81.9167,33.05,-11.49,8.05
36.75,82.0833,32.58,-12.27,7.58
36.75,82.25,31.6,-12.99,6.6
36.75,82.4167,31.05,-13.79,6.05
36.75,82.5833,30.47,-14.25,5.47
36.75,82.75,30.23,-14.64,5.23
36.75,82.9167,29.9,-15.26,4.9
36.75,83.0833,29.23,-15.64,4.23
36.75,83.25,28.37,-16.24,3.37
36.75,83.4167,26.56,-17.16,1.56
36.75,83.5833,25.23,-17.79,0.23
36.75,83.75,22.86,-18.92,0.0
36.75,83.9167,20.21,-20.19,0.0
36.75,84.0833,17.01,-22.8,0.0
36.75,84.25,14.28,-25.55,0.0
36.75,84.4167,13.06,-25.66,0.0
36.75,84.5833,8.12,-30.21,0.0
36.75,84.75,7.67,-30.93,0.0
36.75,84.9167,10.77,-29.31,0.0
36.75,85.0833,13.11,-28.74,0.0
36.75,85.25,13.71,-28.94,0.0
36.75,85.4167,13.67,-29.36,0.0
36.75,85.5833,12.69,-29.37,0.0
36.75,85.75,12.59,-29.25,0.0
36.75,85.9167,13.0,-29.27,0.0
36.75,86.0833,13.13,-29.25,0.0
36.75,86.25,12.54,-29.12,0.0
36.75,86.4167,12.46,-28.72,0.0
36.75,86.5833,13.54,-27.75,0.0
36.75,86.75,12.75,-28.38,0.0
36.75,86.9167,11.4,-29.04,0.0
36.75,87.0833,12.21,-28.01,0.0
36.75,87.25,12.27,-27.59,0.0
36.75,87.4167,11.42,-27.49,0.0
36.75,87.5833,10.74,-27.77,0.0
36.75,87.75,10.53,-27.76,0.0
36.75,87.9167,12.13,-26.83,0.0
36.75,88.0833,11.85,-26.9,0.0
36.75,88.25,12.35,-26.86,0.0
36.75,88.4167,11.9,-27.32,0.0
36.75,88.5833,12.39,-26.83,0.0
36.75,88.75,12.51,-26.73,0.0
36.75,88.9167,11.39,-27.16,0.0
36.75,89.0833,11.45,-26.83,0.0
36.75,89.25,10.9,-26.77,0.0
36.75,89.4167,11.76,-25.81,0.0
36.75,89.5833,12.21,-25.67,0.0
36.75,89.75,12.9,-25.39,0.0
36.75,89.9167,11.63,-26.0,0.0
36.75,90.0833,11.51,-25.86,0.0
36.75,90.25,12.4,-25.38,0.0
36.75,90.4167,12.34,-25.64,0.0
36.75,90.5833,11.94,-26.25,0.0
36.75,90.75,9.85,-27.06,0.0
36.75,90.9167,11.18,-25.95,0.0
36.75,91.0833,12.98,-25.2,0.0
36.75,91.25,13.55,-24.87,0.0
36.75,91.4167,15.72,-23.58,0.0
36.75,91.5833,17.22,-22.95,0.0
36.75,91.75,17.76,-22.8,0.0
36.75,91.9167,16.69,-22.86,0.0
36.75,92.0833,17.06,-22.93,0.0
36.75,92.25,15.56,-23.16,0.0
36.75,92.4167,16.21,-22.7,0.0
36.75,92.5833,19.42,-21.39,0.0
36.75,92.75,21.81,-20.9,0.0
36.75,92.9167,21.64,-20.76,0.0
36.75,93.0833,22.33,-20.67,0.0
36.75,93.25,23.04,-20.56,0.0
36.75,93.4167,23.52,-20.47,0.0
36.75,93.5833,24.23,-19.85,0.0
36.75,93.75,25.0,-19.37,0.0
36.75,93.9167,25.48,-18.63,0.48
36.75,94.0833,26.02,-18.95,1.02
36.75,94.25,26.25,-18.75,1.25
36.75,94.4167,26.61,-18.14,1.61
36.75,94.5833,26.39,-17.68,1.39
36.75,94.75,25.95,-17.15,0.95
36.75,94.9167,25.97,-17.2,0.97
36.75,95.0833,26.03,-16.93,1.03
36.75,95.25,25.07,-15.67,0.07
36.75,95.4167,25.61,-16.15,0.61
36.75,95.5833,25.55,-16.08,0.55
36.75,95.75,25.1,-15.82,0.1
36.75,95.9167,25.6,-16.85,0.6
36.75,96.0833,26.28,-17.71,1.28
36.75,96.25,26.02,-17.14,1.02
36.75,96.4167,25.81,-16.56,0.81
36.75,96.5833,25.54,-16.42,0.54
36.75,96.75,25.3,-16.83,0.3
36.75,96.9167,25.33,-17.32,0.33
36.5833,68.0833,38.93,-2.98,13.93
36.5833,68.25,39.97,-2.7,14.97
36.5833,68.4167,40.82,-2.52,15.82
36.5833,68.5833,40.2,-2.83,15.2
36.5833,68.75,39.55,-3.01,14.55
36.5833,68.9167,40.47,-2.62,15.47
36.5833,69.0833,38.71,-2.86,13.71
36.5833,69.25,35.75,-3.95,10.75
36.5833,69.4167,36.51,-3.69,11.51
36.5833,69.5833,33.85,-4.56,8.85
36.5833,69.75,32.12,-5.5,7.12
36.5833,69.9167,31.02,-6.14,6.02
36.5833,70.0833,22.79,-10.57,0.0
36.5833,70.25,28.38,-7.63,3.38
36.5833,70.4167,22.05,-11.34,0.0
36.5833,70.5833,16.34,-15.54,0.0
36.5833,70.75,23.67,-10.8,0.0
36.5833,70.9167,26.19,-9.32,1.19
36.5833,71.0833,19.45,-13.98,0.0
36.5833,71.25,18.41,-15.22,0.0
36.5833,71.4167,21.95,-13.14,0.0
36.5833,71.5833,15.56,-18.58,0.0
36.5833,71.75,15.45,-18.52,0.0
36.5833,71.9167,9.99,-23.18,0.0
36.5833,72.0833,7.54,-25.83,0.0
36.5833,72.25,12.48,-21.96,0.0
36.5833,72.4167,21.1,-15.2,0.0
36.5833,72.5833,19.28,-17.59,0.0
36.5833,72.75,16.94,-18.89,0.0
36.5833,72.9167,17.14,-18.7,0.0
36.5833,73.0833,13.98,-21.69,0.0
36.5833,73.25,16.92,-19.48,0.0
36.5833,73.4167,19.49,-17.51,0.0
36.5833,73.5833,15.19,-21.87,0.0
36.5833,73.75,19.05,-17.93,0.0
36.5833,73.9167,18.45,-18.14,0.0
36.5833,74.0833,17.12,-19.74,0.0
36.5833,74.25,11.0,-25.3,0.0
36.5833,74.4167,8.73,-27.51,0.0
36.5833,74.5833,12.41,-25.01,0.0
36.5833,74.75,18.05,-19.41,0.0
36.5833,74.9167,19.51,-18.22,0.0
36.5833,75.0833,14.37,-23.45,0.0
36.5833,75.25,12.57,-25.65,0.0
36.5833,75.4167,12.18,-26.84,0.0
36.5833,75.5833,9.07,-29.04,0.0
36.5833,75.75,8.52,-28.94,0.0
36.5833,75.9167,16.31,-21.51,0.0
36.5833,76.0833,18.84,-19.8,0.0
36.5833,76.25,18.64,-20.2,0.0
36.5833,76.4167,16.73,-22.15,0.0
36.5833,76.5833,9.42,-27.68,0.0
36.5833,76.75,11.22,-26.52,0.0
36.5833,76.9167,11.32,-26.09,0.0
36.5833,77.0833,11.75,-25.53,0.0
36.5833,77.25,10.62,-26.5,0.0
36.5833,77.4167,8.73,-28.15,0.0
36.5833,77.5833,8.61,-28.66,0.0
36.5833,77.75,10.27,-27.78,0.0
36.5833,77.9167,13.1,-25.15,0.0
36.5833,78.0833,15.2,-22.93,0.0
36.5833,78.25,16.5,-21.81,0.0
36.5833,78.4167,15.99,-21.9,0.0
36.5833,78.5833,19.67,-18.49,0.0
36.5833,78.75,21.13,-17.16,0.0
36.5833,78.9167,23.17,-15.24,0.0
36.5833,79.0833,26.29,-13.36,1.29
36.5833,79.25,25.37,-13.81,0.37
36.5833,79.4167,25.66,-13.71,0.66
36.5833,79.5833,25.22,-14.18,0.22
36.5833,79.75,26.36,-13.57,1.36
36.5833,79.9167,27.6,-13.04,2.6
36.5833,80.0833,21.35,-17.53,0.0
36.5833,80.25,18.08,-20.15,0.0
36.5833,80.4167,21.28,-17.57,0.0
36.5833,80.5833,27.82,-13.67,2.82
36.5833,80.75,30.76,-12.18,5.76
36.5833,80.9167,32.18,-11.54,7.18
36.5833,81.0833,32.56,-11.24,7.56
36.5833,81.25,32.81,-11.63,7.81
36.5833,81.4167,32.51,-11.92,7.51
36.5833,81.5833,32.39,-11.85,7.39
36.5833,81.75,32.26,-12.39,7.26
36.5833,81.9167,30.73,-13.14,5.73
36.5833,82.0833,29.23,-14.13,4.23
36.5833,82.25,26.89,-15.73,1.89
36.5833,82.4167,23.61,-17.9,0.0
36.5833,82.5833,22.79,-18.51,0.0
36.5833,82.75,24.23,-17.37,0.0
36.5833,82.9167,22.96,-18.44,0.0
36.5833,83.0833,21.65,-19.16,0.0
36.5833,83.25,20.21,-20.07,0.0
36.5833,83.4167,17.69,-21.77,0.0
36.5833,83.5833,18.22,-21.63,0.0
36.5833,83.75,17.17,-22.51,0.0
36.5833,83.9167,14.42,-24.69,0.0
36.5833,84.0833,13.06,-26.32,0.0
36.5833,84.25,15.16,-25.59,0.0
36.5833,84.4167,14.87,-26.29,0.0
36.5833,84.5833,16.16,-26.12,0.0
36.5833,84.75,16.78,-26.09,0.0
36.5833,84.9167,16.11,-27.03,0.0
36.5833,85.0833,16.03,-27.44,0.0
36.5833,85.25,15.06,-28.15,0.0
36.5833,85.4167,13.98,-28.74,0.0
36.5833,85.5833,13.6,-28.83,0.0
36.5833,85.75,14.01,-28.43,0.0
36.5833,85.9167,13.82,-28.54,0.0
36.5833,86.0833,13.76,-28.54,0.0
36.5833,86.25,13.49,-28.41,0.0
36.5833,86.4167,13.35,-28.2,0.0
36.5833,86.5833,12.5,-28.53,0.0
36.5833,86.75,12.67,-27.95,0.0
36.5833,86.9167,11.49,-28.59,0.0
36.5833,87.0833,10.91,-28.54,0.0
36.5833,87.25,10.87,-28.35,0.0
36.5833,87.4167,8.06,-29.91,0.0
36.5833,87.5833,8.79,-29.15,0.0
36.5833,87.75,10.6,-27.74,0.0
36.5833,87.9167,11.11,-27.68,0.0
36.5833,88.0833,10.26,-28.05,0.0
36.5833,88.25,10.79,-27.82,0.0
36.5833,88.4167,9.82,-28.25,0.0
36.5833,88.5833,10.08,-27.87,0.0
36.5833,88.75,10.42,-27.54,0.0
36.5833,88.9167,11.35,-27.34,0.0
36.5833,89.0833,11.84,-27.64,0.0
36.5833,89.25,11.19,-27.98,0.0
36.5833,89.4167,9.64,-28.0,0.0
36.5833,89.5833,9.0,-27.62,0.0
36.5833,89.75,9.98,-26.72,0.0
36.5833,89.9167,10.77,-26.57,0.0
36.5833,90.0833,10.85,-26.87,0.0
36.5833,90.25,9.99,-27.33,0.0
36.5833,90.4167,10.7,-27.04,0.0
36.5833,90.5833,10.59,-27.3,0.0
36.5833,90.75,9.37,-27.98,0.0
36.5833,90.9167,9.42,-28.1,0.0
36.5833,91.0833,7.43,-28.8,0.0
36.5833,91.25,7.04,-28.19,0.0
36.5833,91.4167,10.56,-25.72,0.0
36.5833,91.5833,13.72,-23.9,0.0
36.5833,91.75,16.25,-23.11,0.0
36.5833,91.9167,17.8,-22.44,0.0
36.5833,92.0833,18.57,-21.99,0.0
36.5833,92.25,19.54,-21.71,0.0
36.5833,92.4167,20.13,-21.53,0.0
36.5833,92.5833,20.09,-21.21,0.0
36.5833,92.75,18.63,-21.94,0.0
36.5833,92.9167,17.01,-22.38,0.0
36.5833,93.0833,19.24,-21.47,0.0
36.5833,93.25,21.3,-21.22,0.0
36.5833,93.4167,22.96,-20.87,0.0
36.5833,93.5833,23.17,-20.28,0.0
36.5833,93.75,24.93,-19.81,0.0
36.5833,93.9167,25.43,-19.19,0.43
36.5833,94.0833,25.89,-19.02,0.89
36.5833,94.25,26.23,-18.57,1.23
36.5833,94.4167,26.33,-18.05,1.33
36.5833,94.5833,26.26,-17.71,1.26
36.5833,94.75,25.54,-17.32,0.54
36.5833,94.9167,25.54,-17.22,0.54
36.5833,95.0833,25.82,-17.36,0.82
36.5833,95.25,25.8,-16.89,0.8
36.5833,95.4167,26.26,-17.02,1.26
36.5833,95.5833,26.28,-16.8,1.28
36.5833,95.75,26.01,-16.68,1.01
36.5833,95.9167,26.05,-16.88,1.05
36.5833,96.0833,25.98,-16.74,0.98
36.5833,96.25,25.68,-17.17,0.68
36.5833,96.4167,25.67,-17.26,0.67
36.5833,96.5833,25.73,-16.55,0.73
36.5833,96.75,25.61,-15.93,0.61
36.5833,96.9167,25.61,-15.93,0.61
36.4167,68.0833,35.42,-4.59,10.42
36.4167,68.25,35.97,-4.34,10.97
36.4167,68.4167,39.1,-3.34,14.1
36.4167,68.5833,40.55,-3.07,15.55
36.4167,68.75,40.21,-2.84,15.21
36.4167,68.9167,39.24,-3.14,14.24
36.4167,69.0833,36.33,-4.12,11.33
36.4167,69.25,35.5,-4.45,10.5
36.4167,69.4167,33.36,-5.26,8.36
36.4167,69.5833,28.76,-7.14,3.76
36.4167,69.75,21.76,-11.14,0.0
36.4167,69.9167,26.39,-8.15,1.39
36.4167,70.0833,19.74,-12.59,0.0
36.4167,70.25,18.51,-13.86,0.0
36.4167,70.4167,14.39,-16.63,0.0
36.4167,70.5833,12.52,-18.44,0.0
36.4167,70.75,23.8,-10.4,0.0
36.4167,70.9167,16.72,-15.51,0.0
36.4167,71.0833,13.74,-18.54,0.0
36.4167,71.25,17.14,-16.2,0.0
36.4167,71.4167,15.78,-17.35,0.0
36.4167,71.5833,12.46,-20.75,0.0
36.4167,71.75,8.71,-24.3,0.0
36.4167,71.9167,7.22,-25.44,0.0
36.4167,72.0833,15.59,-19.04,0.0
36.4167,72.25,20.44,-14.98,0.0
36.4167,72.4167,25.34,-11.6,0.34
36.4167,72.5833,21.79,-14.1,0.0
36.4167,72.75,18.14,-17.6,0.0
36.4167,72.9167,13.79,-22.3,0.0
36.4167,73.0833,15.74,-20.91,0.0
36.4167,73.25,21.09,-15.76,0.0
36.4167,73.4167,23.23,-13.29,0.0
36.4167,73.5833,16.23,-20.49,0.0
36.4167,73.75,19.96,-16.5,0.0
36.4167,73.9167,22.85,-13.76,0.0
36.4167,74.0833,13.27,-23.27,0.0
36.4167,74.25,19.19,-17.53,0.0
36.4167,74.4167,13.22,-23.37,0.0
36.4167,74.5833,12.7,-23.72,0.0
36.4167,74.75,13.07,-23.33,0.0
36.4167,74.9167,20.45,-16.75,0.0
36.4167,75.0833,12.93,-25.0,0.0
36.4167,75.25,14.37,-23.68,0.0
36.4167,75.4167,17.59,-21.16,0.0
36.4167,75.5833,12.39,-26.28,0.0
36.4167,75.75,11.49,-26.59,0.0
36.4167,75.9167,13.05,-24.66,0.0
36.4167,76.0833,15.78,-22.62,0.0
36.4167,76.25,12.09,-25.6,0.0
36.4167,76.4167,12.59,-25.09,0.0
36.4167,76.5833,15.19,-23.2,0.0
36.4167,76.75,17.5,-21.89,0.0
36.4167,76.9167,14.64,-24.35,0.0
36.4167,77.0833,15.72,-24.15,0.0
36.4167,77.25,14.23,-25.31,0.0
36.4167,77.4167,14.05,-25.4,0.0
36.4167,77.5833,11.12,-27.99,0.0
36.4167,77.75,13.35,-26.12,0.0
36.4167,77.9167,16.18,-23.25,0.0
36.4167,78.0833,14.59,-24.23,0.0
36.4167,78.25,11.02,-26.22,0.0
36.4167,78.4167,15.09,-22.47,0.0
36.4167,78.5833,15.19,-22.28,0.0
36.4167,78.75,11.25,-25.5,0.0
36.4167,78.9167,16.8,-19.87,0.0
36.4167,79.0833,21.24,-16.43,0.0
36.4167,79.25,20.22,-17.32,0.0
36.4167,79.4167,16.69,-20.22,0.0
36.4167,79.5833,20.17,-17.29,0.0
36.4167,79.75,23.83,-14.85,0.0
36.4167,79.9167,25.73,-15.63,0.73
36.4167,80.0833,25.16,-16.1,0.16
36.4167,80.25,20.29,-18.91,0.0
36.4167,80.4167,21.99,-17.14,0.0
36.4167,80.5833,27.83,-13.92,2.83
36.4167,80.75,29.02,-13.54,4.02
36.4167,80.9167,30.79,-12.63,5.79
36.4167,81.0833,31.26,-12.26,6.26
36.4167,81.25,31.14,-12.5,6.14
36.4167,81.4167,30.47,-12.9,5.47
36.4167,81.5833,28.55,-13.87,3.55
36.4167,81.75,28.37,-13.79,3.37
36.4167,81.9167,25.68,-15.19,0.68
36.4167,82.0833,20.26,-18.54,0.0
36.4167,82.25,15.49,-22.58,0.0
36.4167,82.4167,15.03,-23.35,0.0
36.4167,82.5833,12.55,-25.51,0.0
36.4167,82.75,16.41,-22.25,0.0
36.4167,82.9167,14.57,-23.79,0.0
36.4167,83.0833,12.13,-26.14,0.0
36.4167,83.25,12.75,-26.35,0.0
36.4167,83.4167,13.42,-26.16,0.0
36.4167,83.5833,12.03,-27.32,0.0
36.4167,83.75,12.74,-27.0,0.0
36.4167,83.9167,12.64,-28.38,0.0
36.4167,84.0833,12.3,-29.16,0.0
36.4167,84.25,13.51,-28.33,0.0
36.4167,84.4167,14.33,-28.06,0.0
36.4167,84.5833,14.64,-28.03,0.0
36.4167,84.75,14.88,-27.94,0.0
36.4167,84.9167,15.15,-27.65,0.0
36.4167,85.0833,15.08,-27.52,0.0
36.4167,85.25,14.66,-27.59,0.0
36.4167,85.4167,14.45,-27.72,0.0
36.4167,85.5833,13.53,-28.18,0.0
36.4167,85.75,12.55,-28.67,0.0
36.4167,85.9167,11.91,-28.99,0.0
36.4167,86.0833,12.07,-28.75,0.0
36.4167,86.25,12.32,-28.54,0.0
36.4167,86.4167,12.2,-28.61,0.0
36.4167,86.5833,11.45,-28.91,0.0
36.4167,86.75,11.06,-29.06,0.0
36.4167,86.9167,10.13,-29.66,0.0
36.4167,87.0833,8.89,-30.24,0.0
36.4167,87.25,5.57,-31.98,0.0
36.4167,87.4167,4.11,-32.02,0.0
36.4167,87.5833,8.97,-29.19,0.0
36.4167,87.75,10.31,-28.62,0.0
36.4167,87.9167,10.15,-28.59,0.0
36.4167,88.0833,10.51,-28.47,0.0
36.4167,88.25,10.59,-28.66,0.0
36.4167,88.4167,10.56,-28.9,0.0
36.4167,88.5833,9.84,-29.16,0.0
36.4167,88.75,9.77,-28.4,0.0
36.4167,88.9167,10.15,-27.94,0.0
36.4167,89.0833,10.47,-27.45,0.0
36.4167,89.25,11.24,-26.57,0.0
36.4167,89.4167,10.83,-26.5,0.0
36.4167,89.5833,10.56,-27.86,0.0
36.4167,89.75,9.17,-28.25,0.0
36.4167,89.9167,8.54,-27.95,0.0
36.4167,90.0833,10.31,-27.05,0.0
36.4167,90.25,10.14,-27.28,0.0
36.4167,90.4167,10.26,-27.4,0.0
36.4167,90.5833,9.92,-27.65,0.0
36.4167,90.75,9.77,-27.72,0.0
36.4167,90.9167,9.81,-27.98,0.0
36.4167,91.0833,10.17,-27.44,0.0
36.4167,91.25,10.54,-27.03,0.0
36.4167,91.4167,10.65,-26.04,0.0
36.4167,91.5833,11.69,-25.11,0.0
36.4167,91.75,12.1,-24.75,0.0
36.4167,91.9167,12.29,-24.87,0.0
36.4167,92.0833,13.5,-23.92,0.0
36.4167,92.25,17.19,-22.17,0.0
36.4167,92.4167,15.39,-22.9,0.0
36.4167,92.5833,15.94,-22.92,0.0
36.4167,92.75,16.71,-22.54,0.0
36.4167,92.9167,15.98,-23.14,0.0
36.4167,93.0833,15.3,-23.16,0.0
36.4167,93.25,16.99,-21.98,0.0
36.4167,93.4167,19.59,-20.99,0.0
36.4167,93.5833,21.33,-20.54,0.0
36.4167,93.75,23.54,-19.87,0.0
36.4167,93.9167,24.81,-19.23,0.0
36.4167,94.0833,25.48,-18.77,0.48
36.4167,94.25,25.97,-18.28,0.97
36.4167,94.4167,25.99,-17.78,0.99
36.4167,94.5833,25.15,-17.26,0.15
36.4167,94.75,24.66,-16.53,0.0
36.4167,94.9167,24.87,-16.43,0.0
36.4167,95.0833,25.25,-17.05,0.25
36.4167,95.25,25.37,-17.16,0.37
36.4167,95.4167,25.47,-17.24,0.47
36.4167,95.5833,25.44,-17.06,0.44
36.4167,95.75,25.11,-17.18,0.11
36.4167,95.9167,25.22,-17.28,0.22
36.4167,96.0833,25.46,-17.01,0.46
36.4167,96.25,24.87,-17.2,0.0
36.4167,96.4167,24.53,-17.17,0.0
36.4167,96.5833,25.31,-17.28,0.31
36.4167,96.75,25.38,-16.44,0.38
36.4167,96.9167,25.51,-16.64,0.51
36.25,68.0833,34.41,-5.03,9.41
36.25,68.25,34.6,-5.05,9.6
36.25,68.4167,36.22,-4.21,11.22
36.25,68.5833,39.51,-3.37,14.51
36.25,68.75,39.65,-2.58,14.65
36.25,68.9167,38.22,-3.52,13.22
36.25,69.0833,35.71,-4.66,10.71
36.25,69.25,33.45,-5.29,8.45
36.25,69.4167,22.77,-9.71,0.0
36.25,69.5833,25.73,-8.4,0.73
36.25,69.75,15.05,-15.26,0.0
36.25,69.9167,23.91,-9.94,0.0
36.25,70.0833,21.95,-11.09,0.0
36.25,70.25,15.1,-16.12,0.0
36.25,70.4167,9.12,-21.61,0.0
36.25,70.5833,14.22,-17.38,0.0
36.25,70.75,18.89,-13.17,0.0
36.25,70.9167,9.94,-21.26,0.0
36.25,71.0833,12.29,-20.04,0.0
36.25,71.25,12.98,-19.82,0.0
36.25,71.4167,11.74,-20.87,0.0
36.25,71.5833,16.65,-17.46,0.0
36.25,71.75,14.18,-19.51,0.0
36.25,71.9167,11.06,-21.68,0.0
36.25,72.0833,23.17,-12.38,0.0
36.25,72.25,27.28,-8.96,2.28
36.25,72.4167,21.83,-13.28,0.0
36.25,72.5833,19.76,-16.18,0.0
36.25,72.75,17.17,-19.49,0.0
36.25,72.9167,17.33,-18.55,0.0
36.25,73.0833,16.43,-19.25,0.0
36.25,73.25,19.65,-16.03,0.0
36.25,73.4167,22.65,-12.84,0.0
36.25,73.5833,23.05,-12.54,0.0
36.25,73.75,27.53,-8.39,2.53
36.25,73.9167,18.88,-17.6,0.0
36.25,74.0833,16.14,-20.36,0.0
36.25,74.25,23.37,-12.79,0.0
36.25,74.4167,23.86,-12.21,0.0
36.25,74.5833,23.12,-13.49,0.0
36.25,74.75,23.71,-13.67,0.0
36.25,74.9167,17.95,-20.0,0.0
36.25,75.0833,9.08,-27.91,0.0
36.25,75.25,5.23,-31.05,0.0
36.25,75.4167,10.1,-27.27,0.0
36.25,75.5833,11.0,-26.76,0.0
36.25,75.75,11.28,-26.49,0.0
36.25,75.9167,10.15,-27.6,0.0
36.25,76.0833,7.64,-29.46,0.0
36.25,76.25,13.85,-24.51,0.0
36.25,76.4167,9.36,-28.07,0.0
36.25,76.5833,12.76,-25.54,0.0
36.25,76.75,13.44,-25.02,0.0
36.25,76.9167,13.35,-25.73,0.0
36.25,77.0833,11.43,-27.98,0.0
36.25,77.25,11.03,-28.17,0.0
36.25,77.4167,11.18,-27.71,0.0
36.25,77.5833,14.36,-25.72,0.0
36.25,77.75,12.44,-27.41,0.0
36.25,77.9167,11.89,-27.4,0.0
36.25,78.0833,12.49,-26.37,0.0
36.25,78.25,15.61,-24.06,0.0
36.25,78.4167,15.13,-24.32,0.0
36.25,78.5833,14.85,-24.6,0.0
36.25,78.75,13.49,-25.23,0.0
36.25,78.9167,13.6,-24.49,0.0
36.25,79.0833,11.19,-25.35,0.0
36.25,79.25,11.66,-24.56,0.0
36.25,79.4167,13.02,-23.55,0.0
36.25,79.5833,18.06,-19.14,0.0
36.25,79.75,22.49,-16.11,0.0
36.25,79.9167,23.04,-17.05,0.0
36.25,80.0833,21.02,-18.62,0.0
36.25,80.25,20.61,-18.51,0.0
36.25,80.4167,23.5,-16.46,0.0
36.25,80.5833,24.2,-16.11,0.0
36.25,80.75,26.22,-14.8,1.22
36.25,80.9167,26.65,-14.77,1.65
36.25,81.0833,27.09,-14.08,2.09
36.25,81.25,25.94,-14.86,0.94
36.25,81.4167,25.17,-15.4,0.17
36.25,81.5833,24.34,-15.96,0.0
36.25,81.75,21.83,-17.3,0.0
36.25,81.9167,16.51,-21.34,0.0
36.25,82.0833,10.35,-27.3,0.0
36.25,82.25,12.39,-25.85,0.0
36.25,82.4167,10.68,-27.88,0.0
36.25,82.5833,11.02,-27.75,0.0
36.25,82.75,13.15,-26.44,0.0
36.25,82.9167,11.81,-28.31,0.0
36.25,83.0833,12.66,-28.51,0.0
36.25,83.25,13.07,-28.91,0.0
36.25,83.4167,13.17,-29.5,0.0
36.25,83.5833,13.2,-29.48,0.0
36.25,83.75,13.18,-29.54,0.0
36.25,83.9167,13.19,-29.22,0.0
36.25,84.0833,13.47,-29.03,0.0
36.25,84.25,13.37,-28.88,0.0
36.25,84.4167,13.87,-28.49,0.0
36.25,84.5833,14.37,-28.12,0.0
36.25,84.75,13.99,-28.31,0.0
36.25,84.9167,13.16,-28.62,0.0
36.25,85.0833,13.25,-28.6,0.0
36.25,85.25,11.87,-29.09,0.0
36.25,85.4167,11.69,-28.87,0.0
36.25,85.5833,11.21,-29.14,0.0
36.25,85.75,11.75,-29.18,0.0
36.25,85.9167,11.41,-29.29,0.0
36.25,86.0833,11.75,-29.01,0.0
36.25,86.25,11.24,-29.2,0.0
36.25,86.4167,10.48,-29.25,0.0
36.25,86.5833,9.9,-29.62,0.0
36.25,86.75,9.88,-29.62,0.0
36.25,86.9167,9.96,-29.46,0.0
36.25,87.0833,10.42,-29.42,0.0
36.25,87.25,9.68,-29.54,0.0
36.25,87.4167,10.37,-29.14,0.0
36.25,87.5833,10.51,-29.04,0.0
36.25,87.75,11.03,-28.68,0.0
36.25,87.9167,11.56,-28.47,0.0
36.25,88.0833,11.85,-28.03,0.0
36.25,88.25,11.55,-27.89,0.0
36.25,88.4167,11.11,-28.37,0.0
36.25,88.5833,10.93,-28.58,0.0
36.25,88.75,10.54,-28.44,0.0
36.25,88.9167,11.18,-28.26,0.0
36.25,89.0833,10.56,-28.0,0.0
36.25,89.25,10.3,-27.66,0.0
36.25,89.4167,10.79,-26.49,0.0
36.25,89.5833,11.35,-26.22,0.0
36.25,89.75,11.28,-27.45,0.0
36.25,89.9167,10.15,-27.8,0.0
36.25,90.0833,9.7,-27.93,0.0
36.25,90.25,8.66,-28.43,0.0
36.25,90.4167,9.24,-27.77,0.0
36.25,90.5833,9.93,-27.34,0.0
36.25,90.75,9.95,-27.35,0.0
36.25,90.9167,9.7,-27.83,0.0
36.25,91.0833,8.86,-28.26,0.0
36.25,91.25,9.03,-27.8,0.0
36.25,91.4167,9.9,-27.2,0.0
36.25,91.5833,9.03,-27.59,0.0
36.25,91.75,9.23,-27.06,0.0
36.25,91.9167,8.04,-27.43,0.0
36.25,92.0833,9.56,-26.04,0.0
36.25,92.25,13.82,-23.23,0.0
36.25,92.4167,13.39,-23.6,0.0
36.25,92.5833,12.86,-24.81,0.0
36.25,92.75,11.9,-25.3,0.0
36.25,92.9167,10.98,-25.39,0.0
36.25,93.0833,10.83,-25.43,0.0
36.25,93.25,10.86,-25.18,0.0
36.25,93.4167,12.46,-24.04,0.0
36.25,93.5833,15.09,-22.54,0.0
36.25,93.75,15.72,-22.08,0.0
36.25,93.9167,18.9,-20.44,0.0
36.25,94.0833,19.54,-19.93,0.0
36.25,94.25,21.3,-18.93,0.0
36.25,94.4167,17.22,-21.16,0.0
36.25,94.5833,22.03,-18.5,0.0
36.25,94.75,24.77,-17.37,0.0
36.25,94.9167,22.04,-18.32,0.0
36.25,95.0833,22.28,-18.08,0.0
36.25,95.25,21.81,-18.33,0.0
36.25,95.4167,21.16,-18.57,0.0
36.25,95.5833,19.34,-19.57,0.0
36.25,95.75,21.86,-18.07,0.0
36.25,95.9167,20.87,-18.39,0.0
36.25,96.0833,19.21,-19.83,0.0
36.25,96.25,21.17,-18.35,0.0
36.25,96.4167,23.2,-17.74,0.0
36.25,96.5833,23.88,-17.64,0.0
36.25,96.75,23.82,-17.34,0.0
36.25,96.9167,24.6,-16.88,0.0
36.0833,68.0833,31.61,-6.5,6.61
36.0833,68.25,31.7,-6.58,6.7
36.0833,68.4167,32.28,-5.97,7.28
36.0833,68.5833,39.24,-2.87,14.24
36.0833,68.75,38.71,-3.13,13.71
36.0833,68.9167,37.0,-4.04,12.0
36.0833,69.0833,36.28,-4.19,11.28
36.0833,69.25,30.47,-6.15,5.47
36.0833,69.4167,25.71,-8.28,0.71
36.0833,69.5833,29.97,-6.7,4.97
36.0833,69.75,22.29,-10.95,0.0
36.0833,69.9167,15.95,-14.83,0.0
36.0833,70.0833,16.91,-14.55,0.0
36.0833,70.25,17.94,-13.59,0.0
36.0833,70.4167,11.64,-19.19,0.0
36.0833,70.5833,14.13,-17.37,0.0
36.0833,70.75,19.43,-13.19,0.0
36.0833,70.9167,15.95,-16.76,0.0
36.0833,71.0833,12.66,-19.81,0.0
36.0833,71.25,13.52,-19.43,0.0
36.0833,71.4167,15.96,-17.72,0.0
36.0833,71.5833,20.33,-14.29,0.0
36.0833,71.75,23.15,-11.6,0.0
36.0833,71.9167,22.41,-12.65,0.0
36.0833,72.0833,26.48,-8.82,1.48
36.0833,72.25,13.73,-20.45,0.0
36.0833,72.4167,18.0,-16.85,0.0
36.0833,72.5833,17.07,-19.19,0.0
36.0833,72.75,17.41,-18.79,0.0
36.0833,72.9167,17.27,-18.42,0.0
36.0833,73.0833,18.39,-17.47,0.0
36.0833,73.25,17.66,-18.14,0.0
36.0833,73.4167,17.51,-18.6,0.0
36.0833,73.5833,15.97,-20.2,0.0
36.0833,73.75,20.41,-15.63,0.0
36.0833,73.9167,25.28,-10.54,0.28
36.0833,74.0833,25.29,-10.69,0.29
36.0833,74.25,28.67,-7.34,3.67
36.0833,74.4167,17.46,-18.4,0.0
36.0833,74.5833,14.35,-21.71,0.0
36.0833,74.75,11.18,-25.39,0.0
36.0833,74.9167,11.11,-26.02,0.0
36.0833,75.0833,13.22,-24.55,0.0
36.0833,75.25,12.75,-25.47,0.0
36.0833,75.4167,9.32,-28.11,0.0
36.0833,75.5833,7.25,-29.78,0.0
36.0833,75.75,6.11,-30.72,0.0
36.0833,75.9167,7.53,-29.66,0.0
36.0833,76.0833,8.19,-29.35,0.0
36.0833,76.25,9.21,-28.31,0.0
36.0833,76.4167,15.34,-23.48,0.0
36.0833,76.5833,12.32,-25.73,0.0
36.0833,76.75,9.32,-28.34,0.0
36.0833,76.9167,10.81,-27.83,0.0
36.0833,77.0833,9.0,-30.38,0.0
36.0833,77.25,11.69,-28.71,0.0
36.0833,77.4167,11.71,-28.27,0.0
36.0833,77.5833,14.05,-26.36,0.0
36.0833,77.75,14.43,-26.26,0.0
36.0833,77.9167,14.54,-26.58,0.0
36.0833,78.0833,12.4,-28.51,0.0
36.0833,78.25,10.02,-29.44,0.0
36.0833,78.4167,11.41,-28.41,0.0
36.0833,78.5833,12.4,-27.55,0.0
36.0833,78.75,12.15,-27.12,0.0
36.0833,78.9167,12.48,-26.64,0.0
36.0833,79.0833,14.98,-25.33,0.0
36.0833,79.25,8.82,-29.45,0.0
36.0833,79.4167,6.08,-30.98,0.0
36.0833,79.5833,8.36,-27.91,0.0
36.0833,79.75,14.02,-22.46,0.0
36.0833,79.9167,17.4,-19.65,0.0
36.0833,80.0833,11.78,-24.73,0.0
36.0833,80.25,12.39,-24.23,0.0
36.0833,80.4167,17.68,-19.99,0.0
36.0833,80.5833,17.61,-20.43,0.0
36.0833,80.75,19.96,-18.46,0.0
36.0833,80.9167,21.57,-17.45,0.0
36.0833,81.0833,19.48,-19.18,0.0
36.0833,81.25,18.86,-19.45,0.0
36.0833,81.4167,17.7,-20.02,0.0
36.0833,81.5833,14.1,-23.12,0.0
36.0833,81.75,14.73,-22.71,0.0
36.0833,81.9167,15.4,-23.66,0.0
36.0833,82.0833,15.19,-25.78,0.0
36.0833,82.25,13.14,-28.13,0.0
36.0833,82.4167,16.2,-27.11,0.0
36.0833,82.5833,16.03,-26.93,0.0
36.0833,82.75,15.55,-27.32,0.0
36.0833,82.9167,14.29,-28.57,0.0
36.0833,83.0833,14.13,-29.01,0.0
36.0833,83.25,13.02,-29.46,0.0
36.0833,83.4167,11.41,-30.02,0.0
36.0833,83.5833,11.61,-29.8,0.0
36.0833,83.75,12.17,-29.83,0.0
36.0833,83.9167,12.06,-29.84,0.0
36.0833,84.0833,12.66,-29.32,0.0
36.0833,84.25,13.06,-29.27,0.0
36.0833,84.4167,13.06,-28.86,0.0
36.0833,84.5833,13.53,-28.51,0.0
36.0833,84.75,13.4,-28.75,0.0
36.0833,84.9167,12.84,-28.86,0.0
36.0833,85.0833,12.81,-28.89,0.0
36.0833,85.25,12.95,-28.73,0.0
36.0833,85.4167,12.83,-28.92,0.0
36.0833,85.5833,12.48,-29.02,0.0
36.0833,85.75,12.2,-28.8,0.0
36.0833,85.9167,12.83,-28.33,0.0
36.0833,86.0833,12.72,-28.2,0.0
36.0833,86.25,12.47,-28.43,0.0
36.0833,86.4167,12.22,-28.42,0.0
36.0833,86.5833,11.57,-28.86,0.0
36.0833,86.75,11.86,-28.26,0.0
36.0833,86.9167,12.12,-28.16,0.0
36.0833,87.0833,12.75,-28.23,0.0
36.0833,87.25,12.55,-28.39,0.0
36.0833,87.4167,12.31,-28.32,0.0
36.0833,87.5833,12.74,-28.22,0.0
36.0833,87.75,12.74,-28.24,0.0
36.0833,87.9167,12.34,-28.13,0.0
36.0833,88.0833,11.89,-27.89,0.0
36.0833,88.25,11.68,-28.02,0.0
36.0833,88.4167,11.46,-27.96,0.0
36.0833,88.5833,11.24,-27.81,0.0
36.0833,88.75,11.37,-27.54,0.0
36.0833,88.9167,11.6,-27.52,0.0
36.0833,89.0833,11.36,-27.9,0.0
36.0833,89.25,10.6,-27.77,0.0
36.0833,89.4167,10.03,-27.98,0.0
36.0833,89.5833,10.62,-27.27,0.0
36.0833,89.75,10.45,-27.48,0.0
36.0833,89.9167,9.6,-27.89,0.0
36.0833,90.0833,8.22,-28.47,0.0
36.0833,90.25,9.39,-27.88,0.0
36.0833,90.4167,9.7,-27.78,0.0
36.0833,90.5833,9.37,-28.0,0.0
36.0833,90.75,8.13,-28.45,0.0
36.0833,90.9167,5.0,-29.96,0.0
36.0833,91.0833,6.85,-28.8,0.0
36.0833,91.25,8.63,-27.89,0.0
36.0833,91.4167,9.18,-27.61,0.0
36.0833,91.5833,9.02,-27.45,0.0
36.0833,91.75,10.38,-26.49,0.0
36.0833,91.9167,11.26,-25.82,0.0
36.0833,92.0833,12.24,-24.91,0.0
36.0833,92.25,13.59,-23.6,0.0
36.0833,92.4167,13.01,-24.0,0.0
36.0833,92.5833,11.93,-25.17,0.0
36.0833,92.75,11.34,-25.65,0.0
36.0833,92.9167,11.87,-25.57,0.0
36.0833,93.0833,11.99,-25.31,0.0
36.0833,93.25,11.7,-25.41,0.0
36.0833,93.4167,12.6,-25.06,0.0
36.0833,93.5833,11.9,-25.42,0.0
36.0833,93.75,10.89,-25.46,0.0
36.0833,93.9167,12.16,-24.33,0.0
36.0833,94.0833,12.54,-23.99,0.0
36.0833,94.25,13.27,-23.37,0.0
36.0833,94.4167,13.62,-23.46,0.0
36.0833,94.5833,17.18,-21.39,0.0
36.0833,94.75,21.6,-18.78,0.0
36.0833,94.9167,18.54,-19.89,0.0
36.0833,95.0833,13.93,-22.86,0.0
36.0833,95.25,14.61,-22.62,0.0
36.0833,95.4167,15.13,-22.39,0.0
36.0833,95.5833,16.89,-22.03,0.0
36.0833,95.75,17.28,-21.79,0.0
36.0833,95.9167,17.3,-21.4,0.0
36.0833,96.0833,14.14,-24.33,0.0
36.0833,96.25,15.1,-22.6,0.0
36.0833,96.4167,18.23,-20.07,0.0
36.0833,96.5833,15.75,-21.62,0.0
36.0833,96.75,16.99,-21.04,0.0
36.0833,96.9167,18.92,-19.69,0.0
35.9167,68.0833,30.01,-7.98,5.01
35.9167,68.25,26.09,-10.03,1.09
35.9167,68.4167,31.52,-6.08,6.52
35.9167,68.5833,39.38,-2.99,14.38
35.9167,68.75,38.17,-3.25,13.17
35.9167,68.9167,35.06,-4.77,10.06
35.9167,69.0833,30.94,-6.52,5.94
35.9167,69.25,28.15,-7.72,3.15
35.9167,69.4167,22.68,-10.15,0.0
35.9167,69.5833,26.8,-8.45,1.8
35.9167,69.75,19.35,-12.44,0.0
35.9167,69.9167,12.4,-17.72,0.0
35.9167,70.0833,12.92,-17.72,0.0
35.9167,70.25,10.5,-20.16,0.0
35.9167,70.4167,14.98,-16.6,0.0
35.9167,70.5833,16.77,-15.17,0.0
35.9167,70.75,12.28,-18.91,0.0
35.9167,70.9167,15.86,-15.94,0.0
35.9167,71.0833,9.1,-22.21,0.0
35.9167,71.25,16.86,-16.25,0.0
35.9167,71.4167,17.11,-16.24,0.0
35.9167,71.5833,19.09,-14.7,0.0
35.9167,71.75,27.96,-6.82,2.96
35.9167,71.9167,25.9,-8.89,0.9
35.9167,72.0833,19.02,-15.08,0.0
35.9167,72.25,12.83,-21.15,0.0
35.9167,72.4167,13.35,-20.83,0.0
35.9167,72.5833,12.18,-21.98,0.0
35.9167,72.75,13.27,-21.58,0.0
35.9167,72.9167,13.57,-21.41,0.0
35.9167,73.0833,13.48,-21.8,0.0
35.9167,73.25,15.55,-20.07,0.0
35.9167,73.4167,17.5,-18.42,0.0
35.9167,73.5833,17.49,-18.9,0.0
35.9167,73.75,17.07,-19.49,0.0
35.9167,73.9167,16.77,-19.9,0.0
35.9167,74.0833,19.14,-17.07,0.0
35.9167,74.25,28.35,-7.63,3.35
35.9167,74.4167,30.59,-5.28,5.59
35.9167,74.5833,23.68,-11.82,0.0
35.9167,74.75,22.96,-12.91,0.0
35.9167,74.9167,10.85,-25.49,0.0
35.9167,75.0833,12.24,-25.2,0.0
35.9167,75.25,16.81,-21.79,0.0
35.9167,75.4167,16.59,-21.98,0.0
35.9167,75.5833,11.23,-26.49,0.0
35.9167,75.75,10.09,-27.65,0.0
35.9167,75.9167,11.5,-26.74,0.0
35.9167,76.0833,8.39,-29.44,0.0
35.9167,76.25,7.18,-30.09,0.0
35.9167,76.4167,5.96,-30.94,0.0
35.9167,76.5833,5.38,-31.24,0.0
35.9167,76.75,11.8,-26.32,0.0
35.9167,76.9167,9.56,-28.49,0.0
35.9167,77.0833,8.08,-30.39,0.0
35.9167,77.25,8.28,-30.31,0.0
35.9167,77.4167,11.99,-27.86,0.0
35.9167,77.5833,14.18,-26.37,0.0
35.9167,77.75,11.9,-28.14,0.0
35.9167,77.9167,12.23,-27.85,0.0
35.9167,78.0833,16.11,-26.4,0.0
35.9167,78.25,15.1,-27.41,0.0
35.9167,78.4167,13.34,-27.77,0.0
35.9167,78.5833,15.01,-26.8,0.0
35.9167,78.75,12.87,-28.04,0.0
35.9167,78.9167,11.66,-28.12,0.0
35.9167,79.0833,12.92,-26.71,0.0
35.9167,79.25,14.42,-26.14,0.0
35.9167,79.4167,9.75,-29.71,0.0
35.9167,79.5833,8.29,-29.77,0.0
35.9167,79.75,10.3,-27.67,0.0
35.9167,79.9167,10.37,-27.0,0.0
35.9167,80.0833,15.9,-22.08,0.0
35.9167,80.25,13.95,-23.82,0.0
35.9167,80.4167,11.91,-26.23,0.0
35.9167,80.5833,13.97,-24.9,0.0
35.9167,80.75,12.22,-26.27,0.0
35.9167,80.9167,11.67,-26.63,0.0
35.9167,81.0833,10.6,-28.32,0.0
35.9167,81.25,11.11,-28.74,0.0
35.9167,81.4167,13.04,-27.41,0.0
35.9167,81.5833,10.46,-28.29,0.0
35.9167,81.75,13.04,-26.95,0.0
35.9167,81.9167,12.8,-27.32,0.0
35.9167,82.0833,15.5,-25.42,0.0
35.9167,82.25,16.13,-25.52,0.0
35.9167,82.4167,14.63,-26.89,0.0
35.9167,82.5833,12.51,-28.63,0.0
35.9167,82.75,12.0,-29.21,0.0
35.9167,82.9167,12.86,-28.98,0.0
35.9167,83.0833,12.16,-29.44,0.0
35.9167,83.25,12.36,-29.57,0.0
35.9167,83.4167,12.53,-29.54,0.0
35.9167,83.5833,13.32,-29.24,0.0
35.9167,83.75,13.03,-29.65,0.0
35.9167,83.9167,12.79,-29.58,0.0
35.9167,84.0833,13.04,-29.18,0.0
35.9167,84.25,13.4,-29.04,0.0
35.9167,84.4167,12.94,-29.02,0.0
35.9167,84.5833,12.51,-29.0,0.0
35.9167,84.75,12.82,-28.83,0.0
35.9167,84.9167,13.07,-28.87,0.0
35.9167,85.0833,13.27,-28.74,0.0
35.9167,85.25,13.17,-28.27,0.0
35.9167,85.4167,13.28,-28.55,0.0
35.9167,85.5833,11.97,-28.49,0.0
35.9167,85.75,11.77,-28.25,0.0
35.9167,85.9167,12.35,-28.07,0.0
35.9167,86.0833,12.51,-27.87,0.0
35.9167,86.25,12.9,-27.71,0.0
35.9167,86.4167,13.05,-27.54,0.0
35.9167,86.5833,13.08,-27.83,0.0
35.9167,86.75,13.32,-26.96,0.0
35.9167,86.9167,13.14,-26.67,0.0
35.9167,87.0833,13.28,-27.13,0.0
35.9167,87.25,12.96,-27.29,0.0
35.9167,87.4167,12.65,-27.28,0.0
35.9167,87.5833,12.55,-27.49,0.0
35.9167,87.75,12.28,-27.6,0.0
35.9167,87.9167,11.96,-27.67,0.0
35.9167,88.0833,11.53,-27.65,0.0
35.9167,88.25,11.76,-27.5,0.0
35.9167,88.4167,11.85,-27.27,0.0
35.9167,88.5833,11.45,-27.28,0.0
35.9167,88.75,11.27,-27.16,0.0
35.9167,88.9167,11.39,-27.29,0.0
35.9167,89.0833,11.31,-27.53,0.0
35.9167,89.25,11.12,-27.51,0.0
35.9167,89.4167,10.99,-27.5,0.0
35.9167,89.5833,10.38,-27.81,0.0
35.9167,89.75,10.15,-27.84,0.0
35.9167,89.9167,9.83,-28.15,0.0
35.9167,90.0833,9.14,-28.19,0.0
35.9167,90.25,9.17,-27.89,0.0
35.9167,90.4167,9.3,-27.7,0.0
35.9167,90.5833,8.79,-27.26,0.0
35.9167,90.75,8.02,-27.77,0.0
35.9167,90.9167,9.17,-27.35,0.0
35.9167,91.0833,9.72,-27.21,0.0
35.9167,91.25,10.34,-26.85,0.0
35.9167,91.4167,8.35,-27.82,0.0
35.9167,91.5833,9.84,-26.79,0.0
35.9167,91.75,10.29,-26.36,0.0
35.9167,91.9167,10.58,-25.84,0.0
35.9167,92.0833,11.89,-24.86,0.0
35.9167,92.25,12.57,-24.37,0.0
35.9167,92.4167,11.24,-25.65,0.0
35.9167,92.5833,10.91,-25.98,0.0
35.9167,92.75,10.29,-26.16,0.0
35.9167,92.9167,9.42,-26.55,0.0
35.9167,93.0833,9.31,-26.32,0.0
35.9167,93.25,11.84,-24.91,0.0
35.9167,93.4167,13.04,-24.56,0.0
35.9167,93.5833,13.15,-24.15,0.0
35.9167,93.75,13.56,-23.77,0.0
35.9167,93.9167,15.27,-22.86,0.0
35.9167,94.0833,16.13,-22.31,0.0
35.9167,94.25,15.92,-22.33,0.0
35.9167,94.4167,16.27,-22.02,0.0
35.9167,94.5833,16.31,-21.83,0.0
35.9167,94.75,18.24,-20.56,0.0
35.9167,94.9167,17.41,-20.78,0.0
35.9167,95.0833,13.5,-23.59,0.0
35.9167,95.25,12.73,-24.54,0.0
35.9167,95.4167,12.29,-25.1,0.0
35.9167,95.5833,13.49,-24.17,0.0
35.9167,95.75,13.26,-24.25,0.0
35.9167,95.9167,13.85,-24.19,0.0
35.9167,96.0833,14.1,-24.1,0.0
35.9167,96.25,13.56,-24.65,0.0
35.9167,96.4167,15.3,-23.1,0.0
35.9167,96.5833,16.27,-21.64,0.0
35.9167,96.75,12.42,-24.61,0.0
35.9167,96.9167,12.11,-24.68,0.0
35.75,68.0833,23.04,-12.12,0.0
35.75,68.25,19.85,-13.13,0.0
35.75,68.4167,29.32,-7.5,4.32
35.75,68.5833,34.98,-4.91,9.98
35.75,68.75,36.05,-4.13,11.05
35.75,68.9167,32.04,-5.95,7.04
35.75,69.0833,29.31,-7.03,4.31
35.75,69.25,27.72,-7.72,2.72
35.75,69.4167,24.67,-9.42,0.0
35.75,69.5833,16.54,-14.67,0.0
35.75,69.75,12.61,-17.61,0.0
35.75,69.9167,12.2,-18.42,0.0
35.75,70.0833,14.72,-17.48,0.0
35.75,70.25,12.56,-19.03,0.0
35.75,70.4167,10.5,-20.12,0.0
35.75,70.5833,10.14,-20.5,0.0
35.75,70.75,13.76,-17.37,0.0
35.75,70.9167,10.59,-20.68,0.0
35.75,71.0833,12.88,-19.24,0.0
35.75,71.25,17.73,-15.22,0.0
35.75,71.4167,19.2,-14.23,0.0
35.75,71.5833,18.72,-14.08,0.0
35.75,71.75,30.84,-4.08,5.84
35.75,71.9167,21.13,-11.91,0.0
35.75,72.0833,17.95,-15.17,0.0
35.75,72.25,12.62,-20.27,0.0
35.75,72.4167,14.47,-19.06,0.0
35.75,72.5833,15.7,-18.02,0.0
35.75,72.75,15.26,-18.62,0.0
35.75,72.9167,16.95,-17.31,0.0
35.75,73.0833,16.2,-18.58,0.0
35.75,73.25,17.63,-17.0,0.0
35.75,73.4167,22.41,-12.22,0.0
35.75,73.5833,21.84,-12.86,0.0
35.75,73.75,20.23,-14.84,0.0
35.75,73.9167,22.22,-12.57,0.0
35.75,74.0833,17.39,-18.92,0.0
35.75,74.25,17.24,-19.44,0.0
35.75,74.4167,20.83,-15.27,0.0
35.75,74.5833,31.44,-4.51,6.44
35.75,74.75,26.56,-9.26,1.56
35.75,74.9167,17.63,-18.57,0.0
35.75,75.0833,17.45,-20.11,0.0
35.75,75.25,14.76,-23.21,0.0
35.75,75.4167,19.95,-18.6,0.0
35.75,75.5833,19.2,-19.83,0.0
35.75,75.75,15.93,-22.83,0.0
35.75,75.9167,17.18,-22.16,0.0
35.75,76.0833,10.75,-27.28,0.0
35.75,76.25,12.04,-26.08,0.0
35.75,76.4167,9.96,-28.35,0.0
35.75,76.5833,6.44,-31.03,0.0
35.75,76.75,7.65,-29.48,0.0
35.75,76.9167,9.95,-28.03,0.0
35.75,77.0833,8.87,-29.41,0.0
35.75,77.25,7.22,-30.77,0.0
35.75,77.4167,5.64,-31.99,0.0
35.75,77.5833,10.04,-29.27,0.0
35.75,77.75,12.21,-27.81,0.0
35.75,77.9167,12.22,-27.54,0.0
35.75,78.0833,12.72,-27.64,0.0
35.75,78.25,11.73,-28.45,0.0
35.75,78.4167,11.84,-28.55,0.0
35.75,78.5833,10.82,-28.63,0.0
35.75,78.75,9.06,-29.6,0.0
35.75,78.9167,11.5,-28.1,0.0
35.75,79.0833,12.45,-28.26,0.0
35.75,79.25,11.5,-28.95,0.0
35.75,79.4167,14.28,-27.85,0.0
35.75,79.5833,9.06,-30.9,0.0
35.75,79.75,7.79,-30.58,0.0
35.75,79.9167,9.38,-28.88,0.0
35.75,80.0833,11.03,-27.57,0.0
35.75,80.25,9.42,-28.8,0.0
35.75,80.4167,5.5,-31.96,0.0
35.75,80.5833,10.57,-27.7,0.0
35.75,80.75,13.06,-25.96,0.0
35.75,80.9167,13.84,-25.57,0.0
35.75,81.0833,10.44,-28.51,0.0
35.75,81.25,10.16,-28.96,0.0
35.75,81.4167,14.56,-27.11,0.0
35.75,81.5833,15.41,-26.9,0.0
35.75,81.75,14.9,-27.37,0.0
35.75,81.9167,12.97,-27.7,0.0
35.75,82.0833,13.04,-27.11,0.0
35.75,82.25,13.0,-27.87,0.0
35.75,82.4167,8.76,-30.35,0.0
35.75,82.5833,11.13,-29.21,0.0
35.75,82.75,10.91,-29.33,0.0
35.75,82.9167,11.53,-29.25,0.0
35.75,83.0833,12.03,-29.04,0.0
35.75,83.25,13.48,-28.26,0.0
35.75,83.4167,14.22,-27.79,0.0
35.75,83.5833,14.56,-28.41,0.0
35.75,83.75,14.07,-28.91,0.0
35.75,83.9167,14.58,-28.35,0.0
35.75,84.0833,15.04,-28.15,0.0
35.75,84.25,14.33,-28.27,0.0
35.75,84.4167,13.91,-28.36,0.0
35.75,84.5833,13.43,-28.55,0.0
35.75,84.75,13.65,-28.49,0.0
35.75,84.9167,13.83,-28.48,0.0
35.75,85.0833,13.47,-28.51,0.0
35.75,85.25,13.15,-28.17,0.0
35.75,85.4167,12.7,-28.66,0.0
35.75,85.5833,8.05,-30.6,0.0
35.75,85.75,9.83,-29.15,0.0
35.75,85.9167,11.48,-28.32,0.0
35.75,86.0833,12.19,-28.0,0.0
35.75,86.25,12.61,-27.71,0.0
35.75,86.4167,12.77,-27.56,0.0
35.75,86.5833,12.85,-27.32,0.0
35.75,86.75,12.75,-27.11,0.0
35.75,86.9167,12.63,-27.45,0.0
35.75,87.0833,12.47,-27.28,0.0
35.75,87.25,12.01,-26.96,0.0
35.75,87.4167,12.04,-27.4,0.0
35.75,87.5833,11.53,-27.67,0.0
35.75,87.75,11.03,-27.74,0.0
35.75,87.9167,10.43,-27.82,0.0
35.75,88.0833,10.04,-27.8,0.0
35.75,88.25,10.75,-27.39,0.0
35.75,88.4167,10.22,-27.56,0.0
35.75,88.5833,9.48,-27.73,0.0
35.75,88.75,9.54,-27.74,0.0
35.75,88.9167,10.05,-27.35,0.0
35.75,89.0833,10.38,-27.33,0.0
35.75,89.25,10.67,-27.28,0.0
35.75,89.4167,10.67,-26.54,0.0
35.75,89.5833,9.96,-27.58,0.0
35.75,89.75,9.85,-27.5,0.0
35.75,89.9167,10.01,-27.22,0.0
35.75,90.0833,9.9,-26.26,0.0
35.75,90.25,9.84,-25.91,0.0
35.75,90.4167,10.36,-27.37,0.0
35.75,90.5833,9.01,-28.3,0.0
35.75,90.75,8.39,-28.06,0.0
35.75,90.9167,9.54,-27.72,0.0
35.75,91.0833,9.48,-27.56,0.0
35.75,91.25,10.0,-27.3,0.0
35.75,91.4167,9.52,-27.48,0.0
35.75,91.5833,9.63,-27.53,0.0
35.75,91.75,10.26,-27.12,0.0
35.75,91.9167,9.55,-27.39,0.0
35.75,92.0833,10.08,-26.68,0.0
35.75,92.25,11.47,-25.6,0.0
35.75,92.4167,12.26,-25.31,0.0
35.75,92.5833,11.17,-25.53,0.0
35.75,92.75,11.84,-24.16,0.0
35.75,92.9167,11.69,-23.73,0.0
35.75,93.0833,11.73,-25.31,0.0
35.75,93.25,11.23,-25.53,0.0
35.75,93.4167,10.1,-26.02,0.0
35.75,93.5833,9.53,-26.31,0.0
35.75,93.75,9.48,-26.2,0.0
35.75,93.9167,10.28,-25.63,0.0
35.75,94.0833,12.77,-24.16,0.0
35.75,94.25,13.45,-23.59,0.0
35.75,94.4167,13.7,-23.58,0.0
35.75,94.5833,13.82,-23.46,0.0
35.75,94.75,16.29,-21.94,0.0
35.75,94.9167,15.07,-23.08,0.0
35.75,95.0833,14.22,-23.46,0.0
35.75,95.25,15.37,-22.68,0.0
35.75,95.4167,16.39,-22.53,0.0
35.75,95.5833,16.39,-22.67,0.0
35.75,95.75,16.15,-22.63,0.0
35.75,95.9167,15.53,-23.26,0.0
35.75,96.0833,12.63,-25.32,0.0
35.75,96.25,13.47,-24.75,0.0
35.75,96.4167,16.23,-22.87,0.0
35.75,96.5833,13.35,-24.42,0.0
35.75,96.75,13.49,-24.34,0.0
35.75,96.9167,12.96,-25.09,0.0
35.5833,68.0833,19.04,-14.8,0.0
35.5833,68.25,22.51,-11.87,0.0
35.5833,68.4167,31.3,-6.5,6.3
35.5833,68.5833,34.17,-5.14,9.17
35.5833,68.75,34.43,-4.68,9.43
35.5833,68.9167,32.25,-5.54,7.25
35.5833,69.0833,29.12,-7.09,4.12
35.5833,69.25,27.5,-7.98,2.5
35.5833,69.4167,23.67,-9.83,0.0
35.5833,69.5833,18.47,-13.26,0.0
35.5833,69.75,15.77,-15.58,0.0
35.5833,69.9167,20.69,-12.87,0.0
35.5833,70.0833,15.06,-17.03,0.0
35.5833,70.25,12.59,-18.68,0.0
35.5833,70.4167,15.33,-16.51,0.0
35.5833,70.5833,12.21,-19.34,0.0
35.5833,70.75,10.89,-20.55,0.0
35.5833,70.9167,12.42,-19.32,0.0
35.5833,71.0833,14.17,-18.23,0.0
35.5833,71.25,21.52,-11.27,0.0
35.5833,71.4167,19.4,-13.28,0.0
35.5833,71.5833,20.68,-11.76,0.0
35.5833,71.75,31.61,-3.03,6.61
35.5833,71.9167,24.24,-8.92,0.0
35.5833,72.0833,17.56,-15.12,0.0
35.5833,72.25,18.94,-13.72,0.0
35.5833,72.4167,19.56,-13.75,0.0
35.5833,72.5833,20.47,-12.79,0.0
35.5833,72.75,18.34,-15.24,0.0
35.5833,72.9167,21.23,-12.41,0.0
35.5833,73.0833,17.84,-15.62,0.0
35.5833,73.25,21.24,-12.34,0.0
35.5833,73.4167,27.91,-6.46,2.91
35.5833,73.5833,31.87,-3.01,6.87
35.5833,73.75,31.57,-3.22,6.57
35.5833,73.9167,31.79,-2.92,6.79
35.5833,74.0833,26.24,-8.01,1.24
35.5833,74.25,20.09,-15.05,0.0
35.5833,74.4167,17.02,-18.93,0.0
35.5833,74.5833,28.72,-6.41,3.72
35.5833,74.75,21.14,-14.72,0.0
35.5833,74.9167,18.78,-17.88,0.0
35.5833,75.0833,22.92,-14.6,0.0
35.5833,75.25,23.01,-15.09,0.0
35.5833,75.4167,19.41,-18.64,0.0
35.5833,75.5833,23.3,-15.76,0.0
35.5833,75.75,15.46,-23.26,0.0
35.5833,75.9167,12.91,-25.45,0.0
35.5833,76.0833,14.3,-24.67,0.0
35.5833,76.25,9.56,-28.24,0.0
35.5833,76.4167,11.55,-26.88,0.0
35.5833,76.5833,6.35,-30.91,0.0
35.5833,76.75,5.54,-31.77,0.0
35.5833,76.9167,6.16,-31.26,0.0
35.5833,77.0833,5.98,-31.36,0.0
35.5833,77.25,6.81,-30.9,0.0
35.5833,77.4167,6.5,-31.53,0.0
35.5833,77.5833,10.24,-29.28,0.0
35.5833,77.75,11.33,-28.99,0.0
35.5833,77.9167,9.91,-29.75,0.0
35.5833,78.0833,9.2,-30.37,0.0
35.5833,78.25,10.43,-29.85,0.0
35.5833,78.4167,12.09,-28.42,0.0
35.5833,78.5833,13.41,-27.72,0.0
35.5833,78.75,10.66,-29.64,0.0
35.5833,78.9167,12.06,-28.64,0.0
35.5833,79.0833,13.73,-27.88,0.0
35.5833,79.25,15.52,-27.06,0.0
35.5833,79.4167,16.06,-27.1,0.0
35.5833,79.5833,15.22,-27.82,0.0
35.5833,79.75,11.38,-29.71,0.0
35.5833,79.9167,7.72,-31.55,0.0
35.5833,80.0833,8.18,-30.74,0.0
35.5833,80.25,8.28,-30.72,0.0
35.5833,80.4167,8.36,-30.37,0.0
35.5833,80.5833,7.31,-30.95,0.0
35.5833,80.75,9.2,-29.26,0.0
35.5833,80.9167,10.3,-28.16,0.0
35.5833,81.0833,10.55,-28.13,0.0
35.5833,81.25,11.21,-27.95,0.0
35.5833,81.4167,12.03,-28.16,0.0
35.5833,81.5833,10.8,-28.79,0.0
35.5833,81.75,10.18,-29.29,0.0
35.5833,81.9167,10.3,-29.09,0.0
35.5833,82.0833,12.36,-27.65,0.0
35.5833,82.25,6.31,-32.05,0.0
35.5833,82.4167,8.83,-30.42,0.0
35.5833,82.5833,11.45,-29.11,0.0
35.5833,82.75,11.19,-27.97,0.0
35.5833,82.9167,12.33,-29.0,0.0
35.5833,83.0833,12.95,-28.05,0.0
35.5833,83.25,12.93,-28.28,0.0
35.5833,83.4167,14.15,-27.68,0.0
35.5833,83.5833,14.7,-27.84,0.0
35.5833,83.75,14.88,-27.8,0.0
35.5833,83.9167,14.91,-27.71,0.0
35.5833,84.0833,14.6,-27.64,0.0
35.5833,84.25,14.32,-27.75,0.0
35.5833,84.4167,14.94,-27.56,0.0
35.5833,84.5833,14.58,-27.91,0.0
35.5833,84.75,13.99,-28.13,0.0
35.5833,84.9167,13.76,-28.05,0.0
35.5833,85.0833,14.45,-27.64,0.0
35.5833,85.25,14.31,-27.97,0.0
35.5833,85.4167,12.88,-28.75,0.0
35.5833,85.5833,9.81,-29.89,0.0
35.5833,85.75,10.54,-28.93,0.0
35.5833,85.9167,11.96,-28.16,0.0
35.5833,86.0833,12.01,-28.13,0.0
35.5833,86.25,12.06,-27.86,0.0
35.5833,86.4167,12.05,-27.89,0.0
35.5833,86.5833,12.11,-27.68,0.0
35.5833,86.75,12.53,-27.4,0.0
35.5833,86.9167,12.55,-27.41,0.0
35.5833,87.0833,12.27,-27.51,0.0
35.5833,87.25,11.93,-27.4,0.0
35.5833,87.4167,11.89,-27.37,0.0
35.5833,87.5833,12.46,-27.18,0.0
35.5833,87.75,12.57,-27.16,0.0
35.5833,87.9167,12.02,-27.42,0.0
35.5833,88.0833,11.56,-27.27,0.0
35.5833,88.25,11.77,-26.7,0.0
35.5833,88.4167,11.9,-26.61,0.0
35.5833,88.5833,11.97,-26.81,0.0
35.5833,88.75,11.59,-27.12,0.0
35.5833,88.9167,11.35,-27.22,0.0
35.5833,89.0833,11.27,-27.15,0.0
35.5833,89.25,10.86,-27.27,0.0
35.5833,89.4167,10.54,-27.6,0.0
35.5833,89.5833,8.33,-28.67,0.0
35.5833,89.75,7.17,-28.5,0.0
35.5833,89.9167,9.56,-26.99,0.0
35.5833,90.0833,10.17,-26.87,0.0
35.5833,90.25,10.44,-26.88,0.0
35.5833,90.4167,9.99,-27.2,0.0
35.5833,90.5833,9.69,-26.8,0.0
35.5833,90.75,10.07,-26.86,0.0
35.5833,90.9167,9.99,-26.77,0.0
35.5833,91.0833,9.64,-25.98,0.0
35.5833,91.25,9.67,-26.05,0.0
35.5833,91.4167,10.06,-27.5,0.0
35.5833,91.5833,9.55,-27.14,0.0
35.5833,91.75,10.66,-26.34,0.0
35.5833,91.9167,10.33,-25.41,0.0
35.5833,92.0833,10.58,-26.17,0.0
35.5833,92.25,11.47,-25.69,0.0
35.5833,92.4167,11.55,-25.66,0.0
35.5833,92.5833,11.36,-25.5,0.0
35.5833,92.75,11.83,-24.83,0.0
35.5833,92.9167,12.14,-24.03,0.0
35.5833,93.0833,12.91,-24.03,0.0
35.5833,93.25,13.1,-24.2,0.0
35.5833,93.4167,13.28,-23.97,0.0
35.5833,93.5833,13.35,-24.8,0.0
35.5833,93.75,12.78,-25.21,0.0
35.5833,93.9167,11.92,-25.6,0.0
35.5833,94.0833,11.07,-26.0,0.0
35.5833,94.25,9.4,-26.9,0.0
35.5833,94.4167,9.82,-26.31,0.0
35.5833,94.5833,9.9,-26.19,0.0
35.5833,94.75,10.17,-25.98,0.0
35.5833,94.9167,10.42,-26.04,0.0
35.5833,95.0833,11.24,-25.65,0.0
35.5833,95.25,11.62,-25.68,0.0
35.5833,95.4167,12.88,-25.01,0.0
35.5833,95.5833,13.31,-25.0,0.0
35.5833,95.75,13.81,-24.73,0.0
35.5833,95.9167,15.19,-23.86,0.0
35.5833,96.0833,14.71,-24.12,0.0
35.5833,96.25,12.87,-25.38,0.0
35.5833,96.4167,12.63,-25.49,0.0
35.5833,96.5833,11.36,-26.0,0.0
35.5833,96.75,12.28,-25.24,0.0
35.5833,96.9167,14.69,-23.81,0.0
35.4167,68.0833,25.48,-10.7,0.48
35.4167,68.25,32.06,-7.0,7.06
35.4167,68.4167,27.66,-8.66,2.66
35.4167,68.5833,21.85,-11.07,0.0
35.4167,68.75,18.66,-13.19,0.0
35.4167,68.9167,18.3,-13.33,0.0
35.4167,69.0833,17.51,-13.09,0.0
35.4167,69.25,14.68,-15.33,0.0
35.4167,69.4167,13.65,-16.25,0.0
35.4167,69.5833,17.97,-13.68,0.0
35.4167,69.75,20.51,-12.87,0.0
35.4167,69.9167,14.31,-17.0,0.0
35.4167,70.0833,16.04,-15.4,0.0
35.4167,70.25,18.04,-13.92,0.0
35.4167,70.4167,15.92,-16.19,0.0
35.4167,70.5833,13.96,-17.82,0.0
35.4167,70.75,15.49,-16.27,0.0
35.4167,70.9167,17.56,-14.7,0.0
35.4167,71.0833,15.79,-16.83,0.0
35.4167,71.25,22.26,-10.28,0.0
35.4167,71.4167,28.17,-4.91,3.17
35.4167,71.5833,31.01,-2.61,6.01
35.4167,71.75,29.29,-4.8,4.29
35.4167,71.9167,21.41,-10.04,0.0
35.4167,72.0833,26.56,-5.35,1.56
35.4167,72.25,23.77,-8.56,0.0
35.4167,72.4167,19.07,-13.79,0.0
35.4167,72.5833,22.13,-9.91,0.0
35.4167,72.75,15.07,-17.27,0.0
35.4167,72.9167,24.02,-9.3,0.0
35.4167,73.0833,26.21,-6.91,1.21
35.4167,73.25,30.09,-3.51,5.09
35.4167,73.4167,21.78,-11.88,0.0
35.4167,73.5833,22.3,-11.64,0.0
35.4167,73.75,26.95,-6.99,1.95
35.4167,73.9167,31.6,-3.46,6.6
35.4167,74.0833,33.99,-1.8,8.99
35.4167,74.25,31.72,-3.77,6.72
35.4167,74.4167,29.18,-6.23,4.18
35.4167,74.5833,22.23,-13.5,0.0
35.4167,74.75,19.59,-16.48,0.0
35.4167,74.9167,19.61,-17.66,0.0
35.4167,75.0833,14.61,-23.18,0.0
35.4167,75.25,14.15,-23.47,0.0
35.4167,75.4167,22.86,-16.04,0.0
35.4167,75.5833,24.31,-14.82,0.0
35.4167,75.75,26.08,-14.15,1.08
35.4167,75.9167,14.74,-24.18,0.0
35.4167,76.0833,14.61,-24.54,0.0
35.4167,76.25,12.73,-25.71,0.0
35.4167,76.4167,15.71,-23.45,0.0
35.4167,76.5833,11.12,-26.78,0.0
35.4167,76.75,10.42,-27.3,0.0
35.4167,76.9167,6.18,-31.28,0.0
35.4167,77.0833,9.24,-29.3,0.0
35.4167,77.25,5.39,-32.25,0.0
35.4167,77.4167,4.68,-32.28,0.0
35.4167,77.5833,9.03,-29.74,0.0
35.4167,77.75,10.75,-29.33,0.0
35.4167,77.9167,11.78,-29.38,0.0
35.4167,78.0833,11.81,-29.37,0.0
35.4167,78.25,12.22,-29.2,0.0
35.4167,78.4167,11.32,-29.35,0.0
35.4167,78.5833,11.09,-29.23,0.0
35.4167,78.75,13.75,-27.39,0.0
35.4167,78.9167,14.35,-26.87,0.0
35.4167,79.0833,14.53,-27.33,0.0
35.4167,79.25,14.72,-27.31,0.0
35.4167,79.4167,15.61,-27.31,0.0
35.4167,79.5833,16.42,-27.03,0.0
35.4167,79.75,15.22,-27.81,0.0
35.4167,79.9167,14.07,-28.32,0.0
35.4167,80.0833,12.2,-29.28,0.0
35.4167,80.25,12.07,-29.03,0.0
35.4167,80.4167,6.68,-32.18,0.0
35.4167,80.5833,3.33,-34.15,0.0
35.4167,80.75,3.64,-33.74,0.0
35.4167,80.9167,3.14,-34.36,0.0
35.4167,81.0833,2.37,-35.17,0.0
35.4167,81.25,3.6,-33.85,0.0
35.4167,81.4167,5.96,-32.0,0.0
35.4167,81.5833,6.19,-31.88,0.0
35.4167,81.75,9.71,-29.65,0.0
35.4167,81.9167,9.73,-29.77,0.0
35.4167,82.0833,8.0,-30.83,0.0
35.4167,82.25,10.17,-29.51,0.0
35.4167,82.4167,12.34,-28.29,0.0
35.4167,82.5833,13.23,-27.92,0.0
35.4167,82.75,13.84,-27.9,0.0
35.4167,82.9167,13.02,-28.61,0.0
35.4167,83.0833,13.24,-27.77,0.0
35.4167,83.25,14.0,-27.72,0.0
35.4167,83.4167,14.55,-27.5,0.0
35.4167,83.5833,14.79,-27.32,0.0
35.4167,83.75,14.68,-27.14,0.0
35.4167,83.9167,14.36,-27.56,0.0
35.4167,84.0833,14.46,-27.35,0.0
35.4167,84.25,14.6,-27.17,0.0
35.4167,84.4167,14.96,-26.96,0.0
35.4167,84.5833,14.68,-26.53,0.0
35.4167,84.75,14.47,-27.09,0.0
35.4167,84.9167,14.48,-27.12,0.0
35.4167,85.0833,13.83,-27.62,0.0
35.4167,85.25,13.52,-27.83,0.0
35.4167,85.4167,13.26,-28.16,0.0
35.4167,85.5833,13.16,-28.24,0.0
35.4167,85.75,13.12,-27.96,0.0
35.4167,85.9167,13.06,-27.74,0.0
35.4167,86.0833,12.98,-27.63,0.0
35.4167,86.25,13.25,-27.52,0.0
35.4167,86.4167,13.47,-27.43,0.0
35.4167,86.5833,13.0,-27.62,0.0
35.4167,86.75,12.16,-27.66,0.0
35.4167,86.9167,12.87,-26.9,0.0
35.4167,87.0833,13.21,-26.34,0.0
35.4167,87.25,14.35,-25.8,0.0
35.4167,87.4167,13.89,-26.09,0.0
35.4167,87.5833,12.82,-26.86,0.0
35.4167,87.75,11.5,-27.51,0.0
35.4167,87.9167,11.55,-27.22,0.0
35.4167,88.0833,12.21,-26.65,0.0
35.4167,88.25,12.85,-25.75,0.0
35.4167,88.4167,12.16,-25.39,0.0
35.4167,88.5833,12.02,-26.04,0.0
35.4167,88.75,12.14,-25.94,0.0
35.4167,88.9167,11.92,-26.1,0.0
35.4167,89.0833,12.15,-25.4,0.0
35.4167,89.25,11.5,-25.07,0.0
35.4167,89.4167,11.57,-26.46,0.0
35.4167,89.5833,10.52,-27.04,0.0
35.4167,89.75,10.79,-26.64,0.0
35.4167,89.9167,11.21,-26.36,0.0
35.4167,90.0833,11.27,-26.55,0.0
35.4167,90.25,11.37,-26.54,0.0
35.4167,90.4167,11.04,-26.8,0.0
35.4167,90.5833,10.95,-27.03,0.0
35.4167,90.75,10.2,-27.21,0.0
35.4167,90.9167,9.33,-27.46,0.0
35.4167,91.0833,9.58,-27.15,0.0
35.4167,91.25,10.14,-26.9,0.0
35.4167,91.4167,10.19,-27.13,0.0
35.4167,91.5833,9.53,-27.13,0.0
35.4167,91.75,9.86,-26.44,0.0
35.4167,91.9167,9.98,-25.95,0.0
35.4167,92.0833,9.81,-26.58,0.0
35.4167,92.25,9.82,-26.43,0.0
35.4167,92.4167,10.41,-26.04,0.0
35.4167,92.5833,11.08,-25.72,0.0
35.4167,92.75,11.37,-25.51,0.0
35.4167,92.9167,10.9,-25.21,0.0
35.4167,93.0833,11.91,-24.36,0.0
35.4167,93.25,12.59,-24.29,0.0
35.4167,93.4167,12.99,-23.92,0.0
35.4167,93.5833,13.45,-24.28,0.0
35.4167,93.75,13.52,-24.59,0.0
35.4167,93.9167,13.44,-24.54,0.0
35.4167,94.0833,13.02,-24.93,0.0
35.4167,94.25,12.13,-25.55,0.0
35.4167,94.4167,11.03,-25.91,0.0
35.4167,94.5833,12.19,-25.15,0.0
35.4167,94.75,12.19,-25.38,0.0
35.4167,94.9167,12.45,-25.28,0.0
35.4167,95.0833,12.55,-25.39,0.0
35.4167,95.25,12.27,-25.55,0.0
35.4167,95.4167,12.87,-25.0,0.0
35.4167,95.5833,13.29,-24.86,0.0
35.4167,95.75,13.32,-25.07,0.0
35.4167,95.9167,13.79,-24.56,0.0
35.4167,96.0833,13.21,-24.9,0.0
35.4167,96.25,13.17,-25.0,0.0
35.4167,96.4167,13.47,-24.9,0.0
35.4167,96.5833,12.92,-25.34,0.0
35.4167,96.75,11.48,-25.97,0.0
35.4167,96.9167,11.72,-25.82,0.0
35.25,68.0833,28.3,-9.51,3.3
35.25,68.25,24.77,-11.18,0.0
35.25,68.4167,16.54,-15.99,0.0
35.25,68.5833,14.7,-16.96,0.0
35.25,68.75,11.78,-19.04,0.0
35.25,68.9167,14.26,-16.72,0.0
35.25,69.0833,18.24,-13.86,0.0
35.25,69.25,24.85,-9.76,0.0
35.25,69.4167,25.75,-9.19,0.75
35.25,69.5833,20.82,-12.47,0.0
35.25,69.75,17.59,-14.22,0.0
35.25,69.9167,12.97,-18.17,0.0
35.25,70.0833,19.09,-12.7,0.0
35.25,70.25,25.03,-8.03,0.03
35.25,70.4167,21.07,-10.67,0.0
35.25,70.5833,14.93,-16.82,0.0
35.25,70.75,20.31,-11.61,0.0
35.25,70.9167,22.25,-9.53,0.0
35.25,71.0833,20.18,-11.21,0.0
35.25,71.25,22.95,-7.62,0.0
35.25,71.4167,30.33,-2.47,5.33
35.25,71.5833,32.4,-1.87,7.4
35.25,71.75,24.06,-6.97,0.0
35.25,71.9167,30.44,-2.1,5.44
35.25,72.0833,26.96,-4.67,1.96
35.25,72.25,19.61,-11.8,0.0
35.25,72.4167,19.96,-11.35,0.0
35.25,72.5833,25.36,-5.69,0.36
35.25,72.75,16.75,-15.34,0.0
35.25,72.9167,20.07,-11.36,0.0
35.25,73.0833,26.06,-5.59,1.06
35.25,73.25,29.96,-2.76,4.96
35.25,73.4167,21.56,-11.06,0.0
35.25,73.5833,17.69,-16.64,0.0
35.25,73.75,18.23,-16.61,0.0
35.25,73.9167,19.37,-15.52,0.0
35.25,74.0833,23.11,-11.45,0.0
35.25,74.25,22.53,-12.39,0.0
35.25,74.4167,16.2,-19.55,0.0
35.25,74.5833,9.88,-25.33,0.0
35.25,74.75,19.82,-17.18,0.0
35.25,74.9167,20.82,-16.77,0.0
35.25,75.0833,15.6,-22.47,0.0
35.25,75.25,14.03,-24.26,0.0
35.25,75.4167,15.18,-23.57,0.0
35.25,75.5833,23.99,-15.88,0.0
35.25,75.75,21.16,-18.85,0.0
35.25,75.9167,24.5,-16.05,0.0
35.25,76.0833,20.59,-19.37,0.0
35.25,76.25,22.12,-17.88,0.0
35.25,76.4167,23.08,-16.98,0.0
35.25,76.5833,17.98,-21.01,0.0
35.25,76.75,13.93,-24.2,0.0
35.25,76.9167,9.62,-27.9,0.0
35.25,77.0833,8.87,-28.79,0.0
35.25,77.25,13.0,-25.74,0.0
35.25,77.4167,6.49,-31.02,0.0
35.25,77.5833,6.08,-31.13,0.0
35.25,77.75,11.41,-28.45,0.0
35.25,77.9167,10.52,-29.75,0.0
35.25,78.0833,11.68,-28.99,0.0
35.25,78.25,10.32,-29.7,0.0
35.25,78.4167,9.98,-30.22,0.0
35.25,78.5833,9.67,-30.44,0.0
35.25,78.75,10.93,-28.93,0.0
35.25,78.9167,11.21,-28.81,0.0
35.25,79.0833,11.41,-28.72,0.0
35.25,79.25,12.83,-27.77,0.0
35.25,79.4167,14.58,-26.97,0.0
35.25,79.5833,16.24,-26.81,0.0
35.25,79.75,15.5,-25.74,0.0
35.25,79.9167,15.09,-25.89,0.0
35.25,80.0833,15.19,-27.39,0.0
35.25,80.25,14.2,-27.74,0.0
35.25,80.4167,13.04,-28.53,0.0
35.25,80.5833,9.99,-30.18,0.0
35.25,80.75,5.59,-32.82,0.0
35.25,80.9167,5.78,-32.57,0.0
35.25,81.0833,6.26,-32.12,0.0
35.25,81.25,9.33,-30.35,0.0
35.25,81.4167,7.42,-32.14,0.0
35.25,81.5833,9.28,-30.31,0.0
35.25,81.75,8.48,-31.11,0.0
35.25,81.9167,7.61,-31.29,0.0
35.25,82.0833,10.59,-29.46,0.0
35.25,82.25,10.56,-29.53,0.0
35.25,82.4167,9.97,-29.02,0.0
35.25,82.5833,12.95,-27.24,0.0
35.25,82.75,14.19,-27.06,0.0
35.25,82.9167,14.4,-26.81,0.0
35.25,83.0833,13.92,-26.46,0.0
35.25,83.25,14.44,-27.11,0.0
35.25,83.4167,14.3,-27.52,0.0
35.25,83.5833,14.08,-27.48,0.0
35.25,83.75,14.56,-27.26,0.0
35.25,83.9167,14.66,-27.06,0.0
35.25,84.0833,14.86,-27.13,0.0
35.25,84.25,14.91,-27.04,0.0
35.25,84.4167,14.85,-26.93,0.0
35.25,84.5833,14.69,-27.03,0.0
35.25,84.75,14.47,-27.22,0.0
35.25,84.9167,14.33,-27.24,0.0
35.25,85.0833,13.95,-27.63,0.0
35.25,85.25,13.51,-27.77,0.0
35.25,85.4167,13.59,-27.56,0.0
35.25,85.5833,13.28,-27.85,0.0
35.25,85.75,12.73,-27.78,0.0
35.25,85.9167,13.29,-27.15,0.0
35.25,86.0833,13.8,-26.98,0.0
35.25,86.25,13.84,-26.58,0.0
35.25,86.4167,12.71,-27.29,0.0
35.25,86.5833,12.21,-27.24,0.0
35.25,86.75,12.46,-26.88,0.0
35.25,86.9167,13.71,-26.43,0.0
35.25,87.0833,14.16,-26.01,0.0
35.25,87.25,14.02,-25.39,0.0
35.25,87.4167,13.84,-26.05,0.0
35.25,87.5833,13.52,-26.38,0.0
35.25,87.75,13.06,-26.69,0.0
35.25,87.9167,12.85,-26.66,0.0
35.25,88.0833,12.79,-26.5,0.0
35.25,88.25,12.75,-26.28,0.0
35.25,88.4167,11.6,-26.89,0.0
35.25,88.5833,9.01,-27.82,0.0
35.25,88.75,11.04,-26.16,0.0
35.25,88.9167,11.45,-25.74,0.0
35.25,89.0833,12.05,-25.3,0.0
35.25,89.25,11.88,-24.74,0.0
35.25,89.4167,12.06,-25.49,0.0
35.25,89.5833,11.74,-26.0,0.0
35.25,89.75,11.94,-25.73,0.0
35.25,89.9167,12.07,-25.16,0.0
35.25,90.0833,11.95,-25.3,0.0
35.25,90.25,11.31,-24.41,0.0
35.25,90.4167,11.2,-24.67,0.0
35.25,90.5833,11.76,-25.7,0.0
35.25,90.75,11.73,-26.34,0.0
35.25,90.9167,10.89,-26.45,0.0
35.25,91.0833,10.94,-26.39,0.0
35.25,91.25,11.06,-26.23,0.0
35.25,91.4167,11.17,-26.52,0.0
35.25,91.5833,10.73,-26.52,0.0
35.25,91.75,10.52,-26.28,0.0
35.25,91.9167,10.97,-25.35,0.0
35.25,92.0833,10.96,-24.97,0.0
35.25,92.25,10.87,-25.35,0.0
35.25,92.4167,11.17,-25.75,0.0
35.25,92.5833,11.43,-25.3,0.0
35.25,92.75,11.81,-25.06,0.0
35.25,92.9167,11.8,-24.91,0.0
35.25,93.0833,11.78,-24.48,0.0
35.25,93.25,12.22,-24.16,0.0
35.25,93.4167,12.7,-24.08,0.0
35.25,93.5833,13.01,-23.83,0.0
35.25,93.75,13.49,-23.81,0.0
35.25,93.9167,13.81,-23.86,0.0
35.25,94.0833,13.96,-23.97,0.0
35.25,94.25,13.92,-24.25,0.0
35.25,94.4167,13.72,-24.3,0.0
35.25,94.5833,13.2,-24.79,0.0
35.25,94.75,12.81,-24.95,0.0
35.25,94.9167,13.17,-24.87,0.0
35.25,95.0833,12.9,-25.08,0.0
35.25,95.25,13.03,-25.26,0.0
35.25,95.4167,12.86,-25.23,0.0
35.25,95.5833,12.7,-24.88,0.0
35.25,95.75,13.06,-24.59,0.0
35.25,95.9167,13.7,-24.63,0.0
35.25,96.0833,12.61,-25.29,0.0
35.25,96.25,12.63,-25.29,0.0
35.25,96.4167,13.04,-25.03,0.0
35.25,96.5833,11.94,-25.55,0.0
35.25,96.75,11.94,-25.31,0.0
35.25,96.9167,11.77,-25.63,0.0
35.0833,68.0833,21.33,-13.6,0.0
35.0833,68.25,15.71,-17.25,0.0
35.0833,68.4167,15.25,-17.51,0.0
35.0833,68.5833,16.03,-16.93,0.0
35.0833,68.75,21.94,-13.1,0.0
35.0833,68.9167,26.04,-10.16,1.04
35.0833,69.0833,28.44,-8.42,3.44
35.0833,69.25,33.46,-5.03,8.46
35.0833,69.4167,31.07,-6.26,6.07
35.0833,69.5833,24.48,-9.34,0.0
35.0833,69.75,18.1,-13.8,0.0
35.0833,69.9167,18.35,-14.13,0.0
35.0833,70.0833,18.91,-12.63,0.0
35.0833,70.25,26.07,-6.75,1.07
35.0833,70.4167,27.86,-4.93,2.86
35.0833,70.5833,23.08,-7.97,0.0
35.0833,70.75,25.99,-5.86,0.99
35.0833,70.9167,28.52,-3.97,3.52
35.0833,71.0833,21.06,-9.72,0.0
35.0833,71.25,30.39,-1.9,5.39
35.0833,71.4167,33.14,-1.08,8.14
35.0833,71.5833,27.44,-4.62,2.44
35.0833,71.75,31.99,-1.32,6.99
35.0833,71.9167,33.1,-0.46,8.1
35.0833,72.0833,32.41,-0.64,7.41
35.0833,72.25,26.42,-3.91,1.42
35.0833,72.4167,30.11,-1.47,5.11
35.0833,72.5833,26.85,-3.82,1.85
35.0833,72.75,21.77,-8.65,0.0
35.0833,72.9167,30.22,-1.33,5.22
35.0833,73.0833,28.84,-2.77,3.84
35.0833,73.25,21.46,-10.16,0.0
35.0833,73.4167,17.1,-15.8,0.0
35.0833,73.5833,15.87,-18.13,0.0
35.0833,73.75,17.37,-17.79,0.0
35.0833,73.9167,17.04,-18.57,0.0
35.0833,74.0833,16.68,-18.99,0.0
35.0833,74.25,15.5,-19.67,0.0
35.0833,74.4167,12.75,-22.26,0.0
35.0833,74.5833,13.29,-22.73,0.0
35.0833,74.75,19.58,-17.86,0.0
35.0833,74.9167,17.18,-20.34,0.0
35.0833,75.0833,17.49,-20.98,0.0
35.0833,75.25,14.93,-24.26,0.0
35.0833,75.4167,17.11,-24.46,0.0
35.0833,75.5833,16.87,-23.83,0.0
35.0833,75.75,15.99,-23.66,0.0
35.0833,75.9167,22.15,-18.51,0.0
35.0833,76.0833,22.12,-18.54,0.0
35.0833,76.25,15.34,-23.81,0.0
35.0833,76.4167,19.68,-20.03,0.0
35.0833,76.5833,15.64,-23.48,0.0
35.0833,76.75,14.14,-24.66,0.0
35.0833,76.9167,10.99,-27.26,0.0
35.0833,77.0833,7.89,-29.57,0.0
35.0833,77.25,13.42,-25.0,0.0
35.0833,77.4167,9.86,-28.0,0.0
35.0833,77.5833,6.63,-30.68,0.0
35.0833,77.75,9.55,-28.47,0.0
35.0833,77.9167,10.07,-28.19,0.0
35.0833,78.0833,10.34,-28.39,0.0
35.0833,78.25,10.25,-29.33,0.0
35.0833,78.4167,10.48,-29.92,0.0
35.0833,78.5833,10.34,-30.17,0.0
35.0833,78.75,12.23,-28.88,0.0
35.0833,78.9167,9.35,-30.23,0.0
35.0833,79.0833,11.36,-28.94,0.0
35.0833,79.25,13.1,-27.96,0.0
35.0833,79.4167,13.46,-27.17,0.0
35.0833,79.5833,15.08,-26.61,0.0
35.0833,79.75,14.54,-26.67,0.0
35.0833,79.9167,15.26,-25.85,0.0
35.0833,80.0833,15.87,-25.85,0.0
35.0833,80.25,15.59,-25.86,0.0
35.0833,80.4167,15.33,-26.76,0.0
35.0833,80.5833,14.47,-27.58,0.0
35.0833,80.75,13.18,-28.5,0.0
35.0833,80.9167,10.88,-28.94,0.0
35.0833,81.0833,12.22,-27.0,0.0
35.0833,81.25,12.72,-28.04,0.0
35.0833,81.4167,11.71,-29.07,0.0
35.0833,81.5833,12.98,-28.2,0.0
35.0833,81.75,13.21,-28.09,0.0
35.0833,81.9167,13.42,-27.93,0.0
35.0833,82.0833,11.99,-29.0,0.0
35.0833,82.25,11.74,-28.97,0.0
35.0833,82.4167,11.4,-28.56,0.0
35.0833,82.5833,13.27,-27.23,0.0
35.0833,82.75,13.72,-27.04,0.0
35.0833,82.9167,13.78,-27.07,0.0
35.0833,83.0833,13.53,-26.63,0.0
35.0833,83.25,13.91,-26.89,0.0
35.0833,83.4167,13.63,-27.66,0.0
35.0833,83.5833,13.38,-27.57,0.0
35.0833,83.75,13.05,-27.5,0.0
35.0833,83.9167,12.86,-27.44,0.0
35.0833,84.0833,13.64,-27.13,0.0
35.0833,84.25,14.31,-26.92,0.0
35.0833,84.4167,14.28,-26.78,0.0
35.0833,84.5833,14.17,-27.0,0.0
35.0833,84.75,14.08,-27.22,0.0
35.0833,84.9167,13.95,-27.39,0.0
35.0833,85.0833,13.95,-27.07,0.0
35.0833,85.25,13.88,-27.07,0.0
35.0833,85.4167,13.69,-27.0,0.0
35.0833,85.5833,13.53,-27.17,0.0
35.0833,85.75,12.49,-27.67,0.0
35.0833,85.9167,12.57,-27.23,0.0
35.0833,86.0833,13.26,-26.73,0.0
35.0833,86.25,14.22,-26.3,0.0
35.0833,86.4167,14.39,-26.2,0.0
35.0833,86.5833,14.67,-25.63,0.0
35.0833,86.75,13.81,-24.9,0.0
35.0833,86.9167,14.07,-25.44,0.0
35.0833,87.0833,13.78,-25.52,0.0
35.0833,87.25,13.29,-26.39,0.0
35.0833,87.4167,12.56,-26.55,0.0
35.0833,87.5833,13.56,-25.9,0.0
35.0833,87.75,13.78,-26.09,0.0
35.0833,87.9167,13.02,-26.3,0.0
35.0833,88.0833,13.1,-25.92,0.0
35.0833,88.25,11.9,-26.85,0.0
35.0833,88.4167,11.68,-26.95,0.0
35.0833,88.5833,10.7,-27.23,0.0
35.0833,88.75,10.65,-26.97,0.0
35.0833,88.9167,9.99,-26.94,0.0
35.0833,89.0833,11.4,-26.19,0.0
35.0833,89.25,12.26,-25.96,0.0
35.0833,89.4167,12.1,-26.16,0.0
35.0833,89.5833,10.8,-26.49,0.0
35.0833,89.75,11.77,-25.51,0.0
35.0833,89.9167,11.41,-26.13,0.0
35.0833,90.0833,11.08,-25.92,0.0
35.0833,90.25,11.61,-25.29,0.0
35.0833,90.4167,11.76,-25.36,0.0
35.0833,90.5833,11.65,-25.22,0.0
35.0833,90.75,11.71,-26.23,0.0
35.0833,90.9167,10.74,-26.81,0.0
35.0833,91.0833,10.01,-26.93,0.0
35.0833,91.25,10.17,-26.56,0.0
35.0833,91.4167,10.77,-26.14,0.0
35.0833,91.5833,11.3,-25.95,0.0
35.0833,91.75,11.56,-26.0,0.0
35.0833,91.9167,10.81,-26.11,0.0
35.0833,92.0833,10.68,-25.84,0.0
35.0833,92.25,11.31,-25.46,0.0
35.0833,92.4167,11.45,-25.49,0.0
35.0833,92.5833,11.54,-25.4,0.0
35.0833,92.75,11.58,-25.13,0.0
35.0833,92.9167,12.04,-24.75,0.0
35.0833,93.0833,11.81,-24.6,0.0
35.0833,93.25,11.58,-24.52,0.0
35.0833,93.4167,11.82,-24.27,0.0
35.0833,93.5833,11.64,-24.56,0.0
35.0833,93.75,11.59,-24.52,0.0
35.0833,93.9167,12.15,-24.12,0.0
35.0833,94.0833,12.96,-23.8,0.0
35.0833,94.25,13.81,-23.53,0.0
35.0833,94.4167,14.61,-23.51,0.0
35.0833,94.5833,14.52,-23.86,0.0
35.0833,94.75,14.4,-23.93,0.0
35.0833,94.9167,13.86,-24.4,0.0
35.0833,95.0833,12.42,-25.09,0.0
35.0833,95.25,12.46,-25.08,0.0
35.0833,95.4167,12.99,-24.95,0.0
35.0833,95.5833,11.78,-25.66,0.0
35.0833,95.75,11.57,-25.42,0.0
35.0833,95.9167,12.2,-25.24,0.0
35.0833,96.0833,12.3,-25.29,0.0
35.0833,96.25,12.33,-24.98,0.0
35.0833,96.4167,13.07,-24.68,0.0
35.0833,96.5833,13.46,-24.45,0.0
35.0833,96.75,13.51,-24.63,0.0
35.0833,96.9167,12.96,-25.1,0.0
34.9167,68.0833,21.96,-14.1,0.0
34.9167,68.25,20.51,-15.5,0.0
34.9167,68.4167,22.18,-14.09,0.0
34.9167,68.5833,25.95,-11.8,0.95
34.9167,68.75,26.55,-11.04,1.55
34.9167,68.9167,23.99,-11.98,0.0
34.9167,69.0833,29.34,-8.59,4.34
34.9167,69.25,34.79,-5.51,9.79
34.9167,69.4167,34.15,-5.41,9.15
34.9167,69.5833,33.77,-4.62,8.77
34.9167,69.75,28.54,-6.87,3.54
34.9167,69.9167,21.4,-10.74,0.0
34.9167,70.0833,30.11,-3.99,5.11
34.9167,70.25,27.03,-5.27,2.03
34.9167,70.4167,33.95,-1.13,8.95
34.9167,70.5833,23.89,-7.34,0.0
34.9167,70.75,28.04,-4.27,3.04
34.9167,70.9167,31.99,-1.62,6.99
34.9167,71.0833,33.32,-0.71,8.32
34.9167,71.25,34.55,0.25,9.55
34.9167,71.4167,32.41,-0.79,7.41
34.9167,71.5833,34.71,0.21,9.71
34.9167,71.75,36.18,1.01,11.18
34.9167,71.9167,34.89,0.6,9.89
34.9167,72.0833,32.71,-0.2,7.71
34.9167,72.25,32.48,-0.33,7.48
34.9167,72.4167,34.52,0.59,9.52
34.9167,72.5833,30.23,-1.38,5.23
34.9167,72.75,30.33,-0.8,5.33
34.9167,72.9167,32.0,0.0,7.0
34.9167,73.0833,24.74,-5.84,0.0
34.9167,73.25,19.81,-11.82,0.0
34.9167,73.4167,17.57,-15.38,0.0
34.9167,73.5833,18.51,-14.87,0.0
34.9167,73.75,19.41,-14.87,0.0
34.9167,73.9167,17.37,-17.39,0.0
34.9167,74.0833,17.24,-17.28,0.0
34.9167,74.25,18.83,-15.08,0.0
34.9167,74.4167,19.01,-15.38,0.0
34.9167,74.5833,15.88,-19.59,0.0
34.9167,74.75,15.74,-20.54,0.0
34.9167,74.9167,18.16,-19.42,0.0
34.9167,75.0833,16.4,-21.56,0.0
34.9167,75.25,17.32,-23.74,0.0
34.9167,75.4167,18.72,-24.42,0.0
34.9167,75.5833,14.95,-24.85,0.0
34.9167,75.75,12.91,-25.7,0.0
34.9167,75.9167,13.8,-24.81,0.0
34.9167,76.0833,18.5,-21.57,0.0
34.9167,76.25,21.23,-19.15,0.0
34.9167,76.4167,13.78,-24.75,0.0
34.9167,76.5833,18.64,-20.65,0.0
34.9167,76.75,18.94,-20.12,0.0
34.9167,76.9167,13.97,-24.44,0.0
34.9167,77.0833,12.57,-25.52,0.0
34.9167,77.25,10.29,-27.62,0.0
34.9167,77.4167,15.6,-22.97,0.0
34.9167,77.5833,10.43,-27.71,0.0
34.9167,77.75,6.18,-30.76,0.0
34.9167,77.9167,8.99,-29.08,0.0
34.9167,78.0833,12.97,-26.18,0.0
34.9167,78.25,7.82,-30.13,0.0
34.9167,78.4167,7.3,-30.54,0.0
34.9167,78.5833,10.17,-29.86,0.0
34.9167,78.75,11.09,-29.57,0.0
34.9167,78.9167,11.01,-29.44,0.0
34.9167,79.0833,12.54,-28.73,0.0
34.9167,79.25,13.27,-28.59,0.0
34.9167,79.4167,13.35,-28.13,0.0
34.9167,79.5833,13.66,-27.44,0.0
34.9167,79.75,14.69,-26.62,0.0
34.9167,79.9167,14.29,-26.8,0.0
34.9167,80.0833,13.89,-26.77,0.0
34.9167,80.25,14.12,-26.54,0.0
34.9167,80.4167,13.65,-26.8,0.0
34.9167,80.5833,14.2,-26.74,0.0
34.9167,80.75,13.81,-27.4,0.0
34.9167,80.9167,11.31,-28.31,0.0
34.9167,81.0833,11.4,-27.7,0.0
34.9167,81.25,12.47,-27.52,0.0
34.9167,81.4167,14.25,-26.56,0.0
34.9167,81.5833,13.86,-25.92,0.0
34.9167,81.75,13.71,-27.49,0.0
34.9167,81.9167,13.59,-27.15,0.0
34.9167,82.0833,13.04,-27.94,0.0
34.9167,82.25,12.71,-27.75,0.0
34.9167,82.4167,11.87,-28.14,0.0
34.9167,82.5833,12.57,-27.42,0.0
34.9167,82.75,13.11,-27.05,0.0
34.9167,82.9167,14.03,-26.85,0.0
34.9167,83.0833,13.47,-26.88,0.0
34.9167,83.25,12.86,-27.73,0.0
34.9167,83.4167,12.75,-28.03,0.0
34.9167,83.5833,13.13,-28.13,0.0
34.9167,83.75,13.28,-28.04,0.0
34.9167,83.9167,13.5,-27.6,0.0
34.9167,84.0833,13.57,-27.61,0.0
34.9167,84.25,12.77,-27.59,0.0
34.9167,84.4167,13.42,-27.13,0.0
34.9167,84.5833,12.94,-27.48,0.0
34.9167,84.75,13.18,-27.13,0.0
34.9167,84.9167,13.37,-27.26,0.0
34.9167,85.0833,12.66,-27.34,0.0
34.9167,85.25,12.19,-27.42,0.0
34.9167,85.4167,12.49,-27.2,0.0
34.9167,85.5833,12.77,-27.08,0.0
34.9167,85.75,13.06,-26.88,0.0
34.9167,85.9167,13.32,-26.53,0.0
34.9167,86.0833,13.82,-26.25,0.0
34.9167,86.25,14.23,-26.07,0.0
34.9167,86.4167,14.4,-25.96,0.0
34.9167,86.5833,14.36,-25.74,0.0
34.9167,86.75,13.53,-26.03,0.0
34.9167,86.9167,13.77,-25.92,0.0
34.9167,87.0833,13.2,-25.87,0.0
34.9167,87.25,14.34,-25.44,0.0
34.9167,87.4167,14.15,-25.87,0.0
34.9167,87.5833,13.52,-25.93,0.0
34.9167,87.75,13.31,-25.82,0.0
34.9167,87.9167,12.93,-25.84,0.0
34.9167,88.0833,13.03,-25.59,0.0
34.9167,88.25,12.6,-26.27,0.0
34.9167,88.4167,12.1,-26.29,0.0
34.9167,88.5833,11.84,-26.5,0.0
34.9167,88.75,11.87,-26.54,0.0
34.9167,88.9167,12.13,-26.26,0.0
34.9167,89.0833,12.65,-26.26,0.0
34.9167,89.25,12.43,-25.56,0.0
34.9167,89.4167,11.5,-26.57,0.0
34.9167,89.5833,8.91,-27.51,0.0
34.9167,89.75,10.25,-26.45,0.0
34.9167,89.9167,10.37,-26.32,0.0
34.9167,90.0833,11.18,-25.83,0.0
34.9167,90.25,11.45,-25.32,0.0
34.9167,90.4167,11.42,-25.44,0.0
34.9167,90.5833,11.39,-25.4,0.0
34.9167,90.75,11.55,-26.02,0.0
34.9167,90.9167,10.92,-26.85,0.0
34.9167,91.0833,9.81,-27.44,0.0
34.9167,91.25,9.51,-27.33,0.0
34.9167,91.4167,9.91,-26.57,0.0
34.9167,91.5833,10.77,-26.16,0.0
34.9167,91.75,11.35,-26.0,0.0
34.9167,91.9167,10.69,-26.58,0.0
34.9167,92.0833,10.37,-26.53,0.0
34.9167,92.25,10.04,-26.04,0.0
34.9167,92.4167,10.15,-26.02,0.0
34.9167,92.5833,11.12,-25.14,0.0
34.9167,92.75,12.3,-24.59,0.0
34.9167,92.9167,12.74,-24.24,0.0
34.9167,93.0833,13.25,-24.02,0.0
34.9167,93.25,13.51,-24.07,0.0
34.9167,93.4167,13.98,-23.98,0.0
34.9167,93.5833,13.88,-23.99,0.0
34.9167,93.75,13.0,-24.28,0.0
34.9167,93.9167,11.53,-24.98,0.0
34.9167,94.0833,11.7,-24.86,0.0
34.9167,94.25,12.52,-24.09,0.0
34.9167,94.4167,12.84,-23.76,0.0
34.9167,94.5833,12.65,-24.12,0.0
34.9167,94.75,13.3,-23.82,0.0
34.9167,94.9167,14.46,-23.51,0.0
34.9167,95.0833,13.03,-24.55,0.0
34.9167,95.25,10.95,-25.65,0.0
34.9167,95.4167,11.96,-24.76,0.0
34.9167,95.5833,13.1,-24.5,0.0
34.9167,95.75,11.98,-25.43,0.0
34.9167,95.9167,11.37,-25.83,0.0
34.9167,96.0833,11.74,-25.66,0.0
34.9167,96.25,12.02,-25.37,0.0
34.9167,96.4167,11.93,-25.2,0.0
34.9167,96.5833,12.13,-24.93,0.0
34.9167,96.75,13.14,-24.48,0.0
34.9167,96.9167,12.87,-24.52,0.0
34.75,68.0833,19.16,-16.98,0.0
34.75,68.25,18.63,-17.48,0.0
34.75,68.4167,21.2,-15.8,0.0
34.75,68.5833,21.87,-15.18,0.0
34.75,68.75,20.35,-15.15,0.0
34.75,68.9167,18.69,-15.09,0.0
34.75,69.0833,31.97,-8.04,6.97
34.75,69.25,33.58,-7.03,8.58
34.75,69.4167,29.55,-8.07,4.55
34.75,69.5833,34.69,-3.79,9.69
34.75,69.75,33.63,-3.9,8.63
34.75,69.9167,29.76,-4.98,4.76
34.75,70.0833,35.48,-0.67,10.48
34.75,70.25,36.66,0.15,11.66
34.75,70.4167,32.78,-1.83,7.78
34.75,70.5833,25.9,-5.38,0.9
34.75,70.75,27.27,-3.59,2.27
34.75,70.9167,33.68,0.12,8.68
34.75,71.0833,36.02,1.2,11.02
34.75,71.25,33.98,0.23,8.98
34.75,71.4167,37.59,1.13,12.59
34.75,71.5833,37.33,1.06,12.33
34.75,71.75,36.93,1.31,11.93
34.75,71.9167,35.56,1.02,10.56
34.75,72.0833,35.95,0.82,10.95
34.75,72.25,35.6,0.98,10.6
34.75,72.4167,33.37,0.15,8.37
34.75,72.5833,29.61,-1.24,4.61
34.75,72.75,33.3,1.14,8.3
34.75,72.9167,32.97,0.95,7.97
34.75,73.0833,28.66,-2.04,3.66
34.75,73.25,22.34,-7.25,0.0
34.75,73.4167,20.67,-9.87,0.0
34.75,73.5833,22.69,-8.29,0.0
34.75,73.75,16.27,-16.37,0.0
34.75,73.9167,19.08,-12.91,0.0
34.75,74.0833,22.33,-9.25,0.0
34.75,74.25,22.62,-9.6,0.0
34.75,74.4167,22.88,-10.22,0.0
34.75,74.5833,20.92,-13.06,0.0
34.75,74.75,20.58,-14.28,0.0
34.75,74.9167,19.23,-17.32,0.0
34.75,75.0833,18.34,-19.26,0.0
34.75,75.25,17.62,-22.16,0.0
34.75,75.4167,16.48,-23.28,0.0
34.75,75.5833,15.63,-23.64,0.0
34.75,75.75,17.18,-22.85,0.0
34.75,75.9167,14.91,-24.22,0.0
34.75,76.0833,18.87,-21.2,0.0
34.75,76.25,22.47,-18.09,0.0
34.75,76.4167,14.63,-23.97,0.0
34.75,76.5833,12.42,-25.96,0.0
34.75,76.75,11.98,-26.22,0.0
34.75,76.9167,16.06,-22.68,0.0
34.75,77.0833,16.91,-21.57,0.0
34.75,77.25,17.8,-20.68,0.0
34.75,77.4167,14.8,-23.18,0.0
34.75,77.5833,17.47,-20.79,0.0
34.75,77.75,6.58,-30.75,0.0
34.75,77.9167,7.11,-30.09,0.0
34.75,78.0833,11.79,-26.26,0.0
34.75,78.25,12.71,-26.1,0.0
34.75,78.4167,11.19,-27.47,0.0
34.75,78.5833,11.21,-28.27,0.0
34.75,78.75,11.58,-29.24,0.0
34.75,78.9167,11.99,-28.77,0.0
34.75,79.0833,12.52,-28.04,0.0
34.75,79.25,13.29,-28.11,0.0
34.75,79.4167,13.89,-28.27,0.0
34.75,79.5833,13.65,-28.26,0.0
34.75,79.75,12.56,-28.06,0.0
34.75,79.9167,11.73,-28.48,0.0
34.75,80.0833,12.35,-27.64,0.0
34.75,80.25,11.41,-28.02,0.0
34.75,80.4167,11.39,-28.06,0.0
34.75,80.5833,11.91,-27.96,0.0
34.75,80.75,12.86,-27.2,0.0
34.75,80.9167,11.95,-27.78,0.0
34.75,81.0833,12.84,-26.96,0.0
34.75,81.25,13.8,-26.75,0.0
34.75,81.4167,13.26,-26.9,0.0
34.75,81.5833,13.12,-27.19,0.0
34.75,81.75,13.28,-27.16,0.0
34.75,81.9167,12.83,-26.52,0.0
34.75,82.0833,13.22,-27.67,0.0
34.75,82.25,9.92,-29.62,0.0
34.75,82.4167,8.28,-29.77,0.0
34.75,82.5833,12.67,-27.36,0.0
34.75,82.75,13.24,-26.96,0.0
34.75,82.9167,13.32,-27.02,0.0
34.75,83.0833,12.79,-27.54,0.0
34.75,83.25,13.21,-27.7,0.0
34.75,83.4167,14.15,-27.12,0.0
34.75,83.5833,14.4,-27.01,0.0
34.75,83.75,14.5,-26.83,0.0
34.75,83.9167,14.42,-26.42,0.0
34.75,84.0833,12.51,-27.93,0.0
34.75,84.25,12.05,-28.14,0.0
34.75,84.4167,12.01,-27.94,0.0
34.75,84.5833,11.86,-28.12,0.0
34.75,84.75,13.12,-27.26,0.0
34.75,84.9167,12.48,-27.86,0.0
34.75,85.0833,12.47,-27.55,0.0
34.75,85.25,12.52,-27.78,0.0
34.75,85.4167,11.96,-27.82,0.0
34.75,85.5833,11.93,-27.55,0.0
34.75,85.75,11.56,-27.37,0.0
34.75,85.9167,11.94,-26.81,0.0
34.75,86.0833,12.81,-26.06,0.0
34.75,86.25,12.86,-25.8,0.0
34.75,86.4167,13.21,-25.57,0.0
34.75,86.5833,13.84,-25.75,0.0
34.75,86.75,13.45,-26.23,0.0
34.75,86.9167,13.32,-26.31,0.0
34.75,87.0833,13.67,-26.18,0.0
34.75,87.25,13.81,-26.01,0.0
34.75,87.4167,13.09,-26.3,0.0
34.75,87.5833,12.09,-26.72,0.0
34.75,87.75,12.03,-26.43,0.0
34.75,87.9167,11.99,-26.08,0.0
34.75,88.0833,13.05,-25.59,0.0
34.75,88.25,13.09,-25.68,0.0
34.75,88.4167,13.12,-25.64,0.0
34.75,88.5833,13.04,-25.14,0.0
34.75,88.75,13.08,-24.99,0.0
34.75,88.9167,13.15,-25.01,0.0
34.75,89.0833,13.2,-24.89,0.0
34.75,89.25,13.27,-25.47,0.0
34.75,89.4167,12.75,-25.85,0.0
34.75,89.5833,10.99,-26.56,0.0
34.75,89.75,10.03,-26.74,0.0
34.75,89.9167,11.08,-25.88,0.0
34.75,90.0833,11.61,-25.58,0.0
34.75,90.25,11.45,-25.1,0.0
34.75,90.4167,11.1,-24.73,0.0
34.75,90.5833,11.35,-25.18,0.0
34.75,90.75,11.48,-25.83,0.0
34.75,90.9167,10.09,-27.22,0.0
34.75,91.0833,9.55,-27.22,0.0
34.75,91.25,9.18,-27.02,0.0
34.75,91.4167,10.42,-26.25,0.0
34.75,91.5833,11.06,-26.21,0.0
34.75,91.75,11.28,-26.24,0.0
34.75,91.9167,11.5,-26.07,0.0
34.75,92.0833,11.56,-26.02,0.0
34.75,92.25,11.4,-25.91,0.0
34.75,92.4167,10.74,-26.32,0.0
34.75,92.5833,10.89,-25.62,0.0
34.75,92.75,11.22,-25.29,0.0
34.75,92.9167,11.0,-25.13,0.0
34.75,93.0833,11.69,-24.16,0.0
34.75,93.25,13.28,-23.52,0.0
34.75,93.4167,13.81,-23.56,0.0
34.75,93.5833,14.34,-23.44,0.0
34.75,93.75,14.76,-23.24,0.0
34.75,93.9167,14.46,-23.52,0.0
34.75,94.0833,13.1,-24.28,0.0
34.75,94.25,12.47,-24.21,0.0
34.75,94.4167,14.05,-23.07,0.0
34.75,94.5833,14.47,-22.94,0.0
34.75,94.75,14.26,-23.0,0.0
34.75,94.9167,14.34,-23.04,0.0
34.75,95.0833,13.72,-23.79,0.0
34.75,95.25,11.82,-25.14,0.0
34.75,95.4167,11.25,-25.08,0.0
34.75,95.5833,13.17,-23.99,0.0
34.75,95.75,11.73,-25.3,0.0
34.75,95.9167,11.62,-25.85,0.0
34.75,96.0833,11.23,-25.98,0.0
34.75,96.25,11.3,-25.97,0.0
34.75,96.4167,11.16,-25.81,0.0
34.75,96.5833,12.1,-25.36,0.0
34.75,96.75,11.9,-25.49,0.0
34.75,96.9167,11.77,-25.46,0.0
34.5833,68.0833,17.89,-18.95,0.0
34.5833,68.25,20.01,-17.89,0.0
34.5833,68.4167,18.33,-18.39,0.0
34.5833,68.5833,18.19,-17.7,0.0
34.5833,68.75,19.34,-15.97,0.0
34.5833,68.9167,23.83,-13.01,0.0
34.5833,69.0833,32.05,-8.82,7.05
34.5833,69.25,33.23,-7.45,8.23
34.5833,69.4167,31.24,-7.81,6.24
34.5833,69.5833,33.96,-4.33,8.96
34.5833,69.75,36.2,-1.97,11.2
34.5833,69.9167,36.75,-0.68,11.75
34.5833,70.0833,39.21,0.97,14.21
34.5833,70.25,39.34,1.64,14.34
34.5833,70.4167,38.01,1.3,13.01
34.5833,70.5833,38.44,2.03,13.44
34.5833,70.75,37.1,1.62,12.1
34.5833,70.9167,36.62,1.19,11.62
34.5833,71.0833,34.12,0.15,9.12
34.5833,71.25,38.05,1.71,13.05
34.5833,71.4167,38.71,1.96,13.71
34.5833,71.5833,36.67,1.73,11.67
34.5833,71.75,37.01,1.74,12.01
34.5833,71.9167,37.15,1.41,12.15
34.5833,72.0833,37.05,1.16,12.05
34.5833,72.25,34.88,0.98,9.88
34.5833,72.4167,35.15,1.15,10.15
34.5833,72.5833,34.18,1.45,9.18
34.5833,72.75,34.4,1.75,9.4
34.5833,72.9167,29.54,-0.89,4.54
34.5833,73.0833,31.83,0.18,6.83
34.5833,73.25,29.77,-0.6,4.77
34.5833,73.4167,27.7,-2.35,2.7
34.5833,73.5833,21.81,-8.12,0.0
34.5833,73.75,21.26,-9.08,0.0
34.5833,73.9167,24.39,-6.04,0.0
34.5833,74.0833,23.73,-7.15,0.0
34.5833,74.25,26.64,-4.79,1.64
34.5833,74.4167,25.21,-6.69,0.21
34.5833,74.5833,20.28,-13.0,0.0
34.5833,74.75,20.09,-15.07,0.0
34.5833,74.9167,20.74,-15.97,0.0
34.5833,75.0833,20.39,-17.61,0.0
34.5833,75.25,17.65,-20.64,0.0
34.5833,75.4167,14.69,-23.55,0.0
34.5833,75.5833,15.94,-23.32,0.0
34.5833,75.75,16.52,-23.08,0.0
34.5833,75.9167,19.02,-21.35,0.0
34.5833,76.0833,22.62,-18.85,0.0
34.5833,76.25,21.26,-20.02,0.0
34.5833,76.4167,21.77,-18.54,0.0
34.5833,76.5833,20.77,-18.57,0.0
34.5833,76.75,13.03,-25.11,0.0
34.5833,76.9167,10.55,-27.24,0.0
34.5833,77.0833,11.02,-26.6,0.0
34.5833,77.25,12.78,-25.05,0.0
34.5833,77.4167,18.39,-20.02,0.0
34.5833,77.5833,22.09,-16.34,0.0
34.5833,77.75,12.4,-25.11,0.0
34.5833,77.9167,6.16,-30.79,0.0
34.5833,78.0833,7.86,-29.36,0.0
34.5833,78.25,11.67,-26.23,0.0
34.5833,78.4167,7.71,-30.18,0.0
34.5833,78.5833,10.88,-28.87,0.0
34.5833,78.75,11.18,-29.27,0.0
34.5833,78.9167,10.57,-29.64,0.0
34.5833,79.0833,10.38,-29.58,0.0
34.5833,79.25,11.83,-28.46,0.0
34.5833,79.4167,12.15,-28.25,0.0
34.5833,79.5833,11.88,-28.09,0.0
34.5833,79.75,11.91,-27.77,0.0
34.5833,79.9167,12.74,-27.63,0.0
34.5833,80.0833,13.65,-26.99,0.0
34.5833,80.25,13.39,-26.65,0.0
34.5833,80.4167,13.17,-25.6,0.0
34.5833,80.5833,13.02,-27.03,0.0
34.5833,80.75,11.9,-28.02,0.0
34.5833,80.9167,12.22,-27.55,0.0
34.5833,81.0833,12.43,-27.24,0.0
34.5833,81.25,12.4,-27.85,0.0
34.5833,81.4167,9.85,-29.1,0.0
34.5833,81.5833,12.23,-27.28,0.0
34.5833,81.75,13.45,-26.75,0.0
34.5833,81.9167,12.89,-27.77,0.0
34.5833,82.0833,12.63,-28.15,0.0
34.5833,82.25,11.98,-28.68,0.0
34.5833,82.4167,12.22,-28.28,0.0
34.5833,82.5833,13.46,-27.29,0.0
34.5833,82.75,11.36,-28.78,0.0
34.5833,82.9167,12.15,-28.24,0.0
34.5833,83.0833,11.31,-28.75,0.0
34.5833,83.25,13.27,-27.29,0.0
34.5833,83.4167,14.15,-27.01,0.0
34.5833,83.5833,13.65,-27.36,0.0
34.5833,83.75,13.4,-27.29,0.0
34.5833,83.9167,13.72,-27.41,0.0
34.5833,84.0833,12.02,-28.01,0.0
34.5833,84.25,15.08,-26.2,0.0
34.5833,84.4167,13.38,-27.58,0.0
34.5833,84.5833,13.13,-27.58,0.0
34.5833,84.75,13.65,-27.08,0.0
34.5833,84.9167,13.12,-27.79,0.0
34.5833,85.0833,11.28,-28.46,0.0
34.5833,85.25,11.27,-28.36,0.0
34.5833,85.4167,10.89,-28.24,0.0
34.5833,85.5833,10.86,-28.12,0.0
34.5833,85.75,11.35,-27.64,0.0
34.5833,85.9167,11.22,-27.32,0.0
34.5833,86.0833,11.43,-27.08,0.0
34.5833,86.25,11.69,-26.75,0.0
34.5833,86.4167,11.72,-26.62,0.0
34.5833,86.5833,12.63,-25.95,0.0
34.5833,86.75,13.33,-25.9,0.0
34.5833,86.9167,13.37,-26.01,0.0
34.5833,87.0833,13.48,-25.49,0.0
34.5833,87.25,13.3,-25.29,0.0
34.5833,87.4167,12.85,-26.18,0.0
34.5833,87.5833,11.9,-26.54,0.0
34.5833,87.75,11.46,-26.49,0.0
34.5833,87.9167,12.46,-25.52,0.0
34.5833,88.0833,13.02,-25.43,0.0
34.5833,88.25,13.45,-25.21,0.0
34.5833,88.4167,13.5,-25.0,0.0
34.5833,88.5833,13.37,-24.52,0.0
34.5833,88.75,13.0,-24.68,0.0
34.5833,88.9167,12.6,-23.54,0.0
34.5833,89.0833,12.6,-23.62,0.0
34.5833,89.25,13.17,-24.6,0.0
34.5833,89.4167,12.54,-25.7,0.0
34.5833,89.5833,11.22,-26.48,0.0
34.5833,89.75,9.21,-27.41,0.0
34.5833,89.9167,10.03,-26.4,0.0
34.5833,90.0833,10.9,-25.75,0.0
34.5833,90.25,10.72,-25.91,0.0
34.5833,90.4167,10.93,-25.78,0.0
34.5833,90.5833,11.46,-25.75,0.0
34.5833,90.75,11.81,-25.6,0.0
34.5833,90.9167,11.61,-25.83,0.0
34.5833,91.0833,11.47,-26.0,0.0
34.5833,91.25,10.99,-26.23,0.0
34.5833,91.4167,11.08,-25.82,0.0
34.5833,91.5833,11.22,-25.97,0.0
34.5833,91.75,11.9,-25.78,0.0
34.5833,91.9167,12.21,-25.72,0.0
34.5833,92.0833,12.86,-25.4,0.0
34.5833,92.25,12.12,-25.8,0.0
34.5833,92.4167,12.28,-25.54,0.0
34.5833,92.5833,12.56,-25.48,0.0
34.5833,92.75,12.12,-25.19,0.0
34.5833,92.9167,11.46,-25.41,0.0
34.5833,93.0833,10.96,-25.03,0.0
34.5833,93.25,11.51,-24.24,0.0
34.5833,93.4167,12.27,-23.92,0.0
34.5833,93.5833,12.78,-23.69,0.0
34.5833,93.75,13.36,-23.24,0.0
34.5833,93.9167,14.24,-22.92,0.0
34.5833,94.0833,14.47,-23.04,0.0
34.5833,94.25,13.82,-23.32,0.0
34.5833,94.4167,12.88,-23.6,0.0
34.5833,94.5833,12.67,-23.76,0.0
34.5833,94.75,12.42,-23.71,0.0
34.5833,94.9167,13.67,-23.12,0.0
34.5833,95.0833,14.1,-23.17,0.0
34.5833,95.25,13.35,-23.83,0.0
34.5833,95.4167,13.4,-23.69,0.0
34.5833,95.5833,13.03,-23.92,0.0
34.5833,95.75,12.91,-24.44,0.0
34.5833,95.9167,12.36,-25.12,0.0
34.5833,96.0833,11.29,-25.86,0.0
34.5833,96.25,10.75,-26.33,0.0
34.5833,96.4167,10.59,-26.38,0.0
34.5833,96.5833,10.96,-26.06,0.0
34.5833,96.75,11.17,-25.81,0.0
34.5833,96.9167,11.32,-25.8,0.0
34.4167,68.0833,21.59,-18.24,0.0
34.4167,68.25,20.85,-17.99,0.0
34.4167,68.4167,20.37,-17.12,0.0
34.4167,68.5833,23.14,-15.12,0.0
34.4167,68.75,27.0,-13.35,2.0
34.4167,68.9167,27.71,-12.48,2.71
34.4167,69.0833,31.13,-10.18,6.13
34.4167,69.25,30.92,-9.24,5.92
34.4167,69.4167,29.38,-9.98,4.38
34.4167,69.5833,29.43,-8.63,4.43
34.4167,69.75,32.26,-5.33,7.26
34.4167,69.9167,33.36,-3.24,8.36
34.4167,70.0833,36.28,-0.2,11.28
34.4167,70.25,38.46,1.44,13.46
34.4167,70.4167,40.41,2.72,15.41
34.4167,70.5833,40.09,2.98,15.09
34.4167,70.75,39.97,3.06,14.97
34.4167,70.9167,39.5,2.57,14.5
34.4167,71.0833,38.12,1.79,13.12
34.4167,71.25,39.19,2.13,14.19
34.4167,71.4167,38.93,2.3,13.93
34.4167,71.5833,38.3,2.69,13.3
34.4167,71.75,39.1,2.55,14.1
34.4167,71.9167,38.75,2.16,13.75
34.4167,72.0833,38.76,1.97,13.76
34.4167,72.25,37.25,2.12,12.25
34.4167,72.4167,36.42,1.67,11.42
34.4167,72.5833,36.43,1.72,11.43
34.4167,72.75,35.37,2.21,10.37
34.4167,72.9167,33.53,1.34,8.53
34.4167,73.0833,34.32,1.64,9.32
34.4167,73.25,34.64,1.81,9.64
34.4167,73.4167,33.29,1.37,8.29
34.4167,73.5833,28.95,-1.19,3.95
34.4167,73.75,27.69,-2.2,2.69
34.4167,73.9167,22.82,-7.48,0.0
34.4167,74.0833,25.57,-5.58,0.57
34.4167,74.25,29.7,-2.31,4.7
34.4167,74.4167,28.23,-3.46,3.23
34.4167,74.5833,27.89,-3.92,2.89
34.4167,74.75,22.72,-10.22,0.0
34.4167,74.9167,17.24,-17.9,0.0
34.4167,75.0833,16.94,-19.6,0.0
34.4167,75.25,16.27,-20.81,0.0
34.4167,75.4167,14.44,-23.09,0.0
34.4167,75.5833,16.73,-22.43,0.0
34.4167,75.75,18.67,-22.15,0.0
34.4167,75.9167,18.94,-21.56,0.0
34.4167,76.0833,19.76,-20.91,0.0
34.4167,76.25,20.52,-20.58,0.0
34.4167,76.4167,20.65,-20.11,0.0
34.4167,76.5833,21.53,-18.83,0.0
34.4167,76.75,21.32,-17.76,0.0
34.4167,76.9167,15.62,-22.6,0.0
34.4167,77.0833,11.71,-26.08,0.0
34.4167,77.25,9.72,-27.64,0.0
34.4167,77.4167,11.15,-26.43,0.0
34.4167,77.5833,12.23,-25.41,0.0
34.4167,77.75,18.77,-19.05,0.0
34.4167,77.9167,11.54,-25.66,0.0
34.4167,78.0833,7.72,-29.4,0.0
34.4167,78.25,13.57,-24.12,0.0
34.4167,78.4167,8.82,-28.62,0.0
34.4167,78.5833,8.81,-29.79,0.0
34.4167,78.75,11.46,-28.42,0.0
34.4167,78.9167,13.39,-27.17,0.0
34.4167,79.0833,11.21,-28.8,0.0
34.4167,79.25,11.39,-28.96,0.0
34.4167,79.4167,11.49,-29.04,0.0
34.4167,79.5833,10.23,-29.49,0.0
34.4167,79.75,11.2,-28.63,0.0
34.4167,79.9167,11.32,-28.07,0.0
34.4167,80.0833,11.25,-28.31,0.0
34.4167,80.25,10.22,-29.16,0.0
34.4167,80.4167,13.27,-27.16,0.0
34.4167,80.5833,11.85,-28.38,0.0
34.4167,80.75,10.08,-29.48,0.0
34.4167,80.9167,9.1,-29.33,0.0
34.4167,81.0833,10.03,-29.0,0.0
34.4167,81.25,11.05,-28.75,0.0
34.4167,81.4167,9.64,-29.92,0.0
34.4167,81.5833,9.93,-28.81,0.0
34.4167,81.75,11.87,-26.94,0.0
34.4167,81.9167,12.48,-26.52,0.0
34.4167,82.0833,13.77,-27.02,0.0
34.4167,82.25,12.92,-27.5,0.0
34.4167,82.4167,13.23,-27.66,0.0
34.4167,82.5833,13.29,-27.6,0.0
34.4167,82.75,12.47,-28.11,0.0
34.4167,82.9167,13.37,-27.55,0.0
34.4167,83.0833,12.07,-28.19,0.0
34.4167,83.25,12.49,-27.65,0.0
34.4167,83.4167,13.63,-26.8,0.0
34.4167,83.5833,15.23,-25.96,0.0
34.4167,83.75,15.39,-26.3,0.0
34.4167,83.9167,14.53,-26.88,0.0
34.4167,84.0833,14.77,-26.38,0.0
34.4167,84.25,15.62,-25.07,0.0
34.4167,84.4167,12.72,-27.59,0.0
34.4167,84.5833,12.37,-27.5,0.0
34.4167,84.75,12.93,-27.15,0.0
34.4167,84.9167,13.55,-26.84,0.0
34.4167,85.0833,13.34,-27.02,0.0
34.4167,85.25,13.93,-26.24,0.0
34.4167,85.4167,12.2,-27.81,0.0
34.4167,85.5833,8.77,-29.27,0.0
34.4167,85.75,10.79,-26.82,0.0
34.4167,85.9167,7.41,-29.61,0.0
34.4167,86.0833,11.31,-27.43,0.0
34.4167,86.25,11.75,-27.0,0.0
34.4167,86.4167,11.62,-26.66,0.0
34.4167,86.5833,12.63,-25.87,0.0
34.4167,86.75,13.29,-25.14,0.0
34.4167,86.9167,13.67,-25.22,0.0
34.4167,87.0833,13.3,-25.58,0.0
34.4167,87.25,13.29,-25.73,0.0
34.4167,87.4167,13.53,-25.44,0.0
34.4167,87.5833,13.03,-25.86,0.0
34.4167,87.75,12.87,-25.58,0.0
34.4167,87.9167,13.31,-24.95,0.0
34.4167,88.0833,13.42,-24.68,0.0
34.4167,88.25,13.2,-25.18,0.0
34.4167,88.4167,13.02,-24.96,0.0
34.4167,88.5833,12.77,-24.96,0.0
34.4167,88.75,12.95,-24.87,0.0
34.4167,88.9167,13.3,-24.33,0.0
34.4167,89.0833,13.48,-24.63,0.0
34.4167,89.25,13.55,-24.78,0.0
34.4167,89.4167,12.75,-25.6,0.0
34.4167,89.5833,11.24,-26.25,0.0
34.4167,89.75,9.89,-27.11,0.0
34.4167,89.9167,9.7,-26.68,0.0
34.4167,90.0833,10.08,-26.53,0.0
34.4167,90.25,9.46,-27.16,0.0
34.4167,90.4167,9.92,-26.53,0.0
34.4167,90.5833,10.08,-26.39,0.0
34.4167,90.75,11.24,-25.5,0.0
34.4167,90.9167,12.03,-25.09,0.0
34.4167,91.0833,12.03,-25.2,0.0
34.4167,91.25,11.76,-25.42,0.0
34.4167,91.4167,12.59,-24.81,0.0
34.4167,91.5833,12.78,-24.93,0.0
34.4167,91.75,12.64,-25.44,0.0
34.4167,91.9167,12.68,-25.49,0.0
34.4167,92.0833,12.69,-25.18,0.0
34.4167,92.25,12.48,-25.66,0.0
34.4167,92.4167,11.9,-25.65,0.0
34.4167,92.5833,13.05,-25.09,0.0
34.4167,92.75,13.78,-24.51,0.0
34.4167,92.9167,13.85,-24.42,0.0
34.4167,93.0833,13.23,-24.5,0.0
34.4167,93.25,13.65,-24.29,0.0
34.4167,93.4167,12.88,-24.47,0.0
34.4167,93.5833,11.14,-24.51,0.0
34.4167,93.75,12.68,-23.37,0.0
34.4167,93.9167,14.02,-22.87,0.0
34.4167,94.0833,13.36,-23.58,0.0
34.4167,94.25,11.93,-24.27,0.0
34.4167,94.4167,11.99,-24.4,0.0
34.4167,94.5833,13.09,-23.8,0.0
34.4167,94.75,12.8,-24.24,0.0
34.4167,94.9167,11.58,-24.47,0.0
34.4167,95.0833,12.74,-23.55,0.0
34.4167,95.25,12.98,-23.66,0.0
34.4167,95.4167,13.78,-23.26,0.0
34.4167,95.5833,13.03,-23.98,0.0
34.4167,95.75,12.26,-24.71,0.0
34.4167,95.9167,11.71,-25.26,0.0
34.4167,96.0833,10.66,-26.2,0.0
34.4167,96.25,11.5,-25.81,0.0
34.4167,96.4167,11.02,-26.11,0.0
34.4167,96.5833,10.78,-26.43,0.0
34.4167,96.75,11.11,-26.22,0.0
34.4167,96.9167,11.24,-26.09,0.0
34.25,68.0833,23.58,-18.05,0.0
34.25,68.25,24.73,-16.5,0.0
34.25,68.4167,23.79,-15.81,0.0
34.25,68.5833,24.27,-14.92,0.0
34.25,68.75,25.97,-13.97,0.97
34.25,68.9167,28.43,-13.2,3.43
34.25,69.0833,31.98,-11.72,6.98
34.25,69.25,29.77,-11.47,4.77
34.25,69.4167,24.02,-13.25,0.0
34.25,69.5833,23.78,-12.29,0.0
34.25,69.75,28.73,-8.11,3.73
34.25,69.9167,30.64,-5.9,5.64
34.25,70.0833,34.3,-2.05,9.3
34.25,70.25,36.68,-0.03,11.68
34.25,70.4167,38.73,1.49,13.73
34.25,70.5833,39.85,2.4,14.85
34.25,70.75,40.46,3.04,15.46
34.25,70.9167,40.59,3.51,15.59
34.25,71.0833,39.96,3.34,14.96
34.25,71.25,39.28,3.38,14.28
34.25,71.4167,39.68,3.54,14.68
34.25,71.5833,39.68,3.4,14.68
34.25,71.75,39.08,2.74,14.08
34.25,71.9167,39.07,2.43,14.07
34.25,72.0833,39.44,2.58,14.44
34.25,72.25,39.48,2.46,14.48
34.25,72.4167,38.83,2.64,13.83
34.25,72.5833,37.69,2.65,12.69
34.25,72.75,35.39,2.56,10.39
34.25,72.9167,36.41,2.81,11.41
34.25,73.0833,35.33,2.25,10.33
34.25,73.25,32.39,0.99,7.39
34.25,73.4167,30.75,0.39,5.75
34.25,73.5833,31.62,0.8,6.62
34.25,73.75,26.95,-2.58,1.95
34.25,73.9167,22.87,-6.55,0.0
34.25,74.0833,20.86,-9.22,0.0
34.25,74.25,26.74,-4.4,1.74
34.25,74.4167,29.76,-2.55,4.76
34.25,74.5833,29.85,-2.34,4.85
34.25,74.75,27.36,-4.83,2.36
34.25,74.9167,24.53,-8.14,0.0
34.25,75.0833,19.16,-15.46,0.0
34.25,75.25,17.79,-18.49,0.0
34.25,75.4167,15.83,-21.06,0.0
34.25,75.5833,14.44,-22.79,0.0
34.25,75.75,12.86,-24.38,0.0
34.25,75.9167,17.84,-21.74,0.0
34.25,76.0833,15.88,-23.11,0.0
34.25,76.25,15.81,-22.99,0.0
34.25,76.4167,16.27,-22.67,0.0
34.25,76.5833,17.34,-21.79,0.0
34.25,76.75,18.08,-20.21,0.0
34.25,76.9167,20.35,-18.45,0.0
34.25,77.0833,19.95,-18.68,0.0
34.25,77.25,21.31,-17.38,0.0
34.25,77.4167,17.56,-20.47,0.0
34.25,77.5833,15.31,-22.56,0.0
34.25,77.75,13.93,-23.94,0.0
34.25,77.9167,15.67,-22.47,0.0
34.25,78.0833,14.47,-22.87,0.0
34.25,78.25,12.88,-23.91,0.0
34.25,78.4167,10.54,-27.47,0.0
34.25,78.5833,9.73,-28.11,0.0
34.25,78.75,13.28,-25.94,0.0
34.25,78.9167,12.07,-27.1,0.0
34.25,79.0833,13.08,-27.14,0.0
34.25,79.25,12.95,-27.94,0.0
34.25,79.4167,12.22,-28.45,0.0
34.25,79.5833,7.25,-30.71,0.0
34.25,79.75,12.58,-26.75,0.0
34.25,79.9167,9.16,-29.41,0.0
34.25,80.0833,9.2,-29.22,0.0
34.25,80.25,11.64,-28.05,0.0
34.25,80.4167,13.25,-27.6,0.0
34.25,80.5833,13.52,-27.39,0.0
34.25,80.75,12.85,-27.68,0.0
34.25,80.9167,8.41,-30.05,0.0
34.25,81.0833,9.27,-29.46,0.0
34.25,81.25,11.99,-28.16,0.0
34.25,81.4167,12.31,-27.9,0.0
34.25,81.5833,13.07,-27.47,0.0
34.25,81.75,11.03,-28.36,0.0
34.25,81.9167,10.64,-28.97,0.0
34.25,82.0833,11.42,-27.62,0.0
34.25,82.25,14.04,-25.28,0.0
34.25,82.4167,13.98,-26.44,0.0
34.25,82.5833,14.91,-26.38,0.0
34.25,82.75,14.27,-26.76,0.0
34.25,82.9167,14.49,-26.77,0.0
34.25,83.0833,14.56,-26.29,0.0
34.25,83.25,14.2,-26.77,0.0
34.25,83.4167,13.37,-27.27,0.0
34.25,83.5833,13.4,-26.67,0.0
34.25,83.75,14.91,-25.56,0.0
34.25,83.9167,15.47,-25.74,0.0
34.25,84.0833,14.08,-26.72,0.0
34.25,84.25,13.02,-27.06,0.0
34.25,84.4167,12.3,-27.56,0.0
34.25,84.5833,13.21,-26.99,0.0
34.25,84.75,14.19,-26.48,0.0
34.25,84.9167,15.02,-26.19,0.0
34.25,85.0833,15.01,-26.02,0.0
34.25,85.25,14.8,-25.59,0.0
34.25,85.4167,15.04,-26.06,0.0
34.25,85.5833,12.83,-27.1,0.0
34.25,85.75,11.33,-27.55,0.0
34.25,85.9167,10.02,-28.36,0.0
34.25,86.0833,12.15,-27.05,0.0
34.25,86.25,12.77,-26.53,0.0
34.25,86.4167,11.87,-26.69,0.0
34.25,86.5833,11.12,-26.69,0.0
34.25,86.75,11.6,-26.14,0.0
34.25,86.9167,12.01,-25.96,0.0
34.25,87.0833,12.43,-25.99,0.0
34.25,87.25,12.59,-25.93,0.0
34.25,87.4167,13.18,-25.36,0.0
34.25,87.5833,13.12,-25.46,0.0
34.25,87.75,13.14,-25.01,0.0
34.25,87.9167,12.78,-25.36,0.0
34.25,88.0833,11.89,-25.64,0.0
34.25,88.25,12.4,-25.34,0.0
34.25,88.4167,12.55,-24.92,0.0
34.25,88.5833,12.43,-25.45,0.0
34.25,88.75,11.45,-25.86,0.0
34.25,88.9167,11.69,-25.3,0.0
34.25,89.0833,12.4,-24.88,0.0
34.25,89.25,12.32,-25.14,0.0
34.25,89.4167,11.02,-26.15,0.0
34.25,89.5833,10.35,-26.44,0.0
34.25,89.75,11.06,-25.76,0.0
34.25,89.9167,11.06,-26.17,0.0
34.25,90.0833,10.44,-26.85,0.0
34.25,90.25,9.09,-27.23,0.0
34.25,90.4167,9.4,-27.05,0.0
34.25,90.5833,9.17,-27.12,0.0
34.25,90.75,10.83,-25.75,0.0
34.25,90.9167,11.43,-25.55,0.0
34.25,91.0833,11.94,-25.16,0.0
34.25,91.25,11.99,-25.07,0.0
34.25,91.4167,12.22,-24.9,0.0
34.25,91.5833,12.65,-24.55,0.0
34.25,91.75,13.02,-24.98,0.0
34.25,91.9167,12.81,-25.24,0.0
34.25,92.0833,13.5,-24.85,0.0
34.25,92.25,13.44,-25.0,0.0
34.25,92.4167,13.68,-24.75,0.0
34.25,92.5833,14.26,-24.48,0.0
34.25,92.75,14.16,-24.7,0.0
34.25,92.9167,14.15,-24.08,0.0
34.25,93.0833,13.72,-23.87,0.0
34.25,93.25,13.99,-23.61,0.0
34.25,93.4167,14.17,-23.6,0.0
34.25,93.5833,13.79,-23.56,0.0
34.25,93.75,13.89,-23.24,0.0
34.25,93.9167,11.43,-24.36,0.0
34.25,94.0833,12.31,-24.03,0.0
34.25,94.25,12.24,-24.16,0.0
34.25,94.4167,11.89,-24.71,0.0
34.25,94.5833,11.79,-24.86,0.0
34.25,94.75,12.56,-24.41,0.0
34.25,94.9167,12.56,-24.68,0.0
34.25,95.0833,11.3,-25.3,0.0
34.25,95.25,11.24,-24.8,0.0
34.25,95.4167,13.29,-23.19,0.0
34.25,95.5833,14.76,-22.67,0.0
34.25,95.75,13.78,-23.55,0.0
34.25,95.9167,11.64,-25.26,0.0
34.25,96.0833,10.99,-25.8,0.0
34.25,96.25,11.78,-25.46,0.0
34.25,96.4167,12.04,-25.02,0.0
34.25,96.5833,11.53,-25.58,0.0
34.25,96.75,11.52,-25.93,0.0
34.25,96.9167,11.22,-26.41,0.0
34.0833,68.0833,24.1,-18.37,0.0
34.0833,68.25,23.43,-16.98,0.0
34.0833,68.4167,25.35,-15.45,0.35
34.0833,68.5833,27.23,-14.31,2.23
34.0833,68.75,29.3,-13.52,4.3
34.0833,68.9167,31.24,-13.33,6.24
34.0833,69.0833,32.28,-12.72,7.28
34.0833,69.25,29.24,-12.39,4.24
34.0833,69.4167,21.34,-14.81,0.0
34.0833,69.5833,23.14,-13.23,0.0
34.0833,69.75,22.45,-12.84,0.0
34.0833,69.9167,18.57,-14.49,0.0
34.0833,70.0833,21.65,-11.19,0.0
34.0833,70.25,27.11,-6.43,2.11
34.0833,70.4167,30.32,-3.7,5.32
34.0833,70.5833,33.42,-1.32,8.42
34.0833,70.75,35.85,0.55,10.85
34.0833,70.9167,35.5,0.62,10.5
34.0833,71.0833,35.65,1.19,10.65
34.0833,71.25,36.51,2.27,11.51
34.0833,71.4167,40.3,4.09,15.3
34.0833,71.5833,39.93,3.86,14.93
34.0833,71.75,39.7,3.27,14.7
34.0833,71.9167,40.27,2.87,15.27
34.0833,72.0833,40.21,2.71,15.21
34.0833,72.25,40.1,2.42,15.1
34.0833,72.4167,39.98,2.61,14.98
34.0833,72.5833,39.71,3.11,14.71
34.0833,72.75,37.7,3.7,12.7
34.0833,72.9167,38.34,3.5,13.34
34.0833,73.0833,35.91,2.62,10.91
34.0833,73.25,32.53,1.14,7.53
34.0833,73.4167,28.84,-0.66,3.84
34.0833,73.5833,31.11,0.8,6.11
34.0833,73.75,27.99,-1.45,2.99
34.0833,73.9167,25.82,-3.63,0.82
34.0833,74.0833,25.61,-4.44,0.61
34.0833,74.25,22.43,-8.73,0.0
34.0833,74.4167,25.21,-6.44,0.21
34.0833,74.5833,28.85,-3.16,3.85
34.0833,74.75,29.61,-2.56,4.61
34.0833,74.9167,27.95,-4.43,2.95
34.0833,75.0833,21.26,-11.86,0.0
34.0833,75.25,18.55,-15.81,0.0
34.0833,75.4167,16.28,-19.14,0.0
34.0833,75.5833,15.81,-20.82,0.0
34.0833,75.75,12.31,-23.78,0.0
34.0833,75.9167,16.05,-22.34,0.0
34.0833,76.0833,10.83,-25.46,0.0
34.0833,76.25,12.6,-24.95,0.0
34.0833,76.4167,13.08,-25.39,0.0
34.0833,76.5833,12.78,-25.34,0.0
34.0833,76.75,11.79,-25.68,0.0
34.0833,76.9167,15.63,-21.49,0.0
34.0833,77.0833,14.67,-22.09,0.0
34.0833,77.25,19.73,-18.07,0.0
34.0833,77.4167,19.04,-18.92,0.0
34.0833,77.5833,23.3,-14.73,0.0
34.0833,77.75,18.15,-19.51,0.0
34.0833,77.9167,11.42,-26.16,0.0
34.0833,78.0833,15.63,-22.13,0.0
34.0833,78.25,14.45,-22.98,0.0
34.0833,78.4167,13.92,-24.88,0.0
34.0833,78.5833,11.6,-27.29,0.0
34.0833,78.75,9.39,-28.62,0.0
34.0833,78.9167,10.56,-27.67,0.0
34.0833,79.0833,12.09,-27.06,0.0
34.0833,79.25,12.41,-27.59,0.0
34.0833,79.4167,10.06,-29.28,0.0
34.0833,79.5833,13.27,-27.33,0.0
34.0833,79.75,13.59,-26.51,0.0
34.0833,79.9167,9.47,-29.3,0.0
34.0833,80.0833,12.01,-27.66,0.0
34.0833,80.25,13.51,-26.56,0.0
34.0833,80.4167,14.87,-26.07,0.0
34.0833,80.5833,15.5,-25.45,0.0
34.0833,80.75,17.17,-24.0,0.0
34.0833,80.9167,13.56,-26.26,0.0
34.0833,81.0833,12.96,-27.06,0.0
34.0833,81.25,14.28,-26.37,0.0
34.0833,81.4167,14.25,-25.93,0.0
34.0833,81.5833,14.29,-24.13,0.0
34.0833,81.75,14.58,-25.09,0.0
34.0833,81.9167,13.9,-26.91,0.0
34.0833,82.0833,10.86,-28.67,0.0
34.0833,82.25,12.07,-26.39,0.0
34.0833,82.4167,14.6,-25.12,0.0
34.0833,82.5833,14.82,-25.73,0.0
34.0833,82.75,15.07,-25.98,0.0
34.0833,82.9167,15.39,-26.01,0.0
34.0833,83.0833,14.93,-26.17,0.0
34.0833,83.25,14.59,-26.28,0.0
34.0833,83.4167,14.58,-26.25,0.0
34.0833,83.5833,15.21,-25.5,0.0
34.0833,83.75,14.58,-25.7,0.0
34.0833,83.9167,13.35,-26.68,0.0
34.0833,84.0833,12.33,-27.44,0.0
34.0833,84.25,12.12,-27.59,0.0
34.0833,84.4167,13.07,-26.86,0.0
34.0833,84.5833,14.95,-26.17,0.0
34.0833,84.75,15.37,-26.17,0.0
34.0833,84.9167,15.28,-25.83,0.0
34.0833,85.0833,14.63,-26.38,0.0
34.0833,85.25,14.61,-25.79,0.0
34.0833,85.4167,14.74,-25.67,0.0
34.0833,85.5833,14.44,-25.34,0.0
34.0833,85.75,13.71,-26.25,0.0
34.0833,85.9167,14.32,-25.87,0.0
34.0833,86.0833,14.44,-25.85,0.0
34.0833,86.25,13.98,-26.05,0.0
34.0833,86.4167,13.98,-25.9,0.0
34.0833,86.5833,13.64,-25.93,0.0
34.0833,86.75,13.02,-25.76,0.0
34.0833,86.9167,14.04,-25.19,0.0
34.0833,87.0833,14.4,-24.97,0.0
34.0833,87.25,13.58,-25.76,0.0
34.0833,87.4167,12.46,-25.92,0.0
34.0833,87.5833,13.27,-25.03,0.0
34.0833,87.75,13.48,-25.1,0.0
34.0833,87.9167,12.39,-25.67,0.0
34.0833,88.0833,11.81,-25.74,0.0
34.0833,88.25,11.95,-25.22,0.0
34.0833,88.4167,13.01,-24.44,0.0
34.0833,88.5833,12.44,-25.16,0.0
34.0833,88.75,11.09,-26.14,0.0
34.0833,88.9167,11.01,-26.12,0.0
34.0833,89.0833,9.88,-26.15,0.0
34.0833,89.25,10.74,-25.73,0.0
34.0833,89.4167,10.49,-26.07,0.0
34.0833,89.5833,10.15,-26.26,0.0
34.0833,89.75,10.56,-26.02,0.0
34.0833,89.9167,11.51,-25.21,0.0
34.0833,90.0833,10.85,-26.45,0.0
34.0833,90.25,9.19,-26.97,0.0
34.0833,90.4167,9.22,-27.47,0.0
34.0833,90.5833,9.02,-27.38,0.0
34.0833,90.75,9.57,-26.4,0.0
34.0833,90.9167,11.42,-25.32,0.0
34.0833,91.0833,11.56,-25.4,0.0
34.0833,91.25,11.58,-25.33,0.0
34.0833,91.4167,10.97,-25.58,0.0
34.0833,91.5833,11.93,-24.99,0.0
34.0833,91.75,12.41,-24.86,0.0
34.0833,91.9167,12.65,-24.93,0.0
34.0833,92.0833,12.99,-25.18,0.0
34.0833,92.25,11.8,-25.29,0.0
34.0833,92.4167,12.73,-24.84,0.0
34.0833,92.5833,14.17,-24.52,0.0
34.0833,92.75,14.64,-24.23,0.0
34.0833,92.9167,14.53,-24.02,0.0
34.0833,93.0833,14.59,-23.98,0.0
34.0833,93.25,14.04,-24.06,0.0
34.0833,93.4167,13.76,-23.95,0.0
34.0833,93.5833,13.9,-23.55,0.0
34.0833,93.75,13.85,-23.74,0.0
34.0833,93.9167,12.09,-24.75,0.0
34.0833,94.0833,11.3,-25.04,0.0
34.0833,94.25,11.71,-24.71,0.0
34.0833,94.4167,11.54,-24.84,0.0
34.0833,94.5833,11.02,-25.06,0.0
34.0833,94.75,12.11,-24.41,0.0
34.0833,94.9167,11.71,-24.94,0.0
34.0833,95.0833,11.4,-25.37,0.0
34.0833,95.25,11.68,-25.26,0.0
34.0833,95.4167,10.78,-24.98,0.0
34.0833,95.5833,11.94,-23.91,0.0
34.0833,95.75,14.44,-22.45,0.0
34.0833,95.9167,13.0,-23.94,0.0
34.0833,96.0833,11.64,-25.16,0.0
34.0833,96.25,12.06,-24.76,0.0
34.0833,96.4167,11.69,-25.01,0.0
34.0833,96.5833,12.2,-24.62,0.0
34.0833,96.75,11.64,-25.56,0.0
34.0833,96.9167,11.46,-26.2,0.0
33.9167,68.0833,22.09,-18.61,0.0
33.9167,68.25,22.3,-17.45,0.0
33.9167,68.4167,24.1,-16.19,0.0
33.9167,68.5833,25.63,-15.36,0.63
33.9167,68.75,28.12,-14.41,3.12
33.9167,68.9167,31.11,-13.56,6.11
33.9167,69.0833,31.22,-13.21,6.22
33.9167,69.25,26.58,-13.4,1.58
33.9167,69.4167,21.93,-14.77,0.0
33.9167,69.5833,24.59,-12.04,0.0
33.9167,69.75,26.03,-10.16,1.03
33.9167,69.9167,27.36,-7.3,2.36
33.9167,70.0833,28.2,-5.57,3.2
33.9167,70.25,23.35,-8.23,0.0
33.9167,70.4167,20.76,-10.21,0.0
33.9167,70.5833,23.0,-7.92,0.0
33.9167,70.75,27.56,-4.03,2.56
33.9167,70.9167,31.37,-1.23,6.37
33.9167,71.0833,34.55,0.8,9.55
33.9167,71.25,37.13,2.77,12.13
33.9167,71.4167,40.32,4.21,15.32
33.9167,71.5833,40.43,3.92,15.43
33.9167,71.75,40.4,3.58,15.4
33.9167,71.9167,39.72,3.21,14.72
33.9167,72.0833,39.64,3.25,14.64
33.9167,72.25,40.34,3.06,15.34
33.9167,72.4167,40.69,2.72,15.69
33.9167,72.5833,40.12,3.0,15.12
33.9167,72.75,38.86,2.93,13.86
33.9167,72.9167,38.28,2.85,13.28
33.9167,73.0833,35.07,2.17,10.07
33.9167,73.25,33.01,1.44,8.01
33.9167,73.4167,30.11,0.44,5.11
33.9167,73.5833,33.38,2.21,8.38
33.9167,73.75,30.46,0.29,5.46
33.9167,73.9167,26.5,-2.73,1.5
33.9167,74.0833,25.83,-3.95,0.83
33.9167,74.25,22.28,-7.37,0.0
33.9167,74.4167,16.95,-15.41,0.0
33.9167,74.5833,24.06,-7.92,0.0
33.9167,74.75,28.24,-4.16,3.24
33.9167,74.9167,29.3,-3.11,4.3
33.9167,75.0833,28.0,-4.29,3.0
33.9167,75.25,24.29,-8.12,0.0
33.9167,75.4167,16.75,-18.1,0.0
33.9167,75.5833,17.92,-18.22,0.0
33.9167,75.75,14.16,-21.93,0.0
33.9167,75.9167,11.74,-23.93,0.0
33.9167,76.0833,11.52,-24.16,0.0
33.9167,76.25,11.13,-25.38,0.0
33.9167,76.4167,12.18,-25.58,0.0
33.9167,76.5833,12.89,-24.59,0.0
33.9167,76.75,15.05,-23.2,0.0
33.9167,76.9167,16.1,-21.28,0.0
33.9167,77.0833,17.68,-19.31,0.0
33.9167,77.25,19.25,-17.94,0.0
33.9167,77.4167,15.76,-21.39,0.0
33.9167,77.5833,15.37,-21.84,0.0
33.9167,77.75,21.81,-15.53,0.0
33.9167,77.9167,13.65,-23.68,0.0
33.9167,78.0833,11.64,-25.63,0.0
33.9167,78.25,14.13,-23.64,0.0
33.9167,78.4167,13.6,-23.13,0.0
33.9167,78.5833,15.98,-21.15,0.0
33.9167,78.75,9.84,-27.89,0.0
33.9167,78.9167,13.35,-25.06,0.0
33.9167,79.0833,12.33,-26.73,0.0
33.9167,79.25,15.04,-25.06,0.0
33.9167,79.4167,11.36,-27.89,0.0
33.9167,79.5833,13.02,-27.23,0.0
33.9167,79.75,10.75,-28.56,0.0
33.9167,79.9167,10.14,-28.88,0.0
33.9167,80.0833,13.4,-26.88,0.0
33.9167,80.25,15.07,-25.66,0.0
33.9167,80.4167,15.74,-24.62,0.0
33.9167,80.5833,15.66,-25.28,0.0
33.9167,80.75,15.09,-25.26,0.0
33.9167,80.9167,16.11,-22.66,0.0
33.9167,81.0833,15.94,-24.8,0.0
33.9167,81.25,14.57,-25.74,0.0
33.9167,81.4167,15.21,-24.92,0.0
33.9167,81.5833,14.31,-25.05,0.0
33.9167,81.75,13.68,-25.3,0.0
33.9167,81.9167,15.32,-25.19,0.0
33.9167,82.0833,14.71,-25.62,0.0
33.9167,82.25,12.13,-26.88,0.0
33.9167,82.4167,14.01,-24.51,0.0
33.9167,82.5833,13.6,-26.25,0.0
33.9167,82.75,13.51,-26.16,0.0
33.9167,82.9167,14.09,-25.29,0.0
33.9167,83.0833,14.95,-25.57,0.0
33.9167,83.25,15.13,-25.27,0.0
33.9167,83.4167,15.17,-25.4,0.0
33.9167,83.5833,14.68,-25.66,0.0
33.9167,83.75,14.19,-26.09,0.0
33.9167,83.9167,14.53,-25.57,0.0
33.9167,84.0833,13.62,-25.99,0.0
33.9167,84.25,15.77,-24.87,0.0
33.9167,84.4167,16.06,-24.96,0.0
33.9167,84.5833,15.82,-25.42,0.0
33.9167,84.75,15.75,-25.56,0.0
33.9167,84.9167,15.33,-25.45,0.0
33.9167,85.0833,13.66,-26.34,0.0
33.9167,85.25,13.55,-25.67,0.0
33.9167,85.4167,14.51,-25.12,0.0
33.9167,85.5833,14.51,-25.46,0.0
33.9167,85.75,14.14,-25.51,0.0
33.9167,85.9167,14.23,-25.23,0.0
33.9167,86.0833,14.23,-24.97,0.0
33.9167,86.25,14.62,-25.17,0.0
33.9167,86.4167,14.24,-24.73,0.0
33.9167,86.5833,14.56,-24.6,0.0
33.9167,86.75,14.99,-24.57,0.0
33.9167,86.9167,14.15,-24.65,0.0
33.9167,87.0833,14.9,-23.83,0.0
33.9167,87.25,14.44,-25.04,0.0
33.9167,87.4167,12.39,-25.7,0.0
33.9167,87.5833,13.19,-24.9,0.0
33.9167,87.75,12.44,-25.54,0.0
33.9167,87.9167,11.85,-25.35,0.0
33.9167,88.0833,11.88,-25.2,0.0
33.9167,88.25,12.5,-24.35,0.0
33.9167,88.4167,12.4,-24.82,0.0
33.9167,88.5833,11.38,-24.78,0.0
33.9167,88.75,12.04,-25.38,0.0
33.9167,88.9167,11.14,-26.06,0.0
33.9167,89.0833,6.34,-28.95,0.0
33.9167,89.25,7.12,-27.59,0.0
33.9167,89.4167,9.72,-26.33,0.0
33.9167,89.5833,10.58,-25.75,0.0
33.9167,89.75,11.11,-25.42,0.0
33.9167,89.9167,11.81,-24.78,0.0
33.9167,90.0833,11.4,-25.88,0.0
33.9167,90.25,10.17,-26.77,0.0
33.9167,90.4167,9.85,-26.62,0.0
33.9167,90.5833,9.63,-26.71,0.0
33.9167,90.75,8.74,-26.68,0.0
33.9167,90.9167,11.01,-25.29,0.0
33.9167,91.0833,11.57,-25.23,0.0
33.9167,91.25,10.94,-25.07,0.0
33.9167,91.4167,9.64,-26.34,0.0
33.9167,91.5833,10.24,-25.78,0.0
33.9167,91.75,11.24,-25.27,0.0
33.9167,91.9167,12.75,-24.79,0.0
33.9167,92.0833,13.31,-24.72,0.0
33.9167,92.25,13.59,-24.63,0.0
33.9167,92.4167,13.91,-24.61,0.0
33.9167,92.5833,14.03,-24.39,0.0
33.9167,92.75,14.15,-24.06,0.0
33.9167,92.9167,14.14,-24.14,0.0
33.9167,93.0833,13.76,-24.01,0.0
33.9167,93.25,13.86,-23.87,0.0
33.9167,93.4167,13.99,-23.72,0.0
33.9167,93.5833,14.08,-23.62,0.0
33.9167,93.75,14.28,-23.8,0.0
33.9167,93.9167,13.1,-24.38,0.0
33.9167,94.0833,12.58,-24.71,0.0
33.9167,94.25,11.91,-25.06,0.0
33.9167,94.4167,10.73,-25.7,0.0
33.9167,94.5833,10.6,-25.52,0.0
33.9167,94.75,10.74,-25.25,0.0
33.9167,94.9167,10.33,-25.72,0.0
33.9167,95.0833,10.73,-25.22,0.0
33.9167,95.25,11.75,-24.54,0.0
33.9167,95.4167,11.11,-24.8,0.0
33.9167,95.5833,12.17,-23.6,0.0
33.9167,95.75,13.19,-22.93,0.0
33.9167,95.9167,13.73,-22.59,0.0
33.9167,96.0833,11.78,-24.51,0.0
33.9167,96.25,11.08,-25.26,0.0
33.9167,96.4167,12.43,-24.05,0.0
33.9167,96.5833,11.94,-24.6,0.0
33.9167,96.75,11.29,-25.47,0.0
33.9167,96.9167,11.21,-26.26,0.0
33.75,68.0833,21.64,-18.28,0.0
33.75,68.25,25.29,-16.5,0.29
33.75,68.4167,26.9,-15.89,1.9
33.75,68.5833,26.35,-15.87,1.35
33.75,68.75,25.04,-15.73,0.04
33.75,68.9167,27.45,-14.51,2.45
33.75,69.0833,25.71,-14.34,0.71
33.75,69.25,24.63,-14.23,0.0
33.75,69.4167,25.93,-13.52,0.93
33.75,69.5833,25.32,-11.64,0.32
33.75,69.75,27.93,-7.91,2.93
33.75,69.9167,28.94,-5.78,3.94
33.75,70.0833,31.54,-3.02,6.54
33.75,70.25,32.8,-1.52,7.8
33.75,70.4167,30.56,-2.37,5.56
33.75,70.5833,27.2,-4.37,2.2
33.75,70.75,28.11,-3.63,3.11
33.75,70.9167,29.12,-2.66,4.12
33.75,71.0833,32.26,-0.18,7.26
33.75,71.25,34.96,1.8,9.96
33.75,71.4167,37.33,3.11,12.33
33.75,71.5833,39.43,3.51,14.43
33.75,71.75,37.72,3.05,12.72
33.75,71.9167,38.74,3.61,13.74
33.75,72.0833,40.4,3.77,15.4
33.75,72.25,40.56,3.3,15.56
33.75,72.4167,40.71,3.0,15.71
33.75,72.5833,40.0,2.86,15.0
33.75,72.75,39.27,2.81,14.27
33.75,72.9167,37.45,3.06,12.45
33.75,73.0833,36.14,2.97,11.14
33.75,73.25,36.9,3.23,11.9
33.75,73.4167,33.84,2.5,8.84
33.75,73.5833,33.76,2.54,8.76
33.75,73.75,30.31,0.16,5.31
33.75,73.9167,31.91,1.25,6.91
33.75,74.0833,32.12,1.06,7.12
33.75,74.25,28.0,-2.24,3.0
33.75,74.4167,18.42,-12.32,0.0
33.75,74.5833,17.52,-14.51,0.0
33.75,74.75,24.98,-6.9,0.0
33.75,74.9167,27.9,-4.22,2.9
33.75,75.0833,29.32,-2.99,4.32
33.75,75.25,28.28,-3.92,3.28
33.75,75.4167,20.14,-12.68,0.0
33.75,75.5833,18.79,-16.1,0.0
33.75,75.75,17.56,-17.61,0.0
33.75,75.9167,15.47,-19.94,0.0
33.75,76.0833,10.97,-24.02,0.0
33.75,76.25,8.72,-26.13,0.0
33.75,76.4167,13.25,-24.18,0.0
33.75,76.5833,12.91,-24.47,0.0
33.75,76.75,14.98,-22.39,0.0
33.75,76.9167,17.44,-20.25,0.0
33.75,77.0833,12.37,-24.04,0.0
33.75,77.25,15.45,-20.81,0.0
33.75,77.4167,14.2,-22.76,0.0
33.75,77.5833,11.52,-25.32,0.0
33.75,77.75,17.93,-19.15,0.0
33.75,77.9167,17.58,-19.2,0.0
33.75,78.0833,11.36,-25.23,0.0
33.75,78.25,9.39,-27.55,0.0
33.75,78.4167,12.16,-25.4,0.0
33.75,78.5833,12.91,-23.08,0.0
33.75,78.75,15.87,-20.89,0.0
33.75,78.9167,16.13,-21.38,0.0
33.75,79.0833,16.35,-22.11,0.0
33.75,79.25,16.67,-21.98,0.0
33.75,79.4167,16.62,-22.18,0.0
33.75,79.5833,17.53,-22.01,0.0
33.75,79.75,13.96,-25.59,0.0
33.75,79.9167,14.85,-24.44,0.0
33.75,80.0833,16.25,-23.76,0.0
33.75,80.25,16.78,-23.21,0.0
33.75,80.4167,17.77,-22.94,0.0
33.75,80.5833,17.46,-23.53,0.0
33.75,80.75,16.14,-24.3,0.0
33.75,80.9167,14.97,-25.29,0.0
33.75,81.0833,12.54,-26.7,0.0
33.75,81.25,12.54,-26.57,0.0
33.75,81.4167,14.96,-25.25,0.0
33.75,81.5833,12.95,-26.57,0.0
33.75,81.75,12.73,-26.61,0.0
33.75,81.9167,14.1,-25.77,0.0
33.75,82.0833,15.75,-25.03,0.0
33.75,82.25,12.15,-27.34,0.0
33.75,82.4167,9.61,-28.32,0.0
33.75,82.5833,13.09,-26.42,0.0
33.75,82.75,13.69,-26.33,0.0
33.75,82.9167,13.77,-26.47,0.0
33.75,83.0833,13.84,-26.38,0.0
33.75,83.25,13.28,-26.48,0.0
33.75,83.4167,12.27,-27.06,0.0
33.75,83.5833,11.78,-27.03,0.0
33.75,83.75,14.47,-25.28,0.0
33.75,83.9167,16.1,-24.87,0.0
33.75,84.0833,16.4,-24.53,0.0
33.75,84.25,17.23,-23.64,0.0
33.75,84.4167,17.21,-23.89,0.0
33.75,84.5833,16.7,-24.49,0.0
33.75,84.75,15.67,-25.06,0.0
33.75,84.9167,15.53,-25.31,0.0
33.75,85.0833,14.85,-25.14,0.0
33.75,85.25,15.11,-25.09,0.0
33.75,85.4167,15.34,-24.75,0.0
33.75,85.5833,16.27,-24.18,0.0
33.75,85.75,16.65,-23.74,0.0
33.75,85.9167,16.74,-23.91,0.0
33.75,86.0833,16.16,-24.27,0.0
33.75,86.25,14.92,-24.85,0.0
33.75,86.4167,14.36,-24.94,0.0
33.75,86.5833,14.64,-24.64,0.0
33.75,86.75,15.65,-23.74,0.0
33.75,86.9167,15.29,-23.69,0.0
33.75,87.0833,14.62,-24.12,0.0
33.75,87.25,13.85,-25.1,0.0
33.75,87.4167,12.66,-25.6,0.0
33.75,87.5833,12.6,-25.38,0.0
33.75,87.75,12.0,-25.48,0.0
33.75,87.9167,11.62,-25.68,0.0
33.75,88.0833,11.35,-25.5,0.0
33.75,88.25,12.53,-24.57,0.0
33.75,88.4167,12.12,-24.65,0.0
33.75,88.5833,11.9,-24.5,0.0
33.75,88.75,12.35,-25.17,0.0
33.75,88.9167,11.09,-26.17,0.0
33.75,89.0833,8.22,-27.54,0.0
33.75,89.25,10.65,-25.57,0.0
33.75,89.4167,10.59,-25.68,0.0
33.75,89.5833,10.73,-25.36,0.0
33.75,89.75,12.07,-24.58,0.0
33.75,89.9167,11.97,-24.79,0.0
33.75,90.0833,11.83,-24.68,0.0
33.75,90.25,11.18,-25.24,0.0
33.75,90.4167,10.65,-25.54,0.0
33.75,90.5833,11.08,-25.41,0.0
33.75,90.75,10.6,-25.79,0.0
33.75,90.9167,11.47,-25.06,0.0
33.75,91.0833,11.19,-25.25,0.0
33.75,91.25,11.03,-25.57,0.0
33.75,91.4167,10.53,-25.8,0.0
33.75,91.5833,11.67,-24.96,0.0
33.75,91.75,12.56,-24.59,0.0
33.75,91.9167,12.81,-24.69,0.0
33.75,92.0833,13.21,-24.38,0.0
33.75,92.25,13.74,-24.23,0.0
33.75,92.4167,13.8,-24.34,0.0
33.75,92.5833,13.18,-24.52,0.0
33.75,92.75,13.8,-24.16,0.0
33.75,92.9167,13.11,-24.66,0.0
33.75,93.0833,11.38,-25.04,0.0
33.75,93.25,11.66,-24.64,0.0
33.75,93.4167,11.89,-24.38,0.0
33.75,93.5833,12.88,-23.69,0.0
33.75,93.75,14.19,-23.2,0.0
33.75,93.9167,12.86,-24.38,0.0
33.75,94.0833,12.82,-24.42,0.0
33.75,94.25,12.32,-24.81,0.0
33.75,94.4167,11.2,-25.75,0.0
33.75,94.5833,10.32,-26.11,0.0
33.75,94.75,10.09,-26.11,0.0
33.75,94.9167,10.01,-25.8,0.0
33.75,95.0833,10.31,-25.29,0.0
33.75,95.25,11.67,-24.18,0.0
33.75,95.4167,12.66,-23.25,0.0
33.75,95.5833,13.06,-23.21,0.0
33.75,95.75,13.52,-23.28,0.0
33.75,95.9167,12.72,-23.26,0.0
33.75,96.0833,12.98,-22.66,0.0
33.75,96.25,12.83,-22.73,0.0
33.75,96.4167,12.61,-22.89,0.0
33.75,96.5833,11.46,-24.33,0.0
33.75,96.75,12.84,-23.7,0.0
33.75,96.9167,11.53,-25.47,0.0
33.5833,68.0833,23.65,-17.67,0.0
33.5833,68.25,25.71,-16.28,0.71
33.5833,68.4167,27.99,-15.2,2.99
33.5833,68.5833,27.58,-14.74,2.58
33.5833,68.75,26.76,-14.69,1.76
33.5833,68.9167,26.99,-14.3,1.99
33.5833,69.0833,28.44,-13.27,3.44
33.5833,69.25,28.36,-12.83,3.36
33.5833,69.4167,25.27,-13.51,0.27
33.5833,69.5833,22.81,-12.14,0.0
33.5833,69.75,27.57,-7.3,2.57
33.5833,69.9167,32.64,-2.86,7.64
33.5833,70.0833,33.6,-1.48,8.6
33.5833,70.25,35.17,0.14,10.17
33.5833,70.4167,33.45,-0.24,8.45
33.5833,70.5833,31.16,-1.28,6.16
33.5833,70.75,32.35,-0.15,7.35
33.5833,70.9167,33.09,0.65,8.09
33.5833,71.0833,36.03,2.58,11.03
33.5833,71.25,38.1,3.77,13.1
33.5833,71.4167,39.32,4.4,14.32
33.5833,71.5833,39.45,4.12,14.45
33.5833,71.75,39.71,4.13,14.71
33.5833,71.9167,41.5,4.05,16.5
33.5833,72.0833,41.99,3.29,16.99
33.5833,72.25,40.86,3.17,15.86
33.5833,72.4167,39.82,3.16,14.82
33.5833,72.5833,39.67,2.88,14.67
33.5833,72.75,39.33,2.72,14.33
33.5833,72.9167,39.03,2.87,14.03
33.5833,73.0833,39.02,3.43,14.02
33.5833,73.25,38.71,3.08,13.71
33.5833,73.4167,37.3,3.15,12.3
33.5833,73.5833,37.21,3.72,12.21
33.5833,73.75,35.75,3.17,10.75
33.5833,73.9167,35.09,2.97,10.09
33.5833,74.0833,33.24,1.66,8.24
33.5833,74.25,30.16,-0.42,5.16
33.5833,74.4167,24.09,-5.7,0.0
33.5833,74.5833,16.08,-16.05,0.0
33.5833,74.75,18.65,-13.37,0.0
33.5833,74.9167,23.65,-8.54,0.0
33.5833,75.0833,25.64,-6.19,0.64
33.5833,75.25,26.79,-5.15,1.79
33.5833,75.4167,21.47,-10.46,0.0
33.5833,75.5833,17.97,-14.64,0.0
33.5833,75.75,21.22,-11.3,0.0
33.5833,75.9167,17.46,-15.55,0.0
33.5833,76.0833,13.3,-21.09,0.0
33.5833,76.25,11.12,-23.4,0.0
33.5833,76.4167,10.35,-24.4,0.0
33.5833,76.5833,10.89,-24.66,0.0
33.5833,76.75,15.34,-22.17,0.0
33.5833,76.9167,17.43,-20.68,0.0
33.5833,77.0833,14.81,-22.39,0.0
33.5833,77.25,11.99,-24.35,0.0
33.5833,77.4167,14.09,-22.08,0.0
33.5833,77.5833,11.64,-25.26,0.0
33.5833,77.75,14.19,-23.35,0.0
33.5833,77.9167,13.14,-24.57,0.0
33.5833,78.0833,15.35,-21.18,0.0
33.5833,78.25,9.88,-26.68,0.0
33.5833,78.4167,8.11,-28.4,0.0
33.5833,78.5833,13.67,-24.25,0.0
33.5833,78.75,17.3,-21.3,0.0
33.5833,78.9167,15.4,-21.95,0.0
33.5833,79.0833,15.34,-23.41,0.0
33.5833,79.25,15.02,-23.97,0.0
33.5833,79.4167,16.73,-22.72,0.0
33.5833,79.5833,18.25,-21.44,0.0
33.5833,79.75,18.32,-19.03,0.0
33.5833,79.9167,17.27,-21.02,0.0
33.5833,80.0833,16.82,-22.48,0.0
33.5833,80.25,17.51,-22.59,0.0
33.5833,80.4167,16.81,-23.13,0.0
33.5833,80.5833,16.59,-23.74,0.0
33.5833,80.75,15.1,-25.0,0.0
33.5833,80.9167,13.43,-25.6,0.0
33.5833,81.0833,13.83,-25.63,0.0
33.5833,81.25,15.83,-24.74,0.0
33.5833,81.4167,15.51,-24.9,0.0
33.5833,81.5833,13.98,-26.19,0.0
33.5833,81.75,12.55,-27.12,0.0
33.5833,81.9167,11.28,-27.75,0.0
33.5833,82.0833,13.22,-26.66,0.0
33.5833,82.25,12.58,-27.25,0.0
33.5833,82.4167,12.01,-27.13,0.0
33.5833,82.5833,13.02,-26.82,0.0
33.5833,82.75,14.39,-25.69,0.0
33.5833,82.9167,15.74,-25.51,0.0
33.5833,83.0833,13.18,-26.9,0.0
33.5833,83.25,11.34,-27.74,0.0
33.5833,83.4167,12.83,-26.65,0.0
33.5833,83.5833,13.7,-25.96,0.0
33.5833,83.75,15.6,-24.98,0.0
33.5833,83.9167,15.02,-25.19,0.0
33.5833,84.0833,14.94,-24.97,0.0
33.5833,84.25,16.43,-23.75,0.0
33.5833,84.4167,16.11,-23.93,0.0
33.5833,84.5833,16.62,-22.8,0.0
33.5833,84.75,15.12,-24.66,0.0
33.5833,84.9167,14.2,-25.28,0.0
33.5833,85.0833,14.03,-25.23,0.0
33.5833,85.25,14.1,-25.29,0.0
33.5833,85.4167,12.56,-26.1,0.0
33.5833,85.5833,13.51,-24.75,0.0
33.5833,85.75,16.27,-22.65,0.0
33.5833,85.9167,16.06,-23.62,0.0
33.5833,86.0833,14.82,-24.5,0.0
33.5833,86.25,14.97,-24.27,0.0
33.5833,86.4167,14.45,-24.5,0.0
33.5833,86.5833,12.76,-25.09,0.0
33.5833,86.75,13.76,-23.78,0.0
33.5833,86.9167,15.66,-22.56,0.0
33.5833,87.0833,14.23,-23.97,0.0
33.5833,87.25,14.03,-24.08,0.0
33.5833,87.4167,14.78,-23.74,0.0
33.5833,87.5833,14.01,-24.02,0.0
33.5833,87.75,12.96,-24.64,0.0
33.5833,87.9167,12.31,-25.12,0.0
33.5833,88.0833,12.22,-25.26,0.0
33.5833,88.25,12.24,-25.2,0.0
33.5833,88.4167,12.11,-25.04,0.0
33.5833,88.5833,12.75,-24.51,0.0
33.5833,88.75,12.73,-24.16,0.0
33.5833,88.9167,12.26,-25.12,0.0
33.5833,89.0833,11.44,-25.67,0.0
33.5833,89.25,11.43,-25.42,0.0
33.5833,89.4167,12.31,-24.22,0.0
33.5833,89.5833,12.8,-23.79,0.0
33.5833,89.75,12.19,-24.0,0.0
33.5833,89.9167,12.05,-24.19,0.0
33.5833,90.0833,11.83,-24.76,0.0
33.5833,90.25,11.41,-23.94,0.0
33.5833,90.4167,11.26,-24.67,0.0
33.5833,90.5833,11.54,-25.0,0.0
33.5833,90.75,10.74,-25.42,0.0
33.5833,90.9167,8.95,-26.19,0.0
33.5833,91.0833,7.86,-26.91,0.0
33.5833,91.25,8.71,-26.06,0.0
33.5833,91.4167,10.88,-25.22,0.0
33.5833,91.5833,11.59,-25.01,0.0
33.5833,91.75,11.44,-25.1,0.0
33.5833,91.9167,11.37,-24.94,0.0
33.5833,92.0833,12.2,-24.44,0.0
33.5833,92.25,12.3,-24.65,0.0
33.5833,92.4167,12.27,-24.57,0.0
33.5833,92.5833,12.43,-24.67,0.0
33.5833,92.75,12.77,-24.18,0.0
33.5833,92.9167,12.5,-24.44,0.0
33.5833,93.0833,12.07,-24.94,0.0
33.5833,93.25,12.06,-24.97,0.0
33.5833,93.4167,12.44,-24.38,0.0
33.5833,93.5833,13.21,-23.87,0.0
33.5833,93.75,13.64,-23.47,0.0
33.5833,93.9167,13.94,-23.45,0.0
33.5833,94.0833,13.66,-23.75,0.0
33.5833,94.25,12.45,-24.52,0.0
33.5833,94.4167,12.44,-24.66,0.0
33.5833,94.5833,11.69,-25.12,0.0
33.5833,94.75,9.3,-26.52,0.0
33.5833,94.9167,8.44,-26.95,0.0
33.5833,95.0833,9.35,-26.23,0.0
33.5833,95.25,10.41,-25.18,0.0
33.5833,95.4167,11.11,-24.2,0.0
33.5833,95.5833,11.41,-24.08,0.0
33.5833,95.75,10.97,-24.7,0.0
33.5833,95.9167,12.55,-23.49,0.0
33.5833,96.0833,12.49,-23.8,0.0
33.5833,96.25,11.25,-24.44,0.0
33.5833,96.4167,12.33,-23.07,0.0
33.5833,96.5833,13.06,-22.32,0.0
33.5833,96.75,12.79,-22.95,0.0
33.5833,96.9167,10.46,-25.49,0.0
33.4167,68.0833,24.74,-16.98,0.0
33.4167,68.25,27.97,-15.64,2.97
33.4167,68.4167,29.02,-14.78,4.02
33.4167,68.5833,29.65,-14.49,4.65
33.4167,68.75,29.22,-13.85,4.22
33.4167,68.9167,30.04,-13.39,5.04
33.4167,69.0833,30.12,-12.6,5.12
33.4167,69.25,24.99,-13.38,0.0
33.4167,69.4167,27.3,-10.52,2.3
33.4167,69.5833,26.49,-8.94,1.49
33.4167,69.75,31.18,-4.5,6.18
33.4167,69.9167,34.75,-1.4,9.75
33.4167,70.0833,36.16,-0.05,11.16
33.4167,70.25,35.31,0.28,10.31
33.4167,70.4167,36.31,1.6,11.31
33.4167,70.5833,36.83,2.21,11.83
33.4167,70.75,36.84,1.93,11.84
33.4167,70.9167,36.38,2.1,11.38
33.4167,71.0833,37.15,3.27,12.15
33.4167,71.25,39.24,4.42,14.24
33.4167,71.4167,40.7,4.52,15.7
33.4167,71.5833,40.99,4.47,15.99
33.4167,71.75,41.23,4.74,16.23
33.4167,71.9167,41.99,4.3,16.99
33.4167,72.0833,41.67,3.76,16.67
33.4167,72.25,41.1,3.27,16.1
33.4167,72.4167,40.62,2.84,15.62
33.4167,72.5833,39.96,2.93,14.96
33.4167,72.75,39.54,3.38,14.54
33.4167,72.9167,39.7,3.32,14.7
33.4167,73.0833,39.23,3.07,14.23
33.4167,73.25,38.71,2.92,13.71
33.4167,73.4167,38.56,3.23,13.56
33.4167,73.5833,38.5,4.07,13.5
33.4167,73.75,37.83,4.04,12.83
33.4167,73.9167,36.36,3.42,11.36
33.4167,74.0833,33.69,1.99,8.69
33.4167,74.25,32.35,1.31,7.35
33.4167,74.4167,30.36,-0.34,5.36
33.4167,74.5833,22.31,-7.15,0.0
33.4167,74.75,24.32,-5.55,0.0
33.4167,74.9167,21.08,-9.02,0.0
33.4167,75.0833,20.14,-10.24,0.0
33.4167,75.25,24.45,-6.59,0.0
33.4167,75.4167,18.84,-12.47,0.0
33.4167,75.5833,23.51,-6.97,0.0
33.4167,75.75,26.75,-4.05,1.75
33.4167,75.9167,22.18,-8.99,0.0
33.4167,76.0833,15.24,-17.07,0.0
33.4167,76.25,15.26,-17.82,0.0
33.4167,76.4167,14.81,-19.54,0.0
33.4167,76.5833,9.12,-25.04,0.0
33.4167,76.75,9.86,-24.77,0.0
33.4167,76.9167,15.94,-21.55,0.0
33.4167,77.0833,12.05,-24.82,0.0
33.4167,77.25,14.06,-22.8,0.0
33.4167,77.4167,12.66,-23.72,0.0
33.4167,77.5833,13.77,-24.14,0.0
33.4167,77.75,13.33,-24.68,0.0
33.4167,77.9167,14.45,-24.27,0.0
33.4167,78.0833,14.35,-23.42,0.0
33.4167,78.25,14.13,-22.56,0.0
33.4167,78.4167,10.99,-25.55,0.0
33.4167,78.5833,10.84,-26.58,0.0
33.4167,78.75,13.26,-24.67,0.0
33.4167,78.9167,12.85,-24.75,0.0
33.4167,79.0833,14.01,-23.7,0.0
33.4167,79.25,15.83,-22.49,0.0
33.4167,79.4167,15.29,-22.79,0.0
33.4167,79.5833,17.07,-21.62,0.0
33.4167,79.75,18.7,-20.2,0.0
33.4167,79.9167,17.75,-21.82,0.0
33.4167,80.0833,18.31,-21.82,0.0
33.4167,80.25,18.16,-21.67,0.0
33.4167,80.4167,18.41,-21.7,0.0
33.4167,80.5833,16.82,-22.46,0.0
33.4167,80.75,15.69,-23.7,0.0
33.4167,80.9167,15.47,-24.19,0.0
33.4167,81.0833,14.66,-25.14,0.0
33.4167,81.25,14.17,-25.42,0.0
33.4167,81.4167,13.68,-26.08,0.0
33.4167,81.5833,13.25,-26.17,0.0
33.4167,81.75,12.89,-26.0,0.0
33.4167,81.9167,16.08,-24.25,0.0
33.4167,82.0833,13.17,-26.33,0.0
33.4167,82.25,11.67,-27.08,0.0
33.4167,82.4167,14.78,-25.12,0.0
33.4167,82.5833,16.09,-24.68,0.0
33.4167,82.75,16.44,-24.71,0.0
33.4167,82.9167,16.06,-24.27,0.0
33.4167,83.0833,14.66,-25.6,0.0
33.4167,83.25,13.76,-26.33,0.0
33.4167,83.4167,12.63,-26.69,0.0
33.4167,83.5833,14.71,-25.15,0.0
33.4167,83.75,16.5,-23.92,0.0
33.4167,83.9167,18.15,-23.2,0.0
33.4167,84.0833,18.19,-22.97,0.0
33.4167,84.25,17.77,-22.72,0.0
33.4167,84.4167,14.39,-25.5,0.0
33.4167,84.5833,13.86,-25.26,0.0
33.4167,84.75,15.93,-23.63,0.0
33.4167,84.9167,14.55,-25.0,0.0
33.4167,85.0833,13.18,-25.84,0.0
33.4167,85.25,11.48,-26.62,0.0
33.4167,85.4167,11.76,-26.35,0.0
33.4167,85.5833,12.4,-25.79,0.0
33.4167,85.75,14.48,-24.31,0.0
33.4167,85.9167,14.38,-24.35,0.0
33.4167,86.0833,14.87,-24.01,0.0
33.4167,86.25,14.2,-24.32,0.0
33.4167,86.4167,13.15,-24.91,0.0
33.4167,86.5833,11.76,-25.77,0.0
33.4167,86.75,11.38,-25.22,0.0
33.4167,86.9167,15.74,-22.37,0.0
33.4167,87.0833,15.84,-22.82,0.0
33.4167,87.25,15.26,-23.18,0.0
33.4167,87.4167,14.03,-23.87,0.0
33.4167,87.5833,10.97,-25.61,0.0
33.4167,87.75,11.49,-25.2,0.0
33.4167,87.9167,11.74,-25.08,0.0
33.4167,88.0833,11.9,-25.05,0.0
33.4167,88.25,11.73,-25.11,0.0
33.4167,88.4167,12.59,-24.47,0.0
33.4167,88.5833,13.39,-23.82,0.0
33.4167,88.75,12.3,-24.04,0.0
33.4167,88.9167,12.99,-24.02,0.0
33.4167,89.0833,12.5,-24.18,0.0
33.4167,89.25,12.03,-24.51,0.0
33.4167,89.4167,12.0,-24.27,0.0
33.4167,89.5833,12.13,-23.96,0.0
33.4167,89.75,12.12,-22.96,0.0
33.4167,89.9167,11.48,-22.37,0.0
33.4167,90.0833,12.08,-23.4,0.0
33.4167,90.25,11.24,-22.89,0.0
33.4167,90.4167,11.66,-23.77,0.0
33.4167,90.5833,11.92,-24.65,0.0
33.4167,90.75,9.72,-26.38,0.0
33.4167,90.9167,7.21,-27.8,0.0
33.4167,91.0833,5.17,-28.89,0.0
33.4167,91.25,7.47,-26.89,0.0
33.4167,91.4167,8.84,-26.44,0.0
33.4167,91.5833,8.23,-26.58,0.0
33.4167,91.75,10.32,-25.5,0.0
33.4167,91.9167,11.55,-24.7,0.0
33.4167,92.0833,11.41,-25.17,0.0
33.4167,92.25,10.73,-25.7,0.0
33.4167,92.4167,10.73,-25.14,0.0
33.4167,92.5833,12.27,-24.67,0.0
33.4167,92.75,12.35,-24.35,0.0
33.4167,92.9167,13.32,-23.96,0.0
33.4167,93.0833,13.44,-24.11,0.0
33.4167,93.25,13.16,-24.06,0.0
33.4167,93.4167,12.51,-24.31,0.0
33.4167,93.5833,12.24,-24.25,0.0
33.4167,93.75,11.77,-24.39,0.0
33.4167,93.9167,11.9,-24.03,0.0
33.4167,94.0833,11.91,-24.02,0.0
33.4167,94.25,11.76,-24.27,0.0
33.4167,94.4167,12.5,-23.72,0.0
33.4167,94.5833,12.88,-23.7,0.0
33.4167,94.75,11.52,-24.41,0.0
33.4167,94.9167,10.58,-25.26,0.0
33.4167,95.0833,11.08,-24.9,0.0
33.4167,95.25,10.45,-25.02,0.0
33.4167,95.4167,10.08,-25.41,0.0
33.4167,95.5833,10.62,-24.72,0.0
33.4167,95.75,10.14,-25.05,0.0
33.4167,95.9167,12.31,-23.58,0.0
33.4167,96.0833,12.74,-23.68,0.0
33.4167,96.25,11.38,-24.72,0.0
33.4167,96.4167,12.29,-23.26,0.0
33.4167,96.5833,12.74,-22.49,0.0
33.4167,96.75,14.81,-20.61,0.0
33.4167,96.9167,12.91,-22.56,0.0
33.25,68.0833,29.64,-15.03,4.64
33.25,68.25,30.23,-14.72,5.23
33.25,68.4167,30.04,-14.4,5.04
33.25,68.5833,29.37,-13.83,4.37
33.25,68.75,30.05,-13.35,5.05
33.25,68.9167,30.56,-12.93,5.56
33.25,69.0833,27.22,-12.99,2.22
33.25,69.25,23.59,-13.5,0.0
33.25,69.4167,26.45,-9.92,1.45
33.25,69.5833,29.47,-6.59,4.47
33.25,69.75,33.53,-3.24,8.53
33.25,69.9167,34.55,-1.81,9.55
33.25,70.0833,34.04,-1.0,9.04
33.25,70.25,36.06,1.17,11.06
33.25,70.4167,37.66,2.66,12.66
33.25,70.5833,38.54,3.44,13.54
33.25,70.75,37.38,2.91,12.38
33.25,70.9167,38.38,3.72,13.38
33.25,71.0833,39.09,4.06,14.09
33.25,71.25,39.25,4.23,14.25
33.25,71.4167,39.58,4.44,14.58
33.25,71.5833,40.31,4.78,15.31
33.25,71.75,41.14,4.9,16.14
33.25,71.9167,41.07,4.03,16.07
33.25,72.0833,41.42,3.76,16.42
33.25,72.25,41.44,3.37,16.44
33.25,72.4167,40.88,3.29,15.88
33.25,72.5833,40.52,3.39,15.52
33.25,72.75,40.49,3.22,15.49
33.25,72.9167,39.89,3.07,14.89
33.25,73.0833,39.23,2.9,14.23
33.25,73.25,39.06,3.12,14.06
33.25,73.4167,39.25,3.4,14.25
33.25,73.5833,38.78,4.4,13.78
33.25,73.75,38.45,4.86,13.45
33.25,73.9167,36.81,3.73,11.81
33.25,74.0833,35.37,2.86,10.37
33.25,74.25,35.26,3.08,10.26
33.25,74.4167,34.64,2.72,9.64
33.25,74.5833,31.52,1.09,6.52
33.25,74.75,31.01,0.68,6.01
33.25,74.9167,28.54,-1.61,3.54
33.25,75.0833,29.59,-0.83,4.59
33.25,75.25,29.54,-0.93,4.54
33.25,75.4167,24.04,-5.79,0.0
33.25,75.5833,22.2,-7.58,0.0
33.25,75.75,26.24,-3.91,1.24
33.25,75.9167,19.64,-10.5,0.0
33.25,76.0833,18.58,-12.39,0.0
33.25,76.25,18.44,-13.4,0.0
33.25,76.4167,13.29,-20.22,0.0
33.25,76.5833,11.57,-22.29,0.0
33.25,76.75,8.17,-25.54,0.0
33.25,76.9167,11.45,-23.85,0.0
33.25,77.0833,14.28,-22.52,0.0
33.25,77.25,14.04,-22.3,0.0
33.25,77.4167,14.64,-21.97,0.0
33.25,77.5833,14.23,-22.8,0.0
33.25,77.75,15.09,-23.37,0.0
33.25,77.9167,13.74,-24.26,0.0
33.25,78.0833,12.99,-24.44,0.0
33.25,78.25,11.99,-24.83,0.0
33.25,78.4167,14.8,-22.35,0.0
33.25,78.5833,15.6,-21.86,0.0
33.25,78.75,12.93,-24.18,0.0
33.25,78.9167,18.01,-20.6,0.0
33.25,79.0833,11.51,-26.07,0.0
33.25,79.25,9.79,-27.21,0.0
33.25,79.4167,10.24,-26.78,0.0
33.25,79.5833,10.74,-26.36,0.0
33.25,79.75,15.13,-22.98,0.0
33.25,79.9167,16.12,-23.04,0.0
33.25,80.0833,16.46,-23.01,0.0
33.25,80.25,16.33,-23.23,0.0
33.25,80.4167,15.98,-23.32,0.0
33.25,80.5833,17.85,-22.01,0.0
33.25,80.75,18.62,-21.55,0.0
33.25,80.9167,17.68,-22.46,0.0
33.25,81.0833,15.04,-24.07,0.0
33.25,81.25,17.0,-22.99,0.0
33.25,81.4167,16.79,-23.17,0.0
33.25,81.5833,17.42,-22.75,0.0
33.25,81.75,17.31,-22.88,0.0
33.25,81.9167,16.61,-23.64,0.0
33.25,82.0833,14.93,-24.62,0.0
33.25,82.25,15.1,-24.66,0.0
33.25,82.4167,16.48,-23.96,0.0
33.25,82.5833,16.96,-23.7,0.0
33.25,82.75,17.9,-23.3,0.0
33.25,82.9167,16.53,-23.91,0.0
33.25,83.0833,16.75,-23.7,0.0
33.25,83.25,15.34,-24.77,0.0
33.25,83.4167,13.7,-25.47,0.0
33.25,83.5833,16.53,-23.56,0.0
33.25,83.75,17.88,-22.98,0.0
33.25,83.9167,18.2,-22.73,0.0
33.25,84.0833,18.11,-22.48,0.0
33.25,84.25,17.26,-22.91,0.0
33.25,84.4167,16.52,-23.76,0.0
33.25,84.5833,14.38,-25.2,0.0
33.25,84.75,14.02,-24.49,0.0
33.25,84.9167,15.8,-23.91,0.0
33.25,85.0833,12.87,-25.91,0.0
33.25,85.25,11.43,-26.41,0.0
33.25,85.4167,13.89,-24.78,0.0
33.25,85.5833,13.3,-24.94,0.0
33.25,85.75,12.76,-25.24,0.0
33.25,85.9167,12.6,-25.41,0.0
33.25,86.0833,12.13,-25.58,0.0
33.25,86.25,12.77,-25.17,0.0
33.25,86.4167,13.37,-24.39,0.0
33.25,86.5833,13.59,-24.21,0.0
33.25,86.75,14.07,-23.5,0.0
33.25,86.9167,15.54,-22.3,0.0
33.25,87.0833,13.68,-23.43,0.0
33.25,87.25,14.68,-22.55,0.0
33.25,87.4167,14.25,-23.31,0.0
33.25,87.5833,14.1,-23.43,0.0
33.25,87.75,15.09,-23.0,0.0
33.25,87.9167,14.61,-23.4,0.0
33.25,88.0833,14.45,-23.08,0.0
33.25,88.25,13.41,-23.86,0.0
33.25,88.4167,14.41,-22.88,0.0
33.25,88.5833,12.0,-24.74,0.0
33.25,88.75,11.37,-24.4,0.0
33.25,88.9167,13.93,-22.89,0.0
33.25,89.0833,14.09,-22.73,0.0
33.25,89.25,14.01,-23.22,0.0
33.25,89.4167,13.12,-23.69,0.0
33.25,89.5833,12.77,-23.5,0.0
33.25,89.75,12.62,-23.23,0.0
33.25,89.9167,12.19,-23.44,0.0
33.25,90.0833,12.0,-24.31,0.0
33.25,90.25,12.31,-24.11,0.0
33.25,90.4167,12.06,-24.45,0.0
33.25,90.5833,11.94,-24.42,0.0
33.25,90.75,10.83,-25.48,0.0
33.25,90.9167,9.51,-26.39,0.0
33.25,91.0833,7.98,-27.48,0.0
33.25,91.25,6.85,-27.6,0.0
33.25,91.4167,9.42,-26.3,0.0
33.25,91.5833,9.8,-26.03,0.0
33.25,91.75,10.18,-25.5,0.0
33.25,91.9167,11.46,-24.56,0.0
33.25,92.0833,9.52,-25.71,0.0
33.25,92.25,10.47,-25.4,0.0
33.25,92.4167,11.07,-25.03,0.0
33.25,92.5833,11.96,-24.78,0.0
33.25,92.75,11.93,-24.55,0.0
33.25,92.9167,12.33,-24.31,0.0
33.25,93.0833,12.74,-24.04,0.0
33.25,93.25,12.94,-23.93,0.0
33.25,93.4167,13.02,-23.93,0.0
33.25,93.5833,12.68,-24.1,0.0
33.25,93.75,11.44,-24.78,0.0
33.25,93.9167,11.3,-24.47,0.0
33.25,94.0833,12.23,-23.71,0.0
33.25,94.25,12.63,-23.48,0.0
33.25,94.4167,13.21,-22.92,0.0
33.25,94.5833,13.85,-22.51,0.0
33.25,94.75,13.48,-22.89,0.0
33.25,94.9167,12.57,-23.29,0.0
33.25,95.0833,12.14,-23.56,0.0
33.25,95.25,11.98,-23.73,0.0
33.25,95.4167,10.48,-25.19,0.0
33.25,95.5833,10.77,-24.88,0.0
33.25,95.75,11.21,-24.4,0.0
33.25,95.9167,11.24,-24.37,0.0
33.25,96.0833,12.16,-24.14,0.0
33.25,96.25,11.8,-23.96,0.0
33.25,96.4167,13.69,-22.43,0.0
33.25,96.5833,12.4,-23.07,0.0
33.25,96.75,12.36,-22.56,0.0
33.25,96.9167,13.69,-21.2,0.0
33.0833,68.0833,31.16,-14.7,6.16
33.0833,68.25,30.97,-14.29,5.97
33.0833,68.4167,29.23,-14.14,4.23
33.0833,68.5833,28.55,-13.84,3.55
33.0833,68.75,29.82,-12.95,4.82
33.0833,68.9167,28.81,-12.46,3.81
33.0833,69.0833,25.86,-13.02,0.86
33.0833,69.25,25.42,-11.97,0.42
33.0833,69.4167,25.77,-9.94,0.77
33.0833,69.5833,27.3,-7.89,2.3
33.0833,69.75,29.87,-5.24,4.87
33.0833,69.9167,33.47,-1.78,8.47
33.0833,70.0833,35.59,0.38,10.59
33.0833,70.25,37.65,2.34,12.65
33.0833,70.4167,39.6,3.9,14.6
33.0833,70.5833,40.1,4.78,15.1
33.0833,70.75,40.82,4.71,15.82
33.0833,70.9167,41.38,4.61,16.38
33.0833,71.0833,39.98,4.29,14.98
33.0833,71.25,37.46,3.48,12.46
33.0833,71.4167,37.62,3.79,12.62
33.0833,71.5833,39.72,4.69,14.72
33.0833,71.75,41.7,4.65,16.7
33.0833,71.9167,41.95,3.99,16.95
33.0833,72.0833,41.88,3.59,16.88
33.0833,72.25,41.43,3.4,16.43
33.0833,72.4167,41.02,3.24,16.02
33.0833,72.5833,40.6,3.05,15.6
33.0833,72.75,40.15,3.02,15.15
33.0833,72.9167,39.55,2.84,14.55
33.0833,73.0833,39.32,2.82,14.32
33.0833,73.25,39.09,3.33,14.09
33.0833,73.4167,39.5,4.0,14.5
33.0833,73.5833,39.82,4.69,14.82
33.0833,73.75,39.6,4.93,14.6
33.0833,73.9167,39.19,4.66,14.19
33.0833,74.0833,37.11,3.95,12.11
33.0833,74.25,36.87,3.86,11.87
33.0833,74.4167,36.94,3.75,11.94
33.0833,74.5833,35.97,3.64,10.97
33.0833,74.75,36.0,3.87,11.0
33.0833,74.9167,33.37,2.54,8.37
33.0833,75.0833,30.91,1.14,5.91
33.0833,75.25,29.15,-0.58,4.15
33.0833,75.4167,28.78,-0.97,3.78
33.0833,75.5833,28.24,-1.48,3.24
33.0833,75.75,27.65,-1.94,2.65
33.0833,75.9167,25.78,-3.81,0.78
33.0833,76.0833,17.25,-13.12,0.0
33.0833,76.25,16.39,-15.1,0.0
33.0833,76.4167,19.04,-13.06,0.0
33.0833,76.5833,12.92,-19.78,0.0
33.0833,76.75,10.55,-22.99,0.0
33.0833,76.9167,8.34,-25.24,0.0
33.0833,77.0833,10.19,-24.94,0.0
33.0833,77.25,12.44,-23.66,0.0
33.0833,77.4167,12.42,-24.22,0.0
33.0833,77.5833,13.63,-22.99,0.0
33.0833,77.75,13.14,-23.96,0.0
33.0833,77.9167,12.63,-25.03,0.0
33.0833,78.0833,10.19,-26.81,0.0
33.0833,78.25,12.42,-24.58,0.0
33.0833,78.4167,10.02,-26.97,0.0
33.0833,78.5833,14.72,-22.69,0.0
33.0833,78.75,19.2,-19.07,0.0
33.0833,78.9167,16.17,-21.72,0.0
33.0833,79.0833,17.04,-21.08,0.0
33.0833,79.25,16.17,-22.55,0.0
33.0833,79.4167,12.64,-25.55,0.0
33.0833,79.5833,10.91,-26.77,0.0
33.0833,79.75,15.78,-22.94,0.0
33.0833,79.9167,12.3,-25.14,0.0
33.0833,80.0833,15.46,-22.88,0.0
33.0833,80.25,16.3,-22.53,0.0
33.0833,80.4167,18.73,-20.94,0.0
33.0833,80.5833,18.43,-20.85,0.0
33.0833,80.75,18.96,-20.98,0.0
33.0833,80.9167,18.14,-21.65,0.0
33.0833,81.0833,16.62,-22.78,0.0
33.0833,81.25,17.01,-22.86,0.0
33.0833,81.4167,17.48,-22.66,0.0
33.0833,81.5833,18.32,-22.06,0.0
33.0833,81.75,17.26,-22.65,0.0
33.0833,81.9167,18.24,-21.61,0.0
33.0833,82.0833,18.84,-21.23,0.0
33.0833,82.25,18.24,-22.13,0.0
33.0833,82.4167,18.6,-21.97,0.0
33.0833,82.5833,17.58,-22.79,0.0
33.0833,82.75,18.11,-22.44,0.0
33.0833,82.9167,18.67,-22.06,0.0
33.0833,83.0833,19.22,-22.04,0.0
33.0833,83.25,18.92,-21.83,0.0
33.0833,83.4167,17.85,-22.57,0.0
33.0833,83.5833,16.42,-23.72,0.0
33.0833,83.75,17.46,-22.67,0.0
33.0833,83.9167,17.4,-22.95,0.0
33.0833,84.0833,18.07,-22.83,0.0
33.0833,84.25,17.36,-23.07,0.0
33.0833,84.4167,17.18,-23.27,0.0
33.0833,84.5833,16.91,-23.33,0.0
33.0833,84.75,16.02,-23.75,0.0
33.0833,84.9167,15.96,-23.93,0.0
33.0833,85.0833,15.57,-23.65,0.0
33.0833,85.25,16.49,-23.17,0.0
33.0833,85.4167,16.13,-23.44,0.0
33.0833,85.5833,15.3,-24.08,0.0
33.0833,85.75,14.19,-24.61,0.0
33.0833,85.9167,14.13,-24.53,0.0
33.0833,86.0833,13.17,-24.62,0.0
33.0833,86.25,14.49,-23.93,0.0
33.0833,86.4167,14.17,-24.2,0.0
33.0833,86.5833,11.69,-25.11,0.0
33.0833,86.75,15.88,-21.06,0.0
33.0833,86.9167,16.86,-21.37,0.0
33.0833,87.0833,15.38,-22.38,0.0
33.0833,87.25,14.13,-23.15,0.0
33.0833,87.4167,14.83,-22.82,0.0
33.0833,87.5833,14.7,-22.86,0.0
33.0833,87.75,15.56,-22.05,0.0
33.0833,87.9167,15.47,-22.29,0.0
33.0833,88.0833,14.77,-21.92,0.0
33.0833,88.25,14.18,-22.46,0.0
33.0833,88.4167,13.31,-23.15,0.0
33.0833,88.5833,11.02,-24.31,0.0
33.0833,88.75,13.82,-21.97,0.0
33.0833,88.9167,13.9,-22.77,0.0
33.0833,89.0833,13.91,-22.23,0.0
33.0833,89.25,13.37,-23.15,0.0
33.0833,89.4167,12.61,-23.56,0.0
33.0833,89.5833,12.96,-23.12,0.0
33.0833,89.75,13.1,-22.36,0.0
33.0833,89.9167,13.25,-23.27,0.0
33.0833,90.0833,12.39,-24.08,0.0
33.0833,90.25,11.55,-24.47,0.0
33.0833,90.4167,11.05,-24.75,0.0
33.0833,90.5833,11.62,-24.62,0.0
33.0833,90.75,10.96,-25.21,0.0
33.0833,90.9167,10.37,-25.73,0.0
33.0833,91.0833,9.81,-26.13,0.0
33.0833,91.25,9.39,-26.04,0.0
33.0833,91.4167,10.51,-25.46,0.0
33.0833,91.5833,10.54,-25.7,0.0
33.0833,91.75,10.61,-25.48,0.0
33.0833,91.9167,10.74,-25.23,0.0
33.0833,92.0833,8.16,-26.77,0.0
33.0833,92.25,9.42,-25.82,0.0
33.0833,92.4167,9.82,-25.47,0.0
33.0833,92.5833,11.26,-24.66,0.0
33.0833,92.75,11.74,-24.25,0.0
33.0833,92.9167,12.24,-24.16,0.0
33.0833,93.0833,12.63,-24.11,0.0
33.0833,93.25,12.81,-23.84,0.0
33.0833,93.4167,12.87,-23.82,0.0
33.0833,93.5833,12.9,-23.7,0.0
33.0833,93.75,12.29,-24.1,0.0
33.0833,93.9167,12.35,-24.2,0.0
33.0833,94.0833,12.28,-23.94,0.0
33.0833,94.25,12.51,-23.51,0.0
33.0833,94.4167,12.59,-23.09,0.0
33.0833,94.5833,13.1,-22.44,0.0
33.0833,94.75,12.98,-22.58,0.0
33.0833,94.9167,13.56,-22.16,0.0
33.0833,95.0833,13.2,-22.18,0.0
33.0833,95.25,12.91,-22.72,0.0
33.0833,95.4167,11.08,-23.72,0.0
33.0833,95.5833,11.83,-23.15,0.0
33.0833,95.75,11.88,-23.43,0.0
33.0833,95.9167,11.64,-23.36,0.0
33.0833,96.0833,12.56,-22.75,0.0
33.0833,96.25,13.58,-22.45,0.0
33.0833,96.4167,13.66,-22.37,0.0
33.0833,96.5833,13.75,-22.62,0.0
33.0833,96.75,12.82,-22.78,0.0
33.0833,96.9167,14.47,-20.56,0.0
32.9167,68.0833,31.73,-13.89,6.73
32.9167,68.25,30.39,-13.73,5.39
32.9167,68.4167,29.93,-13.39,4.93
32.9167,68.5833,30.44,-12.72,5.44
32.9167,68.75,28.87,-12.65,3.87
32.9167,68.9167,26.5,-12.93,1.5
32.9167,69.0833,27.11,-11.91,2.11
32.9167,69.25,28.08,-9.87,3.08
32.9167,69.4167,29.75,-7.0,4.75
32.9167,69.5833,31.28,-4.84,6.28
32.9167,69.75,33.2,-2.66,8.2
32.9167,69.9167,33.47,-1.64,8.47
32.9167,70.0833,36.23,1.25,11.23
32.9167,70.25,38.54,3.0,13.54
32.9167,70.4167,40.28,4.4,15.28
32.9167,70.5833,41.24,4.68,16.24
32.9167,70.75,41.58,4.75,16.58
32.9167,70.9167,42.55,4.39,17.55
32.9167,71.0833,40.23,4.17,15.23
32.9167,71.25,41.73,4.63,16.73
32.9167,71.4167,42.02,4.65,17.02
32.9167,71.5833,41.45,4.77,16.45
32.9167,71.75,41.82,4.2,16.82
32.9167,71.9167,41.95,3.77,16.95
32.9167,72.0833,41.45,3.31,16.45
32.9167,72.25,40.84,3.0,15.84
32.9167,72.4167,40.53,2.97,15.53
32.9167,72.5833,39.94,2.92,14.94
32.9167,72.75,39.4,2.65,14.4
32.9167,72.9167,39.4,2.6,14.4
32.9167,73.0833,39.32,3.16,14.32
32.9167,73.25,39.7,3.99,14.7
32.9167,73.4167,40.05,4.3,15.05
32.9167,73.5833,40.5,4.65,15.5
32.9167,73.75,40.3,4.82,15.3
32.9167,73.9167,40.02,4.56,15.02
32.9167,74.0833,39.59,4.5,14.59
32.9167,74.25,38.94,4.53,13.94
32.9167,74.4167,38.61,4.63,13.61
32.9167,74.5833,38.35,4.64,13.35
32.9167,74.75,38.33,4.68,13.33
32.9167,74.9167,37.07,4.42,12.07
32.9167,75.0833,36.14,3.9,11.14
32.9167,75.25,32.43,2.01,7.43
32.9167,75.4167,26.85,-1.84,1.85
32.9167,75.5833,20.26,-8.24,0.0
32.9167,75.75,21.39,-7.41,0.0
32.9167,75.9167,21.38,-7.54,0.0
32.9167,76.0833,21.97,-6.65,0.0
32.9167,76.25,20.34,-8.57,0.0
32.9167,76.4167,18.53,-12.32,0.0
32.9167,76.5833,14.67,-17.75,0.0
32.9167,76.75,11.19,-21.68,0.0
32.9167,76.9167,11.0,-22.59,0.0
32.9167,77.0833,9.01,-25.16,0.0
32.9167,77.25,9.41,-25.17,0.0
32.9167,77.4167,11.32,-24.5,0.0
32.9167,77.5833,14.16,-22.75,0.0
32.9167,77.75,12.55,-24.09,0.0
32.9167,77.9167,12.07,-25.43,0.0
32.9167,78.0833,12.53,-25.16,0.0
32.9167,78.25,12.64,-22.28,0.0
32.9167,78.4167,11.54,-24.65,0.0
32.9167,78.5833,12.9,-24.58,0.0
32.9167,78.75,14.74,-22.86,0.0
32.9167,78.9167,18.65,-19.61,0.0
32.9167,79.0833,13.58,-23.56,0.0
32.9167,79.25,19.26,-19.44,0.0
32.9167,79.4167,18.31,-20.97,0.0
32.9167,79.5833,17.43,-21.85,0.0
32.9167,79.75,17.98,-21.31,0.0
32.9167,79.9167,13.86,-24.42,0.0
32.9167,80.0833,10.93,-26.39,0.0
32.9167,80.25,9.8,-27.31,0.0
32.9167,80.4167,14.31,-23.75,0.0
32.9167,80.5833,15.76,-23.0,0.0
32.9167,80.75,15.74,-23.52,0.0
32.9167,80.9167,13.01,-25.25,0.0
32.9167,81.0833,13.07,-24.68,0.0
32.9167,81.25,16.74,-22.3,0.0
32.9167,81.4167,18.1,-21.38,0.0
32.9167,81.5833,17.11,-22.38,0.0
32.9167,81.75,18.98,-21.1,0.0
32.9167,81.9167,18.37,-21.28,0.0
32.9167,82.0833,18.59,-20.49,0.0
32.9167,82.25,18.01,-21.28,0.0
32.9167,82.4167,18.47,-21.2,0.0
32.9167,82.5833,18.81,-21.07,0.0
32.9167,82.75,19.61,-21.08,0.0
32.9167,82.9167,18.84,-21.96,0.0
32.9167,83.0833,18.68,-21.76,0.0
32.9167,83.25,19.41,-21.13,0.0
32.9167,83.4167,17.91,-22.03,0.0
32.9167,83.5833,16.05,-23.28,0.0
32.9167,83.75,17.0,-22.44,0.0
32.9167,83.9167,16.78,-22.61,0.0
32.9167,84.0833,17.35,-22.48,0.0
32.9167,84.25,15.99,-23.68,0.0
32.9167,84.4167,15.77,-23.39,0.0
32.9167,84.5833,15.71,-23.62,0.0
32.9167,84.75,14.88,-24.21,0.0
32.9167,84.9167,15.78,-23.4,0.0
32.9167,85.0833,16.2,-23.36,0.0
32.9167,85.25,15.86,-23.59,0.0
32.9167,85.4167,16.0,-23.3,0.0
32.9167,85.5833,15.59,-23.39,0.0
32.9167,85.75,15.44,-23.43,0.0
32.9167,85.9167,14.23,-24.15,0.0
32.9167,86.0833,14.43,-23.46,0.0
32.9167,86.25,15.28,-23.1,0.0
32.9167,86.4167,14.08,-23.5,0.0
32.9167,86.5833,16.22,-20.97,0.0
32.9167,86.75,16.83,-20.18,0.0
32.9167,86.9167,15.4,-22.15,0.0
32.9167,87.0833,15.11,-21.94,0.0
32.9167,87.25,16.36,-21.8,0.0
32.9167,87.4167,15.25,-22.6,0.0
32.9167,87.5833,14.45,-22.99,0.0
32.9167,87.75,14.36,-22.56,0.0
32.9167,87.9167,13.85,-22.56,0.0
32.9167,88.0833,14.4,-21.57,0.0
32.9167,88.25,15.31,-20.74,0.0
32.9167,88.4167,14.81,-21.78,0.0
32.9167,88.5833,14.65,-21.88,0.0
32.9167,88.75,14.4,-21.53,0.0
32.9167,88.9167,13.79,-22.35,0.0
32.9167,89.0833,13.02,-22.95,0.0
32.9167,89.25,12.49,-23.21,0.0
32.9167,89.4167,12.62,-23.15,0.0
32.9167,89.5833,12.81,-23.04,0.0
32.9167,89.75,13.18,-22.53,0.0
32.9167,89.9167,13.13,-23.23,0.0
32.9167,90.0833,11.57,-24.43,0.0
32.9167,90.25,11.39,-24.02,0.0
32.9167,90.4167,12.59,-23.64,0.0
32.9167,90.5833,12.26,-23.86,0.0
32.9167,90.75,11.73,-24.33,0.0
32.9167,90.9167,11.0,-24.77,0.0
32.9167,91.0833,10.92,-24.81,0.0
32.9167,91.25,11.3,-24.61,0.0
32.9167,91.4167,11.42,-24.73,0.0
32.9167,91.5833,10.92,-25.01,0.0
32.9167,91.75,9.63,-25.79,0.0
32.9167,91.9167,9.54,-25.8,0.0
32.9167,92.0833,9.53,-26.11,0.0
32.9167,92.25,8.68,-26.32,0.0
32.9167,92.4167,10.04,-25.27,0.0
32.9167,92.5833,10.2,-25.29,0.0
32.9167,92.75,10.37,-24.89,0.0
32.9167,92.9167,10.57,-24.83,0.0
32.9167,93.0833,12.02,-23.73,0.0
32.9167,93.25,12.96,-23.51,0.0
32.9167,93.4167,12.96,-23.62,0.0
32.9167,93.5833,12.91,-23.48,0.0
32.9167,93.75,13.26,-23.47,0.0
32.9167,93.9167,13.1,-23.79,0.0
32.9167,94.0833,12.97,-23.79,0.0
32.9167,94.25,12.47,-24.15,0.0
32.9167,94.4167,11.44,-24.33,0.0
32.9167,94.5833,11.85,-23.3,0.0
32.9167,94.75,12.51,-22.74,0.0
32.9167,94.9167,13.08,-21.98,0.0
32.9167,95.0833,13.93,-21.17,0.0
32.9167,95.25,14.08,-20.94,0.0
32.9167,95.4167,13.97,-21.0,0.0
32.9167,95.5833,14.31,-20.75,0.0
32.9167,95.75,12.17,-22.7,0.0
32.9167,95.9167,12.83,-21.93,0.0
32.9167,96.0833,13.9,-21.03,0.0
32.9167,96.25,13.5,-21.35,0.0
32.9167,96.4167,13.55,-21.62,0.0
32.9167,96.5833,14.07,-21.83,0.0
32.9167,96.75,14.16,-21.31,0.0
32.9167,96.9167,15.53,-20.26,0.0
32.75,68.0833,32.33,-13.13,7.33
32.75,68.25,31.77,-12.66,6.77
32.75,68.4167,31.42,-12.36,6.42
32.75,68.5833,30.55,-11.98,5.55
32.75,68.75,27.02,-12.72,2.02
32.75,68.9167,27.54,-11.28,2.54
32.75,69.0833,27.27,-11.17,2.27
32.75,69.25,29.24,-8.54,4.24
32.75,69.4167,27.11,-8.95,2.11
32.75,69.5833,27.22,-8.06,2.22
32.75,69.75,25.7,-8.11,0.7
32.75,69.9167,29.66,-4.43,4.66
32.75,70.0833,33.72,-0.51,8.72
32.75,70.25,36.73,2.09,11.73
32.75,70.4167,40.08,4.23,15.08
32.75,70.5833,42.15,4.55,17.15
32.75,70.75,42.03,4.55,17.03
32.75,70.9167,42.56,4.44,17.56
32.75,71.0833,41.8,4.37,16.8
32.75,71.25,42.85,4.4,17.85
32.75,71.4167,41.68,4.31,16.68
32.75,71.5833,42.26,4.19,17.26
32.75,71.75,40.74,3.74,15.74
32.75,71.9167,41.82,3.32,16.82
32.75,72.0833,40.76,3.36,15.76
32.75,72.25,39.65,2.85,14.65
32.75,72.4167,39.17,2.64,14.17
32.75,72.5833,38.12,2.53,13.12
32.75,72.75,37.86,2.6,12.86
32.75,72.9167,37.94,2.8,12.94
32.75,73.0833,38.0,3.55,13.0
32.75,73.25,39.5,4.35,14.5
32.75,73.4167,40.16,4.64,15.16
32.75,73.5833,40.16,4.58,15.16
32.75,73.75,40.48,4.66,15.48
32.75,73.9167,40.31,4.55,15.31
32.75,74.0833,40.18,4.38,15.18
32.75,74.25,40.05,4.38,15.05
32.75,74.4167,39.78,4.35,14.78
32.75,74.5833,39.3,4.46,14.3
32.75,74.75,39.3,4.84,14.3
32.75,74.9167,38.47,4.99,13.47
32.75,75.0833,37.7,4.78,12.7
32.75,75.25,35.49,3.98,10.49
32.75,75.4167,31.41,2.1,6.41
32.75,75.5833,27.44,-0.66,2.44
32.75,75.75,25.2,-2.77,0.2
32.75,75.9167,26.08,-1.7,1.08
32.75,76.0833,29.49,1.0,4.49
32.75,76.25,23.63,-4.19,0.0
32.75,76.4167,17.45,-12.68,0.0
32.75,76.5833,16.71,-14.81,0.0
32.75,76.75,15.45,-16.92,0.0
32.75,76.9167,10.08,-22.49,0.0
32.75,77.0833,10.49,-22.59,0.0
32.75,77.25,12.61,-21.43,0.0
32.75,77.4167,9.9,-24.92,0.0
32.75,77.5833,10.66,-25.3,0.0
32.75,77.75,11.93,-24.28,0.0
32.75,77.9167,11.98,-24.88,0.0
32.75,78.0833,13.02,-24.76,0.0
32.75,78.25,13.94,-22.94,0.0
32.75,78.4167,15.07,-22.28,0.0
32.75,78.5833,16.19,-21.93,0.0
32.75,78.75,11.02,-25.07,0.0
32.75,78.9167,18.01,-19.86,0.0
32.75,79.0833,15.18,-22.24,0.0
32.75,79.25,12.84,-24.31,0.0
32.75,79.4167,16.73,-21.03,0.0
32.75,79.5833,17.43,-21.65,0.0
32.75,79.75,17.39,-22.01,0.0
32.75,79.9167,15.6,-23.36,0.0
32.75,80.0833,15.13,-23.87,0.0
32.75,80.25,11.19,-26.45,0.0
32.75,80.4167,11.94,-25.94,0.0
32.75,80.5833,15.86,-23.53,0.0
32.75,80.75,14.27,-24.71,0.0
32.75,80.9167,9.57,-28.01,0.0
32.75,81.0833,10.5,-26.85,0.0
32.75,81.25,15.42,-23.42,0.0
32.75,81.4167,18.09,-21.16,0.0
32.75,81.5833,15.57,-22.41,0.0
32.75,81.75,17.58,-20.08,0.0
32.75,81.9167,18.04,-21.04,0.0
32.75,82.0833,17.35,-21.5,0.0
32.75,82.25,18.03,-20.56,0.0
32.75,82.4167,18.89,-20.64,0.0
32.75,82.5833,19.65,-20.28,0.0
32.75,82.75,19.32,-20.68,0.0
32.75,82.9167,17.56,-22.07,0.0
32.75,83.0833,17.37,-22.07,0.0
32.75,83.25,18.06,-21.63,0.0
32.75,83.4167,17.18,-22.43,0.0
32.75,83.5833,16.57,-23.09,0.0
32.75,83.75,17.72,-22.08,0.0
32.75,83.9167,18.86,-21.5,0.0
32.75,84.0833,18.33,-22.08,0.0
32.75,84.25,17.89,-22.27,0.0
32.75,84.4167,15.11,-24.08,0.0
32.75,84.5833,14.82,-24.12,0.0
32.75,84.75,14.59,-24.26,0.0
32.75,84.9167,14.06,-24.43,0.0
32.75,85.0833,14.02,-24.13,0.0
32.75,85.25,15.01,-23.47,0.0
32.75,85.4167,15.8,-23.2,0.0
32.75,85.5833,14.25,-24.03,0.0
32.75,85.75,15.47,-23.22,0.0
32.75,85.9167,14.07,-23.94,0.0
32.75,86.0833,14.28,-23.41,0.0
32.75,86.25,15.07,-22.94,0.0
32.75,86.4167,14.76,-22.29,0.0
32.75,86.5833,16.05,-21.42,0.0
32.75,86.75,15.1,-22.12,0.0
32.75,86.9167,15.43,-21.91,0.0
32.75,87.0833,15.71,-21.68,0.0
32.75,87.25,15.21,-21.99,0.0
32.75,87.4167,14.3,-22.43,0.0
32.75,87.5833,14.18,-22.2,0.0
32.75,87.75,15.42,-20.6,0.0
32.75,87.9167,15.3,-21.25,0.0
32.75,88.0833,14.96,-21.39,0.0
32.75,88.25,14.06,-22.1,0.0
32.75,88.4167,13.58,-22.13,0.0
32.75,88.5833,14.21,-21.75,0.0
32.75,88.75,13.63,-22.12,0.0
32.75,88.9167,13.63,-22.15,0.0
32.75,89.0833,13.25,-22.67,0.0
32.75,89.25,12.96,-22.65,0.0
32.75,89.4167,13.5,-22.53,0.0
32.75,89.5833,13.24,-22.36,0.0
32.75,89.75,13.16,-22.9,0.0
32.75,89.9167,12.36,-23.52,0.0
32.75,90.0833,12.21,-23.55,0.0
32.75,90.25,11.91,-23.6,0.0
32.75,90.4167,12.44,-23.12,0.0
32.75,90.5833,12.66,-23.34,0.0
32.75,90.75,12.67,-23.43,0.0
32.75,90.9167,11.75,-23.8,0.0
32.75,91.0833,12.62,-23.45,0.0
32.75,91.25,12.17,-23.96,0.0
32.75,91.4167,12.05,-23.97,0.0
32.75,91.5833,11.66,-24.41,0.0
32.75,91.75,11.1,-24.83,0.0
32.75,91.9167,10.31,-25.29,0.0
32.75,92.0833,10.06,-25.49,0.0
32.75,92.25,8.53,-26.08,0.0
32.75,92.4167,9.39,-25.58,0.0
32.75,92.5833,8.81,-25.96,0.0
32.75,92.75,8.43,-25.91,0.0
32.75,92.9167,9.22,-25.34,0.0
32.75,93.0833,10.89,-24.29,0.0
32.75,93.25,9.95,-24.57,0.0
32.75,93.4167,11.99,-23.47,0.0
32.75,93.5833,12.38,-23.41,0.0
32.75,93.75,12.89,-23.32,0.0
32.75,93.9167,12.85,-23.24,0.0
32.75,94.0833,12.85,-23.46,0.0
32.75,94.25,12.51,-23.88,0.0
32.75,94.4167,12.36,-23.94,0.0
32.75,94.5833,11.85,-23.98,0.0
32.75,94.75,11.96,-23.16,0.0
32.75,94.9167,12.09,-22.68,0.0
32.75,95.0833,14.66,-20.95,0.0
32.75,95.25,13.17,-21.73,0.0
32.75,95.4167,12.71,-21.79,0.0
32.75,95.5833,13.73,-20.46,0.0
32.75,95.75,13.59,-20.49,0.0
32.75,95.9167,12.37,-21.46,0.0
32.75,96.0833,15.14,-19.37,0.0
32.75,96.25,14.53,-20.1,0.0
32.75,96.4167,14.79,-19.75,0.0
32.75,96.5833,14.79,-19.86,0.0
32.75,96.75,12.31,-22.08,0.0
32.75,96.9167,11.94,-22.49,0.0
32.5833,68.0833,32.59,-12.22,7.59
32.5833,68.25,32.13,-11.87,7.13
32.5833,68.4167,31.59,-11.49,6.59
32.5833,68.5833,29.96,-11.43,4.96
32.5833,68.75,29.82,-10.26,4.82
32.5833,68.9167,30.81,-8.52,5.81
32.5833,69.0833,28.53,-9.64,3.53
32.5833,69.25,28.77,-8.84,3.77
32.5833,69.4167,25.08,-9.97,0.08
32.5833,69.5833,24.57,-9.23,0.0
32.5833,69.75,26.78,-6.47,1.78
32.5833,69.9167,30.59,-3.04,5.59
32.5833,70.0833,33.43,-0.31,8.43
32.5833,70.25,34.41,0.92,9.41
32.5833,70.4167,39.22,4.2,14.22
32.5833,70.5833,41.89,4.52,16.89
32.5833,70.75,42.81,4.29,17.81
32.5833,70.9167,42.69,4.28,17.69
32.5833,71.0833,42.38,4.29,17.38
32.5833,71.25,42.05,4.41,17.05
32.5833,71.4167,40.7,4.22,15.7
32.5833,71.5833,42.74,3.91,17.74
32.5833,71.75,42.04,4.04,17.04
32.5833,71.9167,39.2,3.17,14.2
32.5833,72.0833,37.9,2.46,12.9
32.5833,72.25,37.51,2.36,12.51
32.5833,72.4167,39.18,3.06,14.18
32.5833,72.5833,40.08,3.52,15.08
32.5833,72.75,41.16,4.07,16.16
32.5833,72.9167,40.69,4.31,15.69
32.5833,73.0833,40.73,4.34,15.73
32.5833,73.25,40.44,4.3,15.44
32.5833,73.4167,40.22,4.6,15.22
32.5833,73.5833,40.18,4.63,15.18
32.5833,73.75,40.44,4.59,15.44
32.5833,73.9167,40.22,4.5,15.22
32.5833,74.0833,39.95,4.53,14.95
32.5833,74.25,39.72,4.46,14.72
32.5833,74.4167,39.4,4.45,14.4
32.5833,74.5833,39.48,4.58,14.48
32.5833,74.75,39.4,4.59,14.4
32.5833,74.9167,39.26,4.77,14.26
32.5833,75.0833,38.81,4.85,13.81
32.5833,75.25,37.92,4.99,12.92
32.5833,75.4167,37.01,5.05,12.01
32.5833,75.5833,35.74,4.99,10.74
32.5833,75.75,33.76,4.33,8.76
32.5833,75.9167,33.31,4.27,8.31
32.5833,76.0833,31.15,2.9,6.15
32.5833,76.25,25.47,-1.94,0.47
32.5833,76.4167,17.98,-10.34,0.0
32.5833,76.5833,14.05,-15.54,0.0
32.5833,76.75,14.0,-17.06,0.0
32.5833,76.9167,16.08,-15.94,0.0
32.5833,77.0833,14.84,-17.83,0.0
32.5833,77.25,13.37,-19.74,0.0
32.5833,77.4167,8.73,-24.7,0.0
32.5833,77.5833,10.4,-24.56,0.0
32.5833,77.75,9.94,-25.15,0.0
32.5833,77.9167,9.7,-25.6,0.0
32.5833,78.0833,10.32,-25.52,0.0
32.5833,78.25,10.76,-25.12,0.0
32.5833,78.4167,11.1,-24.77,0.0
32.5833,78.5833,15.07,-21.9,0.0
32.5833,78.75,12.13,-24.4,0.0
32.5833,78.9167,14.43,-22.86,0.0
32.5833,79.0833,13.06,-24.19,0.0
32.5833,79.25,9.38,-26.78,0.0
32.5833,79.4167,11.1,-25.45,0.0
32.5833,79.5833,17.13,-20.87,0.0
32.5833,79.75,19.02,-20.83,0.0
32.5833,79.9167,18.22,-21.8,0.0
32.5833,80.0833,18.17,-21.76,0.0
32.5833,80.25,17.97,-21.44,0.0
32.5833,80.4167,17.85,-21.55,0.0
32.5833,80.5833,17.16,-22.24,0.0
32.5833,80.75,15.26,-23.53,0.0
32.5833,80.9167,14.53,-24.19,0.0
32.5833,81.0833,13.78,-24.64,0.0
32.5833,81.25,15.45,-23.17,0.0
32.5833,81.4167,16.06,-22.76,0.0
32.5833,81.5833,17.13,-21.62,0.0
32.5833,81.75,16.73,-21.95,0.0
32.5833,81.9167,18.31,-20.45,0.0
32.5833,82.0833,18.48,-20.24,0.0
32.5833,82.25,19.09,-19.31,0.0
32.5833,82.4167,19.21,-19.26,0.0
32.5833,82.5833,19.9,-19.34,0.0
32.5833,82.75,19.29,-20.16,0.0
32.5833,82.9167,18.33,-21.03,0.0
32.5833,83.0833,17.25,-21.72,0.0
32.5833,83.25,19.25,-20.21,0.0
32.5833,83.4167,18.32,-21.24,0.0
32.5833,83.5833,17.13,-22.32,0.0
32.5833,83.75,17.54,-22.01,0.0
32.5833,83.9167,17.65,-22.02,0.0
32.5833,84.0833,17.28,-22.26,0.0
32.5833,84.25,18.06,-21.68,0.0
32.5833,84.4167,16.85,-22.65,0.0
32.5833,84.5833,16.09,-23.34,0.0
32.5833,84.75,16.01,-23.31,0.0
32.5833,84.9167,15.05,-23.86,0.0
32.5833,85.0833,14.0,-24.45,0.0
32.5833,85.25,14.8,-23.46,0.0
32.5833,85.4167,14.94,-23.36,0.0
32.5833,85.5833,14.44,-23.66,0.0
32.5833,85.75,14.15,-23.43,0.0
32.5833,85.9167,14.52,-23.14,0.0
32.5833,86.0833,15.52,-22.19,0.0
32.5833,86.25,15.89,-21.24,0.0
32.5833,86.4167,15.41,-21.84,0.0
32.5833,86.5833,15.48,-21.4,0.0
32.5833,86.75,15.38,-21.89,0.0
32.5833,86.9167,14.38,-22.48,0.0
32.5833,87.0833,13.46,-22.87,0.0
32.5833,87.25,12.84,-23.05,0.0
32.5833,87.4167,12.87,-22.94,0.0
32.5833,87.5833,13.9,-21.98,0.0
32.5833,87.75,13.91,-22.17,0.0
32.5833,87.9167,11.72,-23.28,0.0
32.5833,88.0833,14.19,-21.31,0.0
32.5833,88.25,12.8,-22.55,0.0
32.5833,88.4167,13.8,-21.46,0.0
32.5833,88.5833,14.68,-20.96,0.0
32.5833,88.75,14.22,-21.39,0.0
32.5833,88.9167,14.62,-21.3,0.0
32.5833,89.0833,14.12,-21.66,0.0
32.5833,89.25,14.75,-21.3,0.0
32.5833,89.4167,13.93,-22.06,0.0
32.5833,89.5833,13.42,-22.1,0.0
32.5833,89.75,13.34,-22.34,0.0
32.5833,89.9167,12.45,-22.53,0.0
32.5833,90.0833,13.11,-21.87,0.0
32.5833,90.25,12.93,-22.68,0.0
32.5833,90.4167,12.18,-23.21,0.0
32.5833,90.5833,13.11,-22.65,0.0
32.5833,90.75,13.23,-22.8,0.0
32.5833,90.9167,13.25,-22.69,0.0
32.5833,91.0833,13.1,-22.76,0.0
32.5833,91.25,12.7,-23.34,0.0
32.5833,91.4167,12.38,-23.73,0.0
32.5833,91.5833,11.66,-24.02,0.0
32.5833,91.75,10.96,-24.51,0.0
32.5833,91.9167,10.7,-24.83,0.0
32.5833,92.0833,10.68,-25.06,0.0
32.5833,92.25,10.05,-25.24,0.0
32.5833,92.4167,10.41,-24.93,0.0
32.5833,92.5833,9.79,-25.4,0.0
32.5833,92.75,10.37,-24.94,0.0
32.5833,92.9167,10.4,-25.03,0.0
32.5833,93.0833,9.56,-25.18,0.0
32.5833,93.25,10.41,-24.37,0.0
32.5833,93.4167,10.67,-24.42,0.0
32.5833,93.5833,10.96,-24.1,0.0
32.5833,93.75,11.52,-23.74,0.0
32.5833,93.9167,11.68,-23.63,0.0
32.5833,94.0833,11.78,-23.56,0.0
32.5833,94.25,11.54,-23.86,0.0
32.5833,94.4167,11.28,-24.03,0.0
32.5833,94.5833,12.3,-23.15,0.0
32.5833,94.75,13.07,-22.14,0.0
32.5833,94.9167,12.08,-22.61,0.0
32.5833,95.0833,12.38,-21.97,0.0
32.5833,95.25,14.92,-20.09,0.0
32.5833,95.4167,13.76,-20.91,0.0
32.5833,95.5833,13.56,-20.44,0.0
32.5833,95.75,14.94,-19.07,0.0
32.5833,95.9167,14.58,-19.3,0.0
32.5833,96.0833,16.59,-18.03,0.0
32.5833,96.25,15.45,-18.79,0.0
32.5833,96.4167,15.4,-19.24,0.0
32.5833,96.5833,16.08,-18.39,0.0
32.5833,96.75,13.92,-20.3,0.0
32.5833,96.9167,12.04,-22.53,0.0
32.4167,68.0833,32.74,-11.33,7.74
32.4167,68.25,31.59,-11.15,6.59
32.4167,68.4167,30.89,-11.03,5.89
32.4167,68.5833,30.27,-10.41,5.27
32.4167,68.75,30.53,-9.18,5.53
32.4167,68.9167,32.2,-6.42,7.2
32.4167,69.0833,30.67,-6.75,5.67
32.4167,69.25,28.17,-8.04,3.17
32.4167,69.4167,27.78,-6.83,2.78
32.4167,69.5833,29.78,-4.73,4.78
32.4167,69.75,30.38,-3.52,5.38
32.4167,69.9167,33.61,-0.5,8.61
32.4167,70.0833,36.95,2.37,11.95
32.4167,70.25,38.72,3.96,13.72
32.4167,70.4167,41.54,4.78,16.54
32.4167,70.5833,42.19,4.65,17.19
32.4167,70.75,42.3,4.26,17.3
32.4167,70.9167,41.3,3.95,16.3
32.4167,71.0833,40.59,3.91,15.59
32.4167,71.25,40.96,4.3,15.96
32.4167,71.4167,41.53,4.45,16.53
32.4167,71.5833,42.88,3.55,17.88
32.4167,71.75,42.81,3.82,17.81
32.4167,71.9167,41.52,4.01,16.52
32.4167,72.0833,39.94,3.59,14.94
32.4167,72.25,40.94,3.9,15.94
32.4167,72.4167,41.8,4.04,16.8
32.4167,72.5833,41.2,4.05,16.2
32.4167,72.75,40.86,4.1,15.86
32.4167,72.9167,40.64,4.08,15.64
32.4167,73.0833,40.49,4.11,15.49
32.4167,73.25,40.22,4.17,15.22
32.4167,73.4167,40.24,4.35,15.24
32.4167,73.5833,40.27,4.42,15.27
32.4167,73.75,39.84,4.55,14.84
32.4167,73.9167,39.92,4.47,14.92
32.4167,74.0833,39.79,4.53,14.79
32.4167,74.25,39.68,4.41,14.68
32.4167,74.4167,39.56,4.45,14.56
32.4167,74.5833,39.64,4.44,14.64
32.4167,74.75,39.59,4.43,14.59
32.4167,74.9167,39.5,4.52,14.5
32.4167,75.0833,39.61,4.62,14.61
32.4167,75.25,39.51,4.95,14.51
32.4167,75.4167,38.91,5.38,13.91
32.4167,75.5833,38.21,5.65,13.21
32.4167,75.75,37.72,6.01,12.72
32.4167,75.9167,35.74,5.61,10.74
32.4167,76.0833,28.45,1.8,3.45
32.4167,76.25,23.35,-3.43,0.0
32.4167,76.4167,24.51,-3.16,0.0
32.4167,76.5833,20.79,-7.2,0.0
32.4167,76.75,14.29,-14.86,0.0
32.4167,76.9167,14.44,-16.22,0.0
32.4167,77.0833,14.57,-15.83,0.0
32.4167,77.25,14.45,-16.52,0.0
32.4167,77.4167,8.93,-23.33,0.0
32.4167,77.5833,12.25,-22.1,0.0
32.4167,77.75,11.45,-23.11,0.0
32.4167,77.9167,13.95,-21.19,0.0
32.4167,78.0833,10.76,-24.07,0.0
32.4167,78.25,8.93,-25.95,0.0
32.4167,78.4167,10.32,-24.85,0.0
32.4167,78.5833,13.39,-21.92,0.0
32.4167,78.75,13.63,-22.29,0.0
32.4167,78.9167,9.46,-25.82,0.0
32.4167,79.0833,10.38,-26.07,0.0
32.4167,79.25,13.17,-24.8,0.0
32.4167,79.4167,11.54,-25.8,0.0
32.4167,79.5833,10.28,-25.52,0.0
32.4167,79.75,16.45,-20.89,0.0
32.4167,79.9167,19.03,-20.33,0.0
32.4167,80.0833,19.35,-20.53,0.0
32.4167,80.25,16.64,-21.79,0.0
32.4167,80.4167,16.73,-22.24,0.0
32.4167,80.5833,16.03,-23.18,0.0
32.4167,80.75,16.11,-22.42,0.0
32.4167,80.9167,16.49,-21.76,0.0
32.4167,81.0833,16.88,-21.83,0.0
32.4167,81.25,16.77,-22.64,0.0
32.4167,81.4167,15.24,-23.74,0.0
32.4167,81.5833,14.72,-23.68,0.0
32.4167,81.75,15.55,-22.5,0.0
32.4167,81.9167,17.96,-20.42,0.0
32.4167,82.0833,17.46,-20.99,0.0
32.4167,82.25,14.07,-23.06,0.0
32.4167,82.4167,15.53,-22.06,0.0
32.4167,82.5833,16.78,-20.98,0.0
32.4167,82.75,17.86,-20.29,0.0
32.4167,82.9167,18.5,-19.32,0.0
32.4167,83.0833,16.9,-21.02,0.0
32.4167,83.25,18.26,-20.08,0.0
32.4167,83.4167,16.94,-21.3,0.0
32.4167,83.5833,18.61,-20.07,0.0
32.4167,83.75,19.38,-19.68,0.0
32.4167,83.9167,18.87,-20.27,0.0
32.4167,84.0833,19.05,-20.59,0.0
32.4167,84.25,18.58,-20.85,0.0
32.4167,84.4167,16.98,-21.72,0.0
32.4167,84.5833,14.96,-22.75,0.0
32.4167,84.75,14.66,-23.03,0.0
32.4167,84.9167,14.81,-23.2,0.0
32.4167,85.0833,13.87,-23.73,0.0
32.4167,85.25,15.25,-22.32,0.0
32.4167,85.4167,15.54,-22.34,0.0
32.4167,85.5833,15.28,-22.32,0.0
32.4167,85.75,16.1,-21.09,0.0
32.4167,85.9167,15.44,-21.96,0.0
32.4167,86.0833,15.74,-21.51,0.0
32.4167,86.25,15.79,-21.28,0.0
32.4167,86.4167,15.78,-20.96,0.0
32.4167,86.5833,16.78,-20.13,0.0
32.4167,86.75,16.84,-20.58,0.0
32.4167,86.9167,14.69,-21.79,0.0
32.4167,87.0833,13.31,-22.26,0.0
32.4167,87.25,13.2,-22.37,0.0
32.4167,87.4167,13.22,-22.5,0.0
32.4167,87.5833,11.81,-23.1,0.0
32.4167,87.75,11.72,-23.12,0.0
32.4167,87.9167,13.81,-20.97,0.0
32.4167,88.0833,15.33,-19.7,0.0
32.4167,88.25,12.44,-22.16,0.0
32.4167,88.4167,12.97,-21.67,0.0
32.4167,88.5833,15.52,-20.01,0.0
32.4167,88.75,16.19,-19.7,0.0
32.4167,88.9167,14.96,-20.94,0.0
32.4167,89.0833,14.8,-20.44,0.0
32.4167,89.25,15.49,-20.08,0.0
32.4167,89.4167,15.41,-20.37,0.0
32.4167,89.5833,15.27,-20.59,0.0
32.4167,89.75,15.42,-20.63,0.0
32.4167,89.9167,15.0,-19.94,0.0
32.4167,90.0833,14.57,-20.63,0.0
32.4167,90.25,13.84,-21.85,0.0
32.4167,90.4167,13.51,-22.02,0.0
32.4167,90.5833,13.31,-22.21,0.0
32.4167,90.75,13.97,-22.18,0.0
32.4167,90.9167,13.72,-22.51,0.0
32.4167,91.0833,12.92,-22.95,0.0
32.4167,91.25,11.62,-23.59,0.0
32.4167,91.4167,11.4,-23.66,0.0
32.4167,91.5833,11.34,-23.42,0.0
32.4167,91.75,11.67,-23.4,0.0
32.4167,91.9167,11.83,-23.78,0.0
32.4167,92.0833,11.72,-24.25,0.0
32.4167,92.25,11.61,-24.0,0.0
32.4167,92.4167,11.44,-24.25,0.0
32.4167,92.5833,11.61,-24.12,0.0
32.4167,92.75,11.15,-24.1,0.0
32.4167,92.9167,11.48,-23.36,0.0
32.4167,93.0833,12.72,-22.64,0.0
32.4167,93.25,12.62,-22.57,0.0
32.4167,93.4167,12.37,-22.67,0.0
32.4167,93.5833,11.99,-23.12,0.0
32.4167,93.75,12.46,-22.86,0.0
32.4167,93.9167,12.39,-22.96,0.0
32.4167,94.0833,10.98,-23.89,0.0
32.4167,94.25,10.58,-24.13,0.0
32.4167,94.4167,11.66,-23.28,0.0
32.4167,94.5833,11.79,-23.07,0.0
32.4167,94.75,12.89,-22.4,0.0
32.4167,94.9167,11.7,-23.08,0.0
32.4167,95.0833,11.77,-22.21,0.0
32.4167,95.25,13.27,-20.63,0.0
32.4167,95.4167,16.41,-18.63,0.0
32.4167,95.5833,14.47,-19.82,0.0
32.4167,95.75,14.5,-19.44,0.0
32.4167,95.9167,14.54,-19.78,0.0
32.4167,96.0833,15.54,-18.53,0.0
32.4167,96.25,15.33,-18.56,0.0
32.4167,96.4167,16.59,-17.41,0.0
32.4167,96.5833,14.64,-18.97,0.0
32.4167,96.75,16.49,-17.77,0.0
32.4167,96.9167,15.28,-19.13,0.0
32.25,68.0833,30.96,-11.26,5.96
32.25,68.25,30.56,-11.4,5.56
32.25,68.4167,30.32,-11.44,5.32
32.25,68.5833,28.83,-10.88,3.83
32.25,68.75,29.17,-9.54,4.17
32.25,68.9167,30.71,-6.7,5.71
32.25,69.0833,33.06,-3.84,8.06
32.25,69.25,31.56,-4.21,6.56
32.25,69.4167,32.26,-3.21,7.26
32.25,69.5833,34.32,-0.94,9.32
32.25,69.75,34.23,-0.48,9.23
32.25,69.9167,35.77,0.91,10.77
32.25,70.0833,38.08,3.45,13.08
32.25,70.25,41.09,4.81,16.09
32.25,70.4167,42.42,4.5,17.42
32.25,70.5833,42.8,4.32,17.8
32.25,70.75,41.78,4.44,16.78
32.25,70.9167,41.3,4.28,16.3
32.25,71.0833,40.93,4.1,15.93
32.25,71.25,41.7,4.27,16.7
32.25,71.4167,42.76,3.88,17.76
32.25,71.5833,43.42,3.66,18.42
32.25,71.75,43.26,3.61,18.26
32.25,71.9167,42.77,3.68,17.77
32.25,72.0833,42.45,3.74,17.45
32.25,72.25,41.88,3.88,16.88
32.25,72.4167,41.12,3.95,16.12
32.25,72.5833,41.08,3.91,16.08
32.25,72.75,40.73,3.95,15.73
32.25,72.9167,40.57,4.1,15.57
32.25,73.0833,40.25,4.07,15.25
32.25,73.25,40.37,4.16,15.37
32.25,73.4167,40.39,4.26,15.39
32.25,73.5833,40.34,4.43,15.34
32.25,73.75,39.74,4.74,14.74
32.25,73.9167,39.98,4.54,14.98
32.25,74.0833,39.83,4.62,14.83
32.25,74.25,39.68,4.55,14.68
32.25,74.4167,39.73,4.36,14.73
32.25,74.5833,39.79,4.29,14.79
32.25,74.75,39.77,4.3,14.77
32.25,74.9167,39.71,4.45,14.71
32.25,75.0833,39.8,4.61,14.8
32.25,75.25,39.83,4.86,14.83
32.25,75.4167,39.64,5.14,14.64
32.25,75.5833,39.41,5.53,14.41
32.25,75.75,38.6,5.8,13.6
32.25,75.9167,37.54,5.94,12.54
32.25,76.0833,35.55,6.05,10.55
32.25,76.25,30.6,3.42,5.6
32.25,76.4167,20.71,-5.88,0.0
32.25,76.5833,19.75,-7.36,0.0
32.25,76.75,17.62,-10.42,0.0
32.25,76.9167,13.54,-16.35,0.0
32.25,77.0833,13.96,-13.65,0.0
32.25,77.25,17.77,-10.14,0.0
32.25,77.4167,11.31,-19.71,0.0
32.25,77.5833,10.41,-22.03,0.0
32.25,77.75,8.25,-25.48,0.0
32.25,77.9167,12.16,-21.9,0.0
32.25,78.0833,15.78,-19.4,0.0
32.25,78.25,12.65,-21.99,0.0
32.25,78.4167,10.61,-24.06,0.0
32.25,78.5833,11.75,-22.88,0.0
32.25,78.75,16.06,-19.01,0.0
32.25,78.9167,11.31,-23.96,0.0
32.25,79.0833,12.03,-24.32,0.0
32.25,79.25,17.1,-21.48,0.0
32.25,79.4167,15.57,-22.88,0.0
32.25,79.5833,13.47,-24.26,0.0
32.25,79.75,10.25,-25.24,0.0
32.25,79.9167,17.81,-20.0,0.0
32.25,80.0833,14.87,-22.56,0.0
32.25,80.25,12.19,-24.96,0.0
32.25,80.4167,15.75,-22.21,0.0
32.25,80.5833,14.65,-23.36,0.0
32.25,80.75,17.77,-21.23,0.0
32.25,80.9167,17.24,-21.68,0.0
32.25,81.0833,15.97,-22.52,0.0
32.25,81.25,16.97,-21.44,0.0
32.25,81.4167,14.79,-23.23,0.0
32.25,81.5833,14.94,-23.13,0.0
32.25,81.75,15.8,-22.3,0.0
32.25,81.9167,17.47,-20.48,0.0
32.25,82.0833,17.8,-20.46,0.0
32.25,82.25,18.14,-19.67,0.0
32.25,82.4167,18.19,-20.43,0.0
32.25,82.5833,15.83,-22.11,0.0
32.25,82.75,16.28,-21.23,0.0
32.25,82.9167,16.17,-21.61,0.0
32.25,83.0833,13.19,-23.47,0.0
32.25,83.25,14.92,-21.83,0.0
32.25,83.4167,15.72,-21.35,0.0
32.25,83.5833,16.24,-21.05,0.0
32.25,83.75,16.65,-20.8,0.0
32.25,83.9167,18.39,-19.86,0.0
32.25,84.0833,18.86,-20.14,0.0
32.25,84.25,18.72,-20.22,0.0
32.25,84.4167,19.19,-19.82,0.0
32.25,84.5833,19.36,-19.72,0.0
32.25,84.75,17.9,-19.65,0.0
32.25,84.9167,18.0,-20.29,0.0
32.25,85.0833,17.86,-19.58,0.0
32.25,85.25,18.68,-19.92,0.0
32.25,85.4167,15.71,-21.59,0.0
32.25,85.5833,16.7,-20.68,0.0
32.25,85.75,16.78,-20.61,0.0
32.25,85.9167,17.34,-20.0,0.0
32.25,86.0833,17.56,-19.6,0.0
32.25,86.25,16.76,-20.23,0.0
32.25,86.4167,17.5,-19.54,0.0
32.25,86.5833,18.04,-18.72,0.0
32.25,86.75,17.69,-19.56,0.0
32.25,86.9167,14.88,-21.29,0.0
32.25,87.0833,13.27,-21.72,0.0
32.25,87.25,14.54,-20.34,0.0
32.25,87.4167,11.73,-22.68,0.0
32.25,87.5833,13.22,-21.31,0.0
32.25,87.75,14.05,-20.3,0.0
32.25,87.9167,15.08,-20.02,0.0
32.25,88.0833,13.83,-20.69,0.0
32.25,88.25,14.19,-20.22,0.0
32.25,88.4167,14.45,-20.44,0.0
32.25,88.5833,15.94,-19.57,0.0
32.25,88.75,15.85,-19.69,0.0
32.25,88.9167,15.65,-19.93,0.0
32.25,89.0833,16.07,-19.81,0.0
32.25,89.25,16.13,-19.76,0.0
32.25,89.4167,16.8,-19.35,0.0
32.25,89.5833,16.22,-19.83,0.0
32.25,89.75,15.66,-20.37,0.0
32.25,89.9167,15.78,-20.63,0.0
32.25,90.0833,15.48,-20.8,0.0
32.25,90.25,15.04,-20.96,0.0
32.25,90.4167,14.92,-20.96,0.0
32.25,90.5833,14.85,-21.58,0.0
32.25,90.75,14.77,-21.64,0.0
32.25,90.9167,14.79,-21.67,0.0
32.25,91.0833,14.0,-22.12,0.0
32.25,91.25,13.01,-22.61,0.0
32.25,91.4167,12.55,-22.46,0.0
32.25,91.5833,12.8,-22.2,0.0
32.25,91.75,12.75,-22.45,0.0
32.25,91.9167,12.9,-23.06,0.0
32.25,92.0833,12.95,-23.41,0.0
32.25,92.25,13.03,-23.28,0.0
32.25,92.4167,12.76,-23.47,0.0
32.25,92.5833,12.7,-23.16,0.0
32.25,92.75,13.32,-22.67,0.0
32.25,92.9167,12.24,-22.93,0.0
32.25,93.0833,11.71,-23.03,0.0
32.25,93.25,12.19,-22.49,0.0
32.25,93.4167,14.16,-20.94,0.0
32.25,93.5833,13.21,-21.75,0.0
32.25,93.75,13.17,-21.88,0.0
32.25,93.9167,12.43,-22.48,0.0
32.25,94.0833,11.07,-23.56,0.0
32.25,94.25,12.11,-22.68,0.0
32.25,94.4167,11.83,-23.01,0.0
32.25,94.5833,11.55,-23.35,0.0
32.25,94.75,12.19,-22.89,0.0
32.25,94.9167,11.2,-23.32,0.0
32.25,95.0833,11.92,-22.14,0.0
32.25,95.25,12.65,-20.92,0.0
32.25,95.4167,13.31,-20.43,0.0
32.25,95.5833,15.23,-18.64,0.0
32.25,95.75,14.5,-19.34,0.0
32.25,95.9167,13.49,-20.43,0.0
32.25,96.0833,14.66,-19.29,0.0
32.25,96.25,13.9,-19.39,0.0
32.25,96.4167,17.49,-16.32,0.0
32.25,96.5833,14.82,-18.48,0.0
32.25,96.75,16.21,-17.47,0.0
32.25,96.9167,16.87,-16.66,0.0
32.0833,68.0833,30.74,-11.24,5.74
32.0833,68.25,31.28,-10.86,6.28
32.0833,68.4167,30.55,-10.42,5.55
32.0833,68.5833,30.78,-9.29,5.78
32.0833,68.75,30.87,-8.09,5.87
32.0833,68.9167,28.9,-7.89,3.9
32.0833,69.0833,33.48,-2.9,8.48
32.0833,69.25,35.03,-1.33,10.03
32.0833,69.4167,35.44,-0.52,10.44
32.0833,69.5833,36.51,0.91,11.51
32.0833,69.75,37.88,2.18,12.88
32.0833,69.9167,37.55,2.75,12.55
32.0833,70.0833,40.58,4.55,15.58
32.0833,70.25,42.08,4.61,17.08
32.0833,70.4167,42.56,4.34,17.56
32.0833,70.5833,42.67,4.3,17.67
32.0833,70.75,42.82,4.25,17.82
32.0833,70.9167,42.36,4.4,17.36
32.0833,71.0833,41.36,4.38,16.36
32.0833,71.25,42.76,4.04,17.76
32.0833,71.4167,43.39,3.71,18.39
32.0833,71.5833,43.61,3.62,18.61
32.0833,71.75,43.26,3.66,18.26
32.0833,71.9167,43.17,3.66,18.17
32.0833,72.0833,43.38,3.56,18.38
32.0833,72.25,42.26,3.7,17.26
32.0833,72.4167,41.19,3.88,16.19
32.0833,72.5833,41.24,3.99,16.24
32.0833,72.75,40.99,4.13,15.99
32.0833,72.9167,40.47,3.96,15.47
32.0833,73.0833,40.32,3.99,15.32
32.0833,73.25,40.44,4.12,15.44
32.0833,73.4167,40.53,4.36,15.53
32.0833,73.5833,40.3,4.56,15.3
32.0833,73.75,40.04,4.63,15.04
32.0833,73.9167,40.05,4.58,15.05
32.0833,74.0833,39.86,4.69,14.86
32.0833,74.25,39.83,4.71,14.83
32.0833,74.4167,39.86,4.35,14.86
32.0833,74.5833,39.75,4.25,14.75
32.0833,74.75,39.9,4.28,14.9
32.0833,74.9167,39.75,4.39,14.75
32.0833,75.0833,39.7,4.47,14.7
32.0833,75.25,39.57,4.7,14.57
32.0833,75.4167,39.51,5.13,14.51
32.0833,75.5833,39.58,5.43,14.58
32.0833,75.75,39.24,5.86,14.24
32.0833,75.9167,38.22,6.2,13.22
32.0833,76.0833,37.67,6.68,12.67
32.0833,76.25,36.36,6.31,11.36
32.0833,76.4167,33.9,5.76,8.9
32.0833,76.5833,30.79,3.7,5.79
32.0833,76.75,24.14,-1.79,0.0
32.0833,76.9167,18.67,-7.43,0.0
32.0833,77.0833,23.31,-2.76,0.0
32.0833,77.25,20.25,-6.39,0.0
32.0833,77.4167,14.4,-13.73,0.0
32.0833,77.5833,9.46,-21.58,0.0
32.0833,77.75,7.36,-25.03,0.0
32.0833,77.9167,11.95,-22.02,0.0
32.0833,78.0833,15.33,-18.64,0.0
32.0833,78.25,16.25,-17.76,0.0
32.0833,78.4167,14.71,-18.62,0.0
32.0833,78.5833,17.52,-16.27,0.0
32.0833,78.75,12.63,-21.56,0.0
32.0833,78.9167,8.73,-25.71,0.0
32.0833,79.0833,14.8,-22.25,0.0
32.0833,79.25,17.43,-20.16,0.0
32.0833,79.4167,17.71,-20.92,0.0
32.0833,79.5833,17.18,-21.86,0.0
32.0833,79.75,11.54,-24.61,0.0
32.0833,79.9167,11.46,-23.63,0.0
32.0833,80.0833,17.78,-19.79,0.0
32.0833,80.25,13.51,-24.1,0.0
32.0833,80.4167,12.52,-24.32,0.0
32.0833,80.5833,13.76,-23.7,0.0
32.0833,80.75,15.34,-22.27,0.0
32.0833,80.9167,18.49,-20.69,0.0
32.0833,81.0833,17.58,-21.34,0.0
32.0833,81.25,15.87,-21.56,0.0
32.0833,81.4167,14.52,-22.69,0.0
32.0833,81.5833,15.05,-22.86,0.0
32.0833,81.75,17.43,-20.92,0.0
32.0833,81.9167,18.02,-20.28,0.0
32.0833,82.0833,17.63,-21.11,0.0
32.0833,82.25,16.26,-21.9,0.0
32.0833,82.4167,14.9,-22.46,0.0
32.0833,82.5833,15.01,-22.39,0.0
32.0833,82.75,13.93,-23.22,0.0
32.0833,82.9167,14.71,-22.84,0.0
32.0833,83.0833,13.1,-23.99,0.0
32.0833,83.25,12.66,-23.86,0.0
32.0833,83.4167,15.78,-21.14,0.0
32.0833,83.5833,17.76,-17.7,0.0
32.0833,83.75,16.14,-21.0,0.0
32.0833,83.9167,17.63,-20.09,0.0
32.0833,84.0833,17.12,-20.01,0.0
32.0833,84.25,17.16,-20.39,0.0
32.0833,84.4167,15.96,-21.29,0.0
32.0833,84.5833,16.81,-20.47,0.0
32.0833,84.75,18.26,-18.87,0.0
32.0833,84.9167,18.74,-19.06,0.0
32.0833,85.0833,18.83,-18.89,0.0
32.0833,85.25,17.22,-20.08,0.0
32.0833,85.4167,17.09,-20.63,0.0
32.0833,85.5833,16.07,-21.43,0.0
32.0833,85.75,14.98,-21.64,0.0
32.0833,85.9167,16.32,-20.3,0.0
32.0833,86.0833,17.61,-19.36,0.0
32.0833,86.25,17.7,-19.09,0.0
32.0833,86.4167,17.48,-19.0,0.0
32.0833,86.5833,18.7,-18.15,0.0
32.0833,86.75,18.17,-18.76,0.0
32.0833,86.9167,18.16,-18.81,0.0
32.0833,87.0833,17.52,-18.94,0.0
32.0833,87.25,17.52,-18.98,0.0
32.0833,87.4167,17.05,-19.0,0.0
32.0833,87.5833,16.17,-19.7,0.0
32.0833,87.75,17.2,-18.71,0.0
32.0833,87.9167,16.19,-19.41,0.0
32.0833,88.0833,16.84,-18.52,0.0
32.0833,88.25,17.45,-18.18,0.0
32.0833,88.4167,16.06,-19.38,0.0
32.0833,88.5833,16.71,-18.51,0.0
32.0833,88.75,17.15,-18.64,0.0
32.0833,88.9167,16.46,-18.39,0.0
32.0833,89.0833,17.18,-18.35,0.0
32.0833,89.25,17.44,-18.96,0.0
32.0833,89.4167,17.13,-19.11,0.0
32.0833,89.5833,16.67,-19.51,0.0
32.0833,89.75,16.49,-19.82,0.0
32.0833,89.9167,15.98,-20.09,0.0
32.0833,90.0833,15.19,-20.65,0.0
32.0833,90.25,14.46,-20.87,0.0
32.0833,90.4167,14.48,-20.62,0.0
32.0833,90.5833,14.38,-20.81,0.0
32.0833,90.75,14.68,-20.15,0.0
32.0833,90.9167,14.26,-19.95,0.0
32.0833,91.0833,14.34,-21.57,0.0
32.0833,91.25,13.8,-21.78,0.0
32.0833,91.4167,13.77,-20.61,0.0
32.0833,91.5833,13.39,-21.71,0.0
32.0833,91.75,12.93,-22.83,0.0
32.0833,91.9167,11.91,-23.53,0.0
32.0833,92.0833,12.06,-23.48,0.0
32.0833,92.25,12.67,-23.1,0.0
32.0833,92.4167,13.37,-22.82,0.0
32.0833,92.5833,13.14,-23.14,0.0
32.0833,92.75,14.03,-22.23,0.0
32.0833,92.9167,13.75,-21.98,0.0
32.0833,93.0833,13.16,-21.88,0.0
32.0833,93.25,14.13,-20.94,0.0
32.0833,93.4167,15.01,-20.23,0.0
32.0833,93.5833,15.36,-19.76,0.0
32.0833,93.75,14.06,-20.64,0.0
32.0833,93.9167,12.71,-21.74,0.0
32.0833,94.0833,12.35,-22.02,0.0
32.0833,94.25,12.33,-22.03,0.0
32.0833,94.4167,11.87,-22.57,0.0
32.0833,94.5833,11.46,-23.13,0.0
32.0833,94.75,11.7,-22.87,0.0
32.0833,94.9167,10.51,-23.52,0.0
32.0833,95.0833,11.7,-22.27,0.0
32.0833,95.25,11.76,-22.0,0.0
32.0833,95.4167,10.6,-22.73,0.0
32.0833,95.5833,12.58,-20.26,0.0
32.0833,95.75,14.73,-18.35,0.0
32.0833,95.9167,15.49,-17.64,0.0
32.0833,96.0833,14.98,-18.41,0.0
32.0833,96.25,14.71,-18.62,0.0
32.0833,96.4167,15.65,-17.5,0.0
32.0833,96.5833,17.06,-16.45,0.0
32.0833,96.75,17.0,-16.06,0.0
32.0833,96.9167,17.21,-16.05,0.0
31.9167,68.0833,31.64,-9.92,6.64
31.9167,68.25,31.67,-9.39,6.67
31.9167,68.4167,32.14,-8.98,7.14
31.9167,68.5833,31.76,-8.01,6.76
31.9167,68.75,32.34,-6.81,7.34
31.9167,68.9167,31.01,-6.5,6.01
31.9167,69.0833,31.73,-3.97,6.73
31.9167,69.25,35.64,-0.56,10.64
31.9167,69.4167,36.97,0.6,11.97
31.9167,69.5833,36.18,0.82,11.18
31.9167,69.75,36.76,1.54,11.76
31.9167,69.9167,34.2,0.35,9.2
31.9167,70.0833,39.66,4.18,14.66
31.9167,70.25,42.32,4.66,17.32
31.9167,70.4167,42.85,4.31,17.85
31.9167,70.5833,42.78,4.24,17.78
31.9167,70.75,42.2,4.3,17.2
31.9167,70.9167,41.17,4.53,16.17
31.9167,71.0833,42.05,4.16,17.05
31.9167,71.25,43.46,3.8,18.46
31.9167,71.4167,43.7,3.72,18.7
31.9167,71.5833,43.39,3.68,18.39
31.9167,71.75,43.26,3.64,18.26
31.9167,71.9167,43.29,3.59,18.29
31.9167,72.0833,43.17,3.6,18.17
31.9167,72.25,42.01,3.93,17.01
31.9167,72.4167,41.43,3.97,16.43
31.9167,72.5833,41.21,3.9,16.21
31.9167,72.75,41.07,4.08,16.07
31.9167,72.9167,40.65,3.85,15.65
31.9167,73.0833,40.4,3.98,15.4
31.9167,73.25,40.59,4.24,15.59
31.9167,73.4167,40.58,4.4,15.58
31.9167,73.5833,40.29,4.56,15.29
31.9167,73.75,40.14,4.63,15.14
31.9167,73.9167,40.1,4.64,15.1
31.9167,74.0833,39.91,4.65,14.91
31.9167,74.25,39.87,4.71,14.87
31.9167,74.4167,39.82,4.53,14.82
31.9167,74.5833,39.58,4.37,14.58
31.9167,74.75,39.36,4.27,14.36
31.9167,74.9167,39.25,4.35,14.25
31.9167,75.0833,39.15,4.47,14.15
31.9167,75.25,39.17,4.72,14.17
31.9167,75.4167,39.18,4.99,14.18
31.9167,75.5833,39.32,5.42,14.32
31.9167,75.75,38.91,5.8,13.91
31.9167,75.9167,37.88,6.17,12.88
31.9167,76.0833,36.96,6.72,11.96
31.9167,76.25,37.15,6.48,12.15
31.9167,76.4167,35.84,6.31,10.84
31.9167,76.5833,35.49,6.05,10.49
31.9167,76.75,33.57,5.43,8.57
31.9167,76.9167,28.62,2.54,3.62
31.9167,77.0833,27.0,1.12,2.0
31.9167,77.25,25.54,-0.34,0.54
31.9167,77.4167,16.16,-10.11,0.0
31.9167,77.5833,10.96,-18.78,0.0
31.9167,77.75,10.0,-21.3,0.0
31.9167,77.9167,9.79,-22.84,0.0
31.9167,78.0833,13.22,-20.24,0.0
31.9167,78.25,11.73,-21.09,0.0
31.9167,78.4167,11.26,-21.21,0.0
31.9167,78.5833,17.38,-15.29,0.0
31.9167,78.75,9.19,-23.17,0.0
31.9167,78.9167,13.12,-21.79,0.0
31.9167,79.0833,14.03,-22.33,0.0
31.9167,79.25,16.8,-19.67,0.0
31.9167,79.4167,18.61,-18.82,0.0
31.9167,79.5833,18.54,-19.39,0.0
31.9167,79.75,16.52,-21.25,0.0
31.9167,79.9167,9.69,-25.39,0.0
31.9167,80.0833,14.63,-21.83,0.0
31.9167,80.25,15.96,-21.3,0.0
31.9167,80.4167,10.56,-25.34,0.0
31.9167,80.5833,11.98,-24.71,0.0
31.9167,80.75,14.84,-22.63,0.0
31.9167,80.9167,16.95,-21.35,0.0
31.9167,81.0833,16.01,-21.85,0.0
31.9167,81.25,14.88,-22.1,0.0
31.9167,81.4167,15.61,-21.62,0.0
31.9167,81.5833,15.2,-22.28,0.0
31.9167,81.75,16.37,-21.21,0.0
31.9167,81.9167,17.14,-20.97,0.0
31.9167,82.0833,17.67,-20.13,0.0
31.9167,82.25,16.43,-21.17,0.0
31.9167,82.4167,14.24,-22.69,0.0
31.9167,82.5833,11.43,-24.57,0.0
31.9167,82.75,13.92,-22.89,0.0
31.9167,82.9167,14.63,-22.37,0.0
31.9167,83.0833,16.98,-20.97,0.0
31.9167,83.25,16.65,-21.24,0.0
31.9167,83.4167,13.99,-22.9,0.0
31.9167,83.5833,12.46,-22.81,0.0
31.9167,83.75,16.47,-20.29,0.0
31.9167,83.9167,14.92,-21.63,0.0
31.9167,84.0833,16.4,-19.74,0.0
31.9167,84.25,15.47,-20.84,0.0
31.9167,84.4167,17.22,-20.01,0.0
31.9167,84.5833,16.77,-20.48,0.0
31.9167,84.75,16.6,-20.46,0.0
31.9167,84.9167,16.35,-20.36,0.0
31.9167,85.0833,17.56,-19.48,0.0
31.9167,85.25,16.85,-19.98,0.0
31.9167,85.4167,16.56,-20.19,0.0
31.9167,85.5833,15.66,-21.09,0.0
31.9167,85.75,15.26,-21.23,0.0
31.9167,85.9167,15.37,-21.03,0.0
31.9167,86.0833,16.07,-20.16,0.0
31.9167,86.25,16.66,-19.63,0.0
31.9167,86.4167,17.36,-19.03,0.0
31.9167,86.5833,17.5,-18.87,0.0
31.9167,86.75,17.51,-18.43,0.0
31.9167,86.9167,18.34,-17.9,0.0
31.9167,87.0833,18.43,-17.79,0.0
31.9167,87.25,18.43,-17.49,0.0
31.9167,87.4167,17.79,-16.71,0.0
31.9167,87.5833,16.91,-16.36,0.0
31.9167,87.75,18.57,-17.73,0.0
31.9167,87.9167,18.03,-17.88,0.0
31.9167,88.0833,17.09,-18.21,0.0
31.9167,88.25,17.25,-17.22,0.0
31.9167,88.4167,17.27,-18.06,0.0
31.9167,88.5833,17.01,-16.79,0.0
31.9167,88.75,16.88,-16.79,0.0
31.9167,88.9167,16.25,-15.9,0.0
31.9167,89.0833,15.52,-15.84,0.0
31.9167,89.25,16.25,-17.42,0.0
31.9167,89.4167,17.19,-18.67,0.0
31.9167,89.5833,17.15,-19.0,0.0
31.9167,89.75,16.85,-19.08,0.0
31.9167,89.9167,16.64,-19.82,0.0
31.9167,90.0833,16.0,-20.11,0.0
31.9167,90.25,15.6,-20.31,0.0
31.9167,90.4167,15.33,-20.4,0.0
31.9167,90.5833,14.81,-20.89,0.0
31.9167,90.75,13.84,-21.09,0.0
31.9167,90.9167,13.48,-21.1,0.0
31.9167,91.0833,13.78,-21.16,0.0
31.9167,91.25,13.51,-21.37,0.0
31.9167,91.4167,13.62,-20.95,0.0
31.9167,91.5833,13.93,-21.39,0.0
31.9167,91.75,13.2,-22.38,0.0
31.9167,91.9167,11.17,-23.89,0.0
31.9167,92.0833,11.23,-23.73,0.0
31.9167,92.25,11.67,-23.46,0.0
31.9167,92.4167,12.69,-22.68,0.0
31.9167,92.5833,13.33,-22.05,0.0
31.9167,92.75,13.8,-21.44,0.0
31.9167,92.9167,15.18,-20.59,0.0
31.9167,93.0833,14.9,-21.13,0.0
31.9167,93.25,13.43,-22.03,0.0
31.9167,93.4167,12.6,-22.41,0.0
31.9167,93.5833,13.77,-20.94,0.0
31.9167,93.75,15.98,-18.89,0.0
31.9167,93.9167,15.35,-19.34,0.0
31.9167,94.0833,14.23,-20.15,0.0
31.9167,94.25,12.59,-21.56,0.0
31.9167,94.4167,12.59,-21.17,0.0
31.9167,94.5833,11.32,-22.49,0.0
31.9167,94.75,10.9,-22.8,0.0
31.9167,94.9167,12.33,-21.18,0.0
31.9167,95.0833,11.02,-22.62,0.0
31.9167,95.25,11.08,-23.04,0.0
31.9167,95.4167,10.33,-23.2,0.0
31.9167,95.5833,12.09,-21.11,0.0
31.9167,95.75,12.87,-20.03,0.0
31.9167,95.9167,14.4,-18.45,0.0
31.9167,96.0833,16.73,-16.24,0.0
31.9167,96.25,16.25,-16.21,0.0
31.9167,96.4167,14.68,-18.0,0.0
31.9167,96.5833,15.85,-17.51,0.0
31.9167,96.75,16.64,-16.61,0.0
31.9167,96.9167,17.03,-15.7,0.0
31.75,68.0833,32.87,-8.8,7.87
31.75,68.25,32.58,-8.43,7.58
31.75,68.4167,32.53,-7.63,7.53
31.75,68.5833,32.74,-7.02,7.74
31.75,68.75,32.86,-5.72,7.86
31.75,68.9167,31.62,-5.11,6.62
31.75,69.0833,32.03,-3.19,7.03
31.75,69.25,32.0,-2.8,7.0
31.75,69.4167,36.09,0.21,11.09
31.75,69.5833,36.07,0.72,11.07
31.75,69.75,34.15,-0.49,9.15
31.75,69.9167,31.82,-1.3,6.82
31.75,70.0833,38.88,3.57,13.88
31.75,70.25,41.93,4.66,16.93
31.75,70.4167,42.89,4.33,17.89
31.75,70.5833,42.87,4.26,17.87
31.75,70.75,41.52,4.3,16.52
31.75,70.9167,41.41,4.49,16.41
31.75,71.0833,42.25,4.03,17.25
31.75,71.25,43.46,3.79,18.46
31.75,71.4167,43.56,3.75,18.56
31.75,71.5833,43.39,3.7,18.39
31.75,71.75,43.32,3.58,18.32
31.75,71.9167,43.47,3.48,18.47
31.75,72.0833,43.03,3.58,18.03
31.75,72.25,41.61,4.04,16.61
31.75,72.4167,41.63,3.92,16.63
31.75,72.5833,41.34,3.9,16.34
31.75,72.75,40.72,3.86,15.72
31.75,72.9167,40.38,4.11,15.38
31.75,73.0833,40.02,4.06,15.02
31.75,73.25,40.29,4.25,15.29
31.75,73.4167,40.31,4.42,15.31
31.75,73.5833,40.29,4.55,15.29
31.75,73.75,40.23,4.73,15.23
31.75,73.9167,40.1,4.85,15.1
31.75,74.0833,40.07,4.95,15.07
31.75,74.25,40.07,5.02,15.07
31.75,74.4167,39.68,4.72,14.68
31.75,74.5833,39.45,4.44,14.45
31.75,74.75,39.27,4.27,14.27
31.75,74.9167,39.16,4.25,14.16
31.75,75.0833,39.11,4.43,14.11
31.75,75.25,39.19,4.69,14.19
31.75,75.4167,39.16,5.01,14.16
31.75,75.5833,39.28,5.36,14.28
31.75,75.75,39.25,5.51,14.25
31.75,75.9167,37.83,5.85,12.83
31.75,76.0833,36.93,5.99,11.93
31.75,76.25,36.73,6.3,11.73
31.75,76.4167,36.73,6.33,11.73
31.75,76.5833,35.08,6.18,10.08
31.75,76.75,33.45,5.78,8.45
31.75,76.9167,32.49,5.11,7.49
31.75,77.0833,28.5,2.46,3.5
31.75,77.25,27.7,1.52,2.7
31.75,77.4167,21.41,-3.69,0.0
31.75,77.5833,13.82,-13.67,0.0
31.75,77.75,10.31,-19.03,0.0
31.75,77.9167,10.83,-19.39,0.0
31.75,78.0833,10.81,-20.32,0.0
31.75,78.25,12.79,-19.0,0.0
31.75,78.4167,16.91,-14.14,0.0
31.75,78.5833,18.17,-13.06,0.0
31.75,78.75,13.64,-19.02,0.0
31.75,78.9167,17.89,-15.44,0.0
31.75,79.0833,16.51,-18.95,0.0
31.75,79.25,18.54,-17.42,0.0
31.75,79.4167,18.76,-17.53,0.0
31.75,79.5833,19.57,-17.95,0.0
31.75,79.75,18.15,-19.42,0.0
31.75,79.9167,13.32,-22.6,0.0
31.75,80.0833,11.71,-23.94,0.0
31.75,80.25,16.58,-20.19,0.0
31.75,80.4167,14.35,-21.93,0.0
31.75,80.5833,9.21,-25.7,0.0
31.75,80.75,11.73,-24.2,0.0
31.75,80.9167,14.77,-22.26,0.0
31.75,81.0833,15.46,-21.59,0.0
31.75,81.25,14.83,-22.08,0.0
31.75,81.4167,12.9,-23.39,0.0
31.75,81.5833,14.61,-22.11,0.0
31.75,81.75,15.49,-21.22,0.0
31.75,81.9167,16.05,-21.42,0.0
31.75,82.0833,15.5,-21.34,0.0
31.75,82.25,14.34,-22.22,0.0
31.75,82.4167,14.67,-22.12,0.0
31.75,82.5833,13.83,-22.94,0.0
31.75,82.75,13.97,-22.83,0.0
31.75,82.9167,15.87,-21.66,0.0
31.75,83.0833,17.2,-20.88,0.0
31.75,83.25,16.37,-21.11,0.0
31.75,83.4167,11.34,-24.07,0.0
31.75,83.5833,11.95,-22.99,0.0
31.75,83.75,15.08,-21.18,0.0
31.75,83.9167,14.44,-21.08,0.0
31.75,84.0833,15.23,-20.99,0.0
31.75,84.25,15.48,-21.32,0.0
31.75,84.4167,15.58,-21.5,0.0
31.75,84.5833,15.52,-21.08,0.0
31.75,84.75,15.34,-21.1,0.0
31.75,84.9167,13.84,-21.62,0.0
31.75,85.0833,13.04,-21.72,0.0
31.75,85.25,13.63,-21.47,0.0
31.75,85.4167,13.18,-21.78,0.0
31.75,85.5833,13.53,-21.67,0.0
31.75,85.75,14.02,-21.39,0.0
31.75,85.9167,13.99,-21.02,0.0
31.75,86.0833,15.48,-19.63,0.0
31.75,86.25,16.57,-19.15,0.0
31.75,86.4167,15.99,-19.23,0.0
31.75,86.5833,15.45,-19.37,0.0
31.75,86.75,15.86,-19.01,0.0
31.75,86.9167,17.04,-17.86,0.0
31.75,87.0833,17.68,-17.67,0.0
31.75,87.25,17.21,-17.94,0.0
31.75,87.4167,16.88,-17.96,0.0
31.75,87.5833,16.14,-18.46,0.0
31.75,87.75,15.64,-18.69,0.0
31.75,87.9167,16.31,-14.92,0.0
31.75,88.0833,16.1,-15.22,0.0
31.75,88.25,16.25,-17.62,0.0
31.75,88.4167,16.36,-17.79,0.0
31.75,88.5833,17.01,-16.26,0.0
31.75,88.75,15.91,-15.2,0.0
31.75,88.9167,15.84,-15.58,0.0
31.75,89.0833,15.2,-14.93,0.0
31.75,89.25,15.79,-16.42,0.0
31.75,89.4167,17.23,-18.2,0.0
31.75,89.5833,16.68,-18.39,0.0
31.75,89.75,16.46,-19.14,0.0
31.75,89.9167,15.63,-19.59,0.0
31.75,90.0833,15.05,-20.08,0.0
31.75,90.25,15.35,-20.14,0.0
31.75,90.4167,14.99,-19.84,0.0
31.75,90.5833,13.25,-21.69,0.0
31.75,90.75,13.04,-21.13,0.0
31.75,90.9167,11.99,-21.97,0.0
31.75,91.0833,14.38,-20.06,0.0
31.75,91.25,13.76,-20.51,0.0
31.75,91.4167,12.77,-21.72,0.0
31.75,91.5833,14.1,-21.27,0.0
31.75,91.75,13.44,-22.0,0.0
31.75,91.9167,12.81,-22.48,0.0
31.75,92.0833,13.4,-22.4,0.0
31.75,92.25,13.29,-22.67,0.0
31.75,92.4167,12.96,-22.71,0.0
31.75,92.5833,12.42,-22.32,0.0
31.75,92.75,14.98,-20.33,0.0
31.75,92.9167,14.63,-20.62,0.0
31.75,93.0833,13.29,-21.58,0.0
31.75,93.25,11.84,-23.11,0.0
31.75,93.4167,10.26,-23.74,0.0
31.75,93.5833,13.11,-20.97,0.0
31.75,93.75,15.37,-19.12,0.0
31.75,93.9167,13.81,-20.2,0.0
31.75,94.0833,12.74,-21.2,0.0
31.75,94.25,14.62,-19.36,0.0
31.75,94.4167,13.87,-19.61,0.0
31.75,94.5833,12.86,-20.45,0.0
31.75,94.75,10.05,-22.63,0.0
31.75,94.9167,12.09,-21.25,0.0
31.75,95.0833,13.6,-19.51,0.0
31.75,95.25,11.02,-22.3,0.0
31.75,95.4167,10.78,-22.3,0.0
31.75,95.5833,10.45,-22.91,0.0
31.75,95.75,11.26,-22.22,0.0
31.75,95.9167,11.61,-21.44,0.0
31.75,96.0833,12.57,-20.31,0.0
31.75,96.25,15.98,-16.76,0.0
31.75,96.4167,15.95,-16.29,0.0
31.75,96.5833,16.1,-15.98,0.0
31.75,96.75,14.99,-17.72,0.0
31.75,96.9167,15.59,-16.41,0.0
31.5833,68.0833,33.34,-7.96,8.34
31.5833,68.25,33.09,-7.41,8.09
31.5833,68.4167,33.11,-6.85,8.11
31.5833,68.5833,32.87,-5.99,7.87
31.5833,68.75,33.03,-4.45,8.03
31.5833,68.9167,32.08,-3.7,7.08
31.5833,69.0833,31.63,-3.45,6.63
31.5833,69.25,32.57,-1.97,7.57
31.5833,69.4167,34.47,-0.47,9.47
31.5833,69.5833,35.18,0.13,10.18
31.5833,69.75,30.87,-2.91,5.87
31.5833,69.9167,29.81,-2.94,4.81
31.5833,70.0833,36.81,2.74,11.81
31.5833,70.25,40.4,4.68,15.4
31.5833,70.4167,42.85,4.37,17.85
31.5833,70.5833,42.57,4.38,17.57
31.5833,70.75,41.53,4.37,16.53
31.5833,70.9167,41.47,4.29,16.47
31.5833,71.0833,42.81,4.03,17.81
31.5833,71.25,43.49,3.81,18.49
31.5833,71.4167,43.55,3.71,18.55
31.5833,71.5833,43.36,3.65,18.36
31.5833,71.75,43.15,3.57,18.15
31.5833,71.9167,43.16,3.5,18.16
31.5833,72.0833,42.56,3.84,17.56
31.5833,72.25,41.65,4.16,16.65
31.5833,72.4167,41.39,4.0,16.39
31.5833,72.5833,41.07,3.96,16.07
31.5833,72.75,40.52,3.95,15.52
31.5833,72.9167,40.17,3.97,15.17
31.5833,73.0833,40.03,4.09,15.03
31.5833,73.25,40.26,4.27,15.26
31.5833,73.4167,40.37,4.46,15.37
31.5833,73.5833,40.4,4.65,15.4
31.5833,73.75,40.29,4.79,15.29
31.5833,73.9167,40.23,5.0,15.23
31.5833,74.0833,40.07,5.06,15.07
31.5833,74.25,39.91,5.65,14.91
31.5833,74.4167,39.91,5.46,14.91
31.5833,74.5833,39.55,4.64,14.55
31.5833,74.75,39.37,4.38,14.37
31.5833,74.9167,39.33,4.46,14.33
31.5833,75.0833,39.07,4.5,14.07
31.5833,75.25,39.32,4.83,14.32
31.5833,75.4167,39.31,5.12,14.31
31.5833,75.5833,39.32,5.25,14.32
31.5833,75.75,39.4,5.49,14.4
31.5833,75.9167,38.99,5.86,13.99
31.5833,76.0833,38.0,6.12,13.0
31.5833,76.25,37.76,6.29,12.76
31.5833,76.4167,36.17,6.29,11.17
31.5833,76.5833,35.1,5.95,10.1
31.5833,76.75,33.95,5.55,8.95
31.5833,76.9167,33.3,5.26,8.3
31.5833,77.0833,28.37,2.41,3.37
31.5833,77.25,23.55,-1.46,0.0
31.5833,77.4167,22.23,-2.54,0.0
31.5833,77.5833,19.19,-6.28,0.0
31.5833,77.75,24.35,-1.68,0.0
31.5833,77.9167,21.94,-4.18,0.0
31.5833,78.0833,17.39,-9.89,0.0
31.5833,78.25,17.26,-10.91,0.0
31.5833,78.4167,18.16,-10.57,0.0
31.5833,78.5833,12.19,-18.77,0.0
31.5833,78.75,10.59,-22.56,0.0
31.5833,78.9167,13.82,-19.96,0.0
31.5833,79.0833,17.55,-17.32,0.0
31.5833,79.25,16.54,-18.15,0.0
31.5833,79.4167,19.65,-15.66,0.0
31.5833,79.5833,19.43,-16.06,0.0
31.5833,79.75,19.87,-15.5,0.0
31.5833,79.9167,17.21,-18.87,0.0
31.5833,80.0833,11.29,-23.66,0.0
31.5833,80.25,13.07,-22.35,0.0
31.5833,80.4167,16.48,-20.2,0.0
31.5833,80.5833,13.34,-22.61,0.0
31.5833,80.75,9.79,-24.98,0.0
31.5833,80.9167,11.7,-23.78,0.0
31.5833,81.0833,12.31,-23.46,0.0
31.5833,81.25,14.88,-21.72,0.0
31.5833,81.4167,12.83,-23.16,0.0
31.5833,81.5833,12.26,-23.34,0.0
31.5833,81.75,14.14,-22.01,0.0
31.5833,81.9167,14.4,-21.79,0.0
31.5833,82.0833,11.73,-23.6,0.0
31.5833,82.25,14.57,-21.23,0.0
31.5833,82.4167,16.19,-20.81,0.0
31.5833,82.5833,14.96,-21.57,0.0
31.5833,82.75,16.76,-20.29,0.0
31.5833,82.9167,16.0,-19.12,0.0
31.5833,83.0833,15.14,-18.52,0.0
31.5833,83.25,14.97,-20.91,0.0
31.5833,83.4167,7.42,-26.0,0.0
31.5833,83.5833,14.32,-21.17,0.0
31.5833,83.75,14.12,-21.91,0.0
31.5833,83.9167,16.43,-19.45,0.0
31.5833,84.0833,16.68,-19.53,0.0
31.5833,84.25,17.76,-19.37,0.0
31.5833,84.4167,17.46,-19.66,0.0
31.5833,84.5833,15.92,-20.28,0.0
31.5833,84.75,14.03,-21.66,0.0
31.5833,84.9167,12.01,-22.82,0.0
31.5833,85.0833,10.77,-23.42,0.0
31.5833,85.25,12.31,-22.51,0.0
31.5833,85.4167,11.82,-22.52,0.0
31.5833,85.5833,13.62,-21.26,0.0
31.5833,85.75,13.72,-21.61,0.0
31.5833,85.9167,13.37,-21.64,0.0
31.5833,86.0833,15.2,-19.82,0.0
31.5833,86.25,14.42,-20.27,0.0
31.5833,86.4167,14.35,-20.11,0.0
31.5833,86.5833,14.61,-19.38,0.0
31.5833,86.75,16.07,-17.42,0.0
31.5833,86.9167,13.81,-19.93,0.0
31.5833,87.0833,16.61,-17.98,0.0
31.5833,87.25,16.91,-17.6,0.0
31.5833,87.4167,16.92,-17.56,0.0
31.5833,87.5833,15.07,-19.16,0.0
31.5833,87.75,16.7,-17.72,0.0
31.5833,87.9167,16.65,-16.7,0.0
31.5833,88.0833,15.11,-18.58,0.0
31.5833,88.25,14.49,-19.23,0.0
31.5833,88.4167,15.94,-17.81,0.0
31.5833,88.5833,16.66,-16.66,0.0
31.5833,88.75,16.31,-15.66,0.0
31.5833,88.9167,17.14,-16.67,0.0
31.5833,89.0833,15.86,-15.52,0.0
31.5833,89.25,16.85,-17.48,0.0
31.5833,89.4167,16.9,-18.68,0.0
31.5833,89.5833,16.71,-18.7,0.0
31.5833,89.75,16.67,-19.11,0.0
31.5833,89.9167,15.36,-19.93,0.0
31.5833,90.0833,14.87,-20.33,0.0
31.5833,90.25,14.03,-20.71,0.0
31.5833,90.4167,14.11,-20.58,0.0
31.5833,90.5833,13.38,-21.26,0.0
31.5833,90.75,13.97,-20.37,0.0
31.5833,90.9167,14.2,-19.86,0.0
31.5833,91.0833,14.86,-19.94,0.0
31.5833,91.25,12.52,-21.76,0.0
31.5833,91.4167,14.09,-20.66,0.0
31.5833,91.5833,14.4,-20.85,0.0
31.5833,91.75,14.92,-20.98,0.0
31.5833,91.9167,14.26,-21.6,0.0
31.5833,92.0833,14.48,-21.73,0.0
31.5833,92.25,14.06,-22.03,0.0
31.5833,92.4167,13.56,-22.09,0.0
31.5833,92.5833,12.7,-22.23,0.0
31.5833,92.75,13.93,-20.82,0.0
31.5833,92.9167,14.89,-20.03,0.0
31.5833,93.0833,15.06,-19.95,0.0
31.5833,93.25,13.8,-21.01,0.0
31.5833,93.4167,13.51,-21.02,0.0
31.5833,93.5833,13.35,-20.79,0.0
31.5833,93.75,13.64,-20.45,0.0
31.5833,93.9167,14.01,-19.35,0.0
31.5833,94.0833,13.51,-19.77,0.0
31.5833,94.25,13.71,-19.57,0.0
31.5833,94.4167,13.51,-19.89,0.0
31.5833,94.5833,15.25,-18.09,0.0
31.5833,94.75,14.5,-18.67,0.0
31.5833,94.9167,12.56,-20.59,0.0
31.5833,95.0833,15.86,-17.04,0.0
31.5833,95.25,14.9,-18.0,0.0
31.5833,95.4167,13.0,-19.9,0.0
31.5833,95.5833,13.25,-20.6,0.0
31.5833,95.75,13.06,-20.87,0.0
31.5833,95.9167,12.75,-20.92,0.0
31.5833,96.0833,12.54,-20.17,0.0
31.5833,96.25,13.68,-18.57,0.0
31.5833,96.4167,14.27,-17.97,0.0
31.5833,96.5833,15.02,-16.51,0.0
31.5833,96.75,16.93,-14.9,0.0
31.5833,96.9167,15.43,-16.51,0.0
31.4167,68.0833,32.81,-7.47,7.81
31.4167,68.25,32.36,-6.82,7.36
31.4167,68.4167,32.8,-5.59,7.8
31.4167,68.5833,32.83,-4.89,7.83
31.4167,68.75,32.46,-4.34,7.46
31.4167,68.9167,31.21,-4.62,6.21
31.4167,69.0833,31.48,-3.61,6.48
31.4167,69.25,33.28,-1.38,8.28
31.4167,69.4167,35.59,0.11,10.59
31.4167,69.5833,33.69,-1.15,8.69
31.4167,69.75,31.5,-2.63,6.5
31.4167,69.9167,31.31,-1.85,6.31
31.4167,70.0833,34.97,1.66,9.97
31.4167,70.25,40.44,4.64,15.44
31.4167,70.4167,42.77,4.58,17.77
31.4167,70.5833,42.73,4.39,17.73
31.4167,70.75,41.58,4.54,16.58
31.4167,70.9167,42.52,4.12,17.52
31.4167,71.0833,43.37,3.9,18.37
31.4167,71.25,43.54,3.82,18.54
31.4167,71.4167,43.49,3.74,18.49
31.4167,71.5833,43.42,3.72,18.42
31.4167,71.75,43.21,3.67,18.21
31.4167,71.9167,42.99,3.66,17.99
31.4167,72.0833,42.17,4.09,17.17
31.4167,72.25,41.67,4.16,16.67
31.4167,72.4167,41.36,4.09,16.36
31.4167,72.5833,41.02,4.1,16.02
31.4167,72.75,40.66,4.07,15.66
31.4167,72.9167,40.31,4.19,15.31
31.4167,73.0833,40.4,4.63,15.4
31.4167,73.25,40.42,4.4,15.42
31.4167,73.4167,40.26,4.5,15.26
31.4167,73.5833,40.3,4.71,15.3
31.4167,73.75,40.52,4.98,15.52
31.4167,73.9167,40.26,5.08,15.26
31.4167,74.0833,39.97,5.21,14.97
31.4167,74.25,40.12,5.6,15.12
31.4167,74.4167,40.09,5.36,15.09
31.4167,74.5833,39.82,4.81,14.82
31.4167,74.75,39.6,4.6,14.6
31.4167,74.9167,39.66,4.59,14.66
31.4167,75.0833,39.54,4.74,14.54
31.4167,75.25,39.41,4.94,14.41
31.4167,75.4167,39.53,5.14,14.53
31.4167,75.5833,39.65,5.54,14.65
31.4167,75.75,39.55,5.53,14.55
31.4167,75.9167,39.43,5.76,14.43
31.4167,76.0833,38.73,6.08,13.73
31.4167,76.25,38.35,6.27,13.35
31.4167,76.4167,37.36,7.06,12.36
31.4167,76.5833,36.27,6.45,11.27
31.4167,76.75,35.66,6.18,10.66
31.4167,76.9167,32.17,4.77,7.17
31.4167,77.0833,26.12,1.04,1.12
31.4167,77.25,26.17,0.92,1.17
31.4167,77.4167,28.22,1.9,3.22
31.4167,77.5833,28.8,2.12,3.8
31.4167,77.75,24.0,-1.45,0.0
31.4167,77.9167,14.66,-11.4,0.0
31.4167,78.0833,14.03,-12.8,0.0
31.4167,78.25,15.27,-12.55,0.0
31.4167,78.4167,10.7,-18.65,0.0
31.4167,78.5833,11.8,-18.87,0.0
31.4167,78.75,10.37,-22.06,0.0
31.4167,78.9167,12.38,-20.66,0.0
31.4167,79.0833,12.05,-21.43,0.0
31.4167,79.25,13.39,-20.44,0.0
31.4167,79.4167,16.08,-18.37,0.0
31.4167,79.5833,18.69,-16.57,0.0
31.4167,79.75,19.91,-15.77,0.0
31.4167,79.9167,19.99,-15.63,0.0
31.4167,80.0833,16.06,-19.6,0.0
31.4167,80.25,11.65,-23.01,0.0
31.4167,80.4167,13.65,-21.51,0.0
31.4167,80.5833,14.58,-21.13,0.0
31.4167,80.75,10.95,-23.57,0.0
31.4167,80.9167,10.01,-24.52,0.0
31.4167,81.0833,11.5,-23.51,0.0
31.4167,81.25,12.0,-23.08,0.0
31.4167,81.4167,12.13,-22.97,0.0
31.4167,81.5833,12.66,-23.19,0.0
31.4167,81.75,11.55,-23.78,0.0
31.4167,81.9167,11.7,-23.67,0.0
31.4167,82.0833,12.92,-22.39,0.0
31.4167,82.25,15.75,-20.58,0.0
31.4167,82.4167,15.48,-20.9,0.0
31.4167,82.5833,15.34,-20.88,0.0
31.4167,82.75,16.99,-19.71,0.0
31.4167,82.9167,17.26,-19.6,0.0
31.4167,83.0833,15.93,-19.91,0.0
31.4167,83.25,14.24,-20.07,0.0
31.4167,83.4167,13.42,-21.09,0.0
31.4167,83.5833,14.51,-20.56,0.0
31.4167,83.75,17.84,-18.24,0.0
31.4167,83.9167,18.38,-17.6,0.0
31.4167,84.0833,17.54,-16.2,0.0
31.4167,84.25,19.26,-17.81,0.0
31.4167,84.4167,17.62,-19.08,0.0
31.4167,84.5833,17.47,-18.96,0.0
31.4167,84.75,15.76,-19.9,0.0
31.4167,84.9167,14.42,-20.86,0.0
31.4167,85.0833,15.01,-20.43,0.0
31.4167,85.25,12.74,-22.16,0.0
31.4167,85.4167,13.75,-20.97,0.0
31.4167,85.5833,15.73,-19.9,0.0
31.4167,85.75,15.63,-20.08,0.0
31.4167,85.9167,14.37,-20.83,0.0
31.4167,86.0833,13.14,-21.33,0.0
31.4167,86.25,13.16,-21.27,0.0
31.4167,86.4167,11.38,-22.48,0.0
31.4167,86.5833,13.68,-19.71,0.0
31.4167,86.75,13.22,-19.65,0.0
31.4167,86.9167,14.06,-20.1,0.0
31.4167,87.0833,15.38,-18.91,0.0
31.4167,87.25,15.51,-18.69,0.0
31.4167,87.4167,12.95,-20.23,0.0
31.4167,87.5833,14.06,-19.53,0.0
31.4167,87.75,15.31,-18.32,0.0
31.4167,87.9167,16.52,-17.08,0.0
31.4167,88.0833,14.36,-19.02,0.0
31.4167,88.25,11.68,-21.02,0.0
31.4167,88.4167,13.32,-19.6,0.0
31.4167,88.5833,16.46,-17.22,0.0
31.4167,88.75,16.91,-16.46,0.0
31.4167,88.9167,16.88,-17.27,0.0
31.4167,89.0833,16.67,-17.66,0.0
31.4167,89.25,14.85,-19.2,0.0
31.4167,89.4167,15.01,-19.1,0.0
31.4167,89.5833,14.81,-19.45,0.0
31.4167,89.75,15.32,-19.0,0.0
31.4167,89.9167,13.97,-20.3,0.0
31.4167,90.0833,14.83,-19.86,0.0
31.4167,90.25,15.56,-19.76,0.0
31.4167,90.4167,15.63,-19.88,0.0
31.4167,90.5833,14.62,-19.57,0.0
31.4167,90.75,15.21,-20.0,0.0
31.4167,90.9167,15.03,-19.06,0.0
31.4167,91.0833,14.04,-20.82,0.0
31.4167,91.25,13.69,-21.03,0.0
31.4167,91.4167,15.06,-19.72,0.0
31.4167,91.5833,14.65,-20.62,0.0
31.4167,91.75,15.12,-20.74,0.0
31.4167,91.9167,15.29,-21.02,0.0
31.4167,92.0833,15.12,-21.19,0.0
31.4167,92.25,14.59,-21.19,0.0
31.4167,92.4167,14.67,-20.79,0.0
31.4167,92.5833,13.58,-21.13,0.0
31.4167,92.75,13.91,-20.96,0.0
31.4167,92.9167,14.56,-20.51,0.0
31.4167,93.0833,13.33,-21.18,0.0
31.4167,93.25,11.92,-21.94,0.0
31.4167,93.4167,12.52,-21.19,0.0
31.4167,93.5833,12.77,-20.93,0.0
31.4167,93.75,13.76,-20.07,0.0
31.4167,93.9167,12.62,-20.81,0.0
31.4167,94.0833,13.26,-19.81,0.0
31.4167,94.25,14.22,-18.4,0.0
31.4167,94.4167,14.63,-17.71,0.0
31.4167,94.5833,14.8,-17.55,0.0
31.4167,94.75,12.06,-20.54,0.0
31.4167,94.9167,11.42,-21.01,0.0
31.4167,95.0833,13.81,-18.03,0.0
31.4167,95.25,11.2,-21.01,0.0
31.4167,95.4167,13.51,-19.26,0.0
31.4167,95.5833,15.82,-16.6,0.0
31.4167,95.75,14.94,-17.54,0.0
31.4167,95.9167,13.57,-19.29,0.0
31.4167,96.0833,13.94,-18.68,0.0
31.4167,96.25,14.56,-18.03,0.0
31.4167,96.4167,14.99,-17.17,0.0
31.4167,96.5833,14.83,-17.1,0.0
31.4167,96.75,15.26,-16.32,0.0
31.4167,96.9167,17.02,-15.18,0.0
31.25,68.0833,32.13,-6.65,7.13
31.25,68.25,32.11,-6.13,7.11
31.25,68.4167,31.36,-6.01,6.36
31.25,68.5833,31.46,-5.28,6.46
31.25,68.75,31.49,-4.7,6.49
31.25,68.9167,32.23,-4.37,7.23
31.25,69.0833,33.11,-2.25,8.11
31.25,69.25,34.7,-0.35,9.7
31.25,69.4167,34.06,-0.82,9.06
31.25,69.5833,32.35,-2.14,7.35
31.25,69.75,31.74,-1.77,6.74
31.25,69.9167,32.56,-0.86,7.56
31.25,70.0833,33.97,1.04,8.97
31.25,70.25,40.07,4.31,15.07
31.25,70.4167,42.36,4.94,17.36
31.25,70.5833,42.85,4.49,17.85
31.25,70.75,41.78,4.55,16.78
31.25,70.9167,42.68,4.17,17.68
31.25,71.0833,43.43,3.9,18.43
31.25,71.25,43.37,3.88,18.37
31.25,71.4167,43.58,3.74,18.58
31.25,71.5833,43.54,3.75,18.54
31.25,71.75,43.33,3.83,18.33
31.25,71.9167,43.05,3.85,18.05
31.25,72.0833,41.89,4.3,16.89
31.25,72.25,41.63,4.34,16.63
31.25,72.4167,41.68,4.22,16.68
31.25,72.5833,41.42,4.16,16.42
31.25,72.75,40.96,4.21,15.96
31.25,72.9167,40.76,4.18,15.76
31.25,73.0833,40.32,4.3,15.32
31.25,73.25,40.25,4.47,15.25
31.25,73.4167,40.18,4.64,15.18
31.25,73.5833,40.41,4.85,15.41
31.25,73.75,40.43,4.99,15.43
31.25,73.9167,40.1,5.2,15.1
31.25,74.0833,40.33,5.22,15.33
31.25,74.25,40.35,5.25,15.35
31.25,74.4167,40.2,5.19,15.2
31.25,74.5833,40.01,5.01,15.01
31.25,74.75,40.04,4.89,15.04
31.25,74.9167,39.95,4.9,14.95
31.25,75.0833,39.66,5.03,14.66
31.25,75.25,39.58,4.97,14.58
31.25,75.4167,39.75,5.19,14.75
31.25,75.5833,39.78,5.57,14.78
31.25,75.75,39.66,5.67,14.66
31.25,75.9167,39.55,5.79,14.55
31.25,76.0833,39.4,6.02,14.4
31.25,76.25,38.57,6.25,13.57
31.25,76.4167,38.79,6.55,13.79
31.25,76.5833,37.48,6.82,12.48
31.25,76.75,35.26,6.23,10.26
31.25,76.9167,32.02,4.58,7.02
31.25,77.0833,31.88,4.35,6.88
31.25,77.25,29.9,3.42,4.9
31.25,77.4167,25.75,0.5,0.75
31.25,77.5833,23.98,-0.88,0.0
31.25,77.75,24.37,-1.17,0.0
31.25,77.9167,21.24,-4.1,0.0
31.25,78.0833,18.57,-6.84,0.0
31.25,78.25,12.98,-14.08,0.0
31.25,78.4167,9.69,-19.15,0.0
31.25,78.5833,8.85,-21.25,0.0
31.25,78.75,8.37,-22.55,0.0
31.25,78.9167,10.02,-21.48,0.0
31.25,79.0833,12.47,-19.67,0.0
31.25,79.25,10.69,-22.65,0.0
31.25,79.4167,10.72,-22.27,0.0
31.25,79.5833,14.0,-20.21,0.0
31.25,79.75,16.04,-19.38,0.0
31.25,79.9167,18.28,-17.22,0.0
31.25,80.0833,18.41,-16.83,0.0
31.25,80.25,15.04,-20.17,0.0
31.25,80.4167,12.87,-22.31,0.0
31.25,80.5833,14.94,-20.62,0.0
31.25,80.75,14.79,-20.56,0.0
31.25,80.9167,11.61,-22.57,0.0
31.25,81.0833,8.94,-24.21,0.0
31.25,81.25,9.93,-24.0,0.0
31.25,81.4167,9.09,-24.69,0.0
31.25,81.5833,11.27,-23.5,0.0
31.25,81.75,11.2,-23.9,0.0
31.25,81.9167,12.11,-23.15,0.0
31.25,82.0833,12.24,-22.54,0.0
31.25,82.25,11.89,-22.78,0.0
31.25,82.4167,12.36,-22.05,0.0
31.25,82.5833,14.32,-20.86,0.0
31.25,82.75,16.39,-19.59,0.0
31.25,82.9167,16.56,-19.86,0.0
31.25,83.0833,15.66,-19.9,0.0
31.25,83.25,14.53,-20.43,0.0
31.25,83.4167,14.55,-18.31,0.0
31.25,83.5833,13.23,-21.11,0.0
31.25,83.75,13.95,-20.74,0.0
31.25,83.9167,17.33,-17.04,0.0
31.25,84.0833,17.15,-15.84,0.0
31.25,84.25,17.11,-16.89,0.0
31.25,84.4167,18.09,-17.66,0.0
31.25,84.5833,17.56,-18.02,0.0
31.25,84.75,16.04,-19.06,0.0
31.25,84.9167,16.25,-18.07,0.0
31.25,85.0833,15.55,-19.1,0.0
31.25,85.25,14.45,-20.01,0.0
31.25,85.4167,16.46,-18.19,0.0
31.25,85.5833,17.06,-18.43,0.0
31.25,85.75,17.14,-18.68,0.0
31.25,85.9167,16.52,-18.76,0.0
31.25,86.0833,15.22,-19.36,0.0
31.25,86.25,14.4,-20.09,0.0
31.25,86.4167,14.98,-19.18,0.0
31.25,86.5833,14.31,-18.04,0.0
31.25,86.75,14.95,-14.15,0.0
31.25,86.9167,12.26,-20.96,0.0
31.25,87.0833,14.89,-18.8,0.0
31.25,87.25,15.98,-18.02,0.0
31.25,87.4167,14.35,-19.58,0.0
31.25,87.5833,14.45,-19.26,0.0
31.25,87.75,16.18,-17.93,0.0
31.25,87.9167,15.55,-18.51,0.0
31.25,88.0833,15.36,-17.14,0.0
31.25,88.25,15.15,-16.56,0.0
31.25,88.4167,14.14,-18.86,0.0
31.25,88.5833,14.4,-18.65,0.0
31.25,88.75,16.13,-17.35,0.0
31.25,88.9167,15.06,-18.53,0.0
31.25,89.0833,15.5,-18.08,0.0
31.25,89.25,15.38,-17.94,0.0
31.25,89.4167,13.89,-20.35,0.0
31.25,89.5833,14.43,-20.03,0.0
31.25,89.75,13.44,-20.67,0.0
31.25,89.9167,12.96,-21.15,0.0
31.25,90.0833,12.5,-21.64,0.0
31.25,90.25,13.24,-20.64,0.0
31.25,90.4167,15.42,-19.42,0.0
31.25,90.5833,14.82,-17.7,0.0
31.25,90.75,14.81,-20.01,0.0
31.25,90.9167,13.55,-21.14,0.0
31.25,91.0833,13.89,-19.64,0.0
31.25,91.25,14.29,-19.48,0.0
31.25,91.4167,14.99,-19.63,0.0
31.25,91.5833,15.14,-20.46,0.0
31.25,91.75,15.16,-20.65,0.0
31.25,91.9167,14.24,-21.66,0.0
31.25,92.0833,14.83,-21.01,0.0
31.25,92.25,15.07,-20.83,0.0
31.25,92.4167,13.38,-21.86,0.0
31.25,92.5833,12.54,-22.27,0.0
31.25,92.75,12.57,-22.15,0.0
31.25,92.9167,11.44,-23.33,0.0
31.25,93.0833,11.49,-23.83,0.0
31.25,93.25,11.55,-23.31,0.0
31.25,93.4167,10.75,-23.32,0.0
31.25,93.5833,10.42,-22.91,0.0
31.25,93.75,11.89,-21.22,0.0
31.25,93.9167,12.93,-20.21,0.0
31.25,94.0833,13.88,-19.01,0.0
31.25,94.25,15.11,-17.31,0.0
31.25,94.4167,15.5,-16.39,0.0
31.25,94.5833,14.87,-16.74,0.0
31.25,94.75,11.65,-20.34,0.0
31.25,94.9167,12.68,-18.81,0.0
31.25,95.0833,14.37,-16.81,0.0
31.25,95.25,14.38,-16.94,0.0
31.25,95.4167,14.07,-17.58,0.0
31.25,95.5833,12.46,-19.46,0.0
31.25,95.75,15.51,-16.05,0.0
31.25,95.9167,16.77,-15.61,0.0
31.25,96.0833,15.29,-17.34,0.0
31.25,96.25,14.17,-18.32,0.0
31.25,96.4167,14.75,-17.0,0.0
31.25,96.5833,16.5,-15.33,0.0
31.25,96.75,14.0,-17.54,0.0
31.25,96.9167,17.46,-13.97,0.0
31.0833,68.0833,31.65,-5.98,6.65
31.0833,68.25,31.41,-6.0,6.41
31.0833,68.4167,32.04,-5.41,7.04
31.0833,68.5833,32.64,-4.32,7.64
31.0833,68.75,32.72,-3.87,7.72
31.0833,68.9167,31.95,-3.54,6.95
31.0833,69.0833,33.64,-1.57,8.64
31.0833,69.25,35.11,-0.55,10.11
31.0833,69.4167,32.82,-1.59,7.82
31.0833,69.5833,32.63,-1.94,7.63
31.0833,69.75,31.97,-1.27,6.97
31.0833,69.9167,34.5,0.69,9.5
31.0833,70.0833,34.99,1.81,9.99
31.0833,70.25,39.8,4.22,14.8
31.0833,70.4167,41.96,4.96,16.96
31.0833,70.5833,43.22,4.46,18.22
31.0833,70.75,41.95,4.5,16.95
31.0833,70.9167,42.25,4.08,17.25
31.0833,71.0833,43.14,3.96,18.14
31.0833,71.25,43.37,3.95,18.37
31.0833,71.4167,43.76,3.8,18.76
31.0833,71.5833,43.56,3.86,18.56
31.0833,71.75,43.29,3.9,18.29
31.0833,71.9167,42.77,4.06,17.77
31.0833,72.0833,41.49,4.35,16.49
31.0833,72.25,41.7,4.36,16.7
31.0833,72.4167,41.98,4.21,16.98
31.0833,72.5833,41.47,4.23,16.47
31.0833,72.75,41.11,4.35,16.11
31.0833,72.9167,40.72,4.46,15.72
31.0833,73.0833,40.57,4.57,15.57
31.0833,73.25,40.47,4.67,15.47
31.0833,73.4167,40.59,4.78,15.59
31.0833,73.5833,40.51,4.89,15.51
31.0833,73.75,40.42,5.01,15.42
31.0833,73.9167,40.26,5.08,15.26
31.0833,74.0833,40.44,5.11,15.44
31.0833,74.25,40.53,5.17,15.53
31.0833,74.4167,40.34,5.27,15.34
31.0833,74.5833,40.3,5.14,15.3
31.0833,74.75,40.24,5.04,15.24
31.0833,74.9167,39.93,5.14,14.93
31.0833,75.0833,39.75,5.11,14.75
31.0833,75.25,39.74,5.13,14.74
31.0833,75.4167,39.79,5.31,14.79
31.0833,75.5833,39.76,5.46,14.76
31.0833,75.75,39.58,5.62,14.58
31.0833,75.9167,39.43,5.79,14.43
31.0833,76.0833,39.26,6.0,14.26
31.0833,76.25,39.1,6.1,14.1
31.0833,76.4167,38.58,6.47,13.58
31.0833,76.5833,38.79,6.61,13.79
31.0833,76.75,36.52,6.34,11.52
31.0833,76.9167,33.69,4.98,8.69
31.0833,77.0833,30.45,3.51,5.45
31.0833,77.25,27.0,1.74,2.0
31.0833,77.4167,27.28,1.33,2.28
31.0833,77.5833,23.59,-1.02,0.0
31.0833,77.75,24.62,-0.56,0.0
31.0833,77.9167,22.45,-2.01,0.0
31.0833,78.0833,24.25,-1.04,0.0
31.0833,78.25,19.56,-5.68,0.0
31.0833,78.4167,12.8,-13.92,0.0
31.0833,78.5833,8.8,-19.09,0.0
31.0833,78.75,14.5,-12.96,0.0
31.0833,78.9167,13.37,-14.49,0.0
31.0833,79.0833,10.5,-19.99,0.0
31.0833,79.25,8.63,-23.25,0.0
31.0833,79.4167,6.84,-25.05,0.0
31.0833,79.5833,7.39,-24.44,0.0
31.0833,79.75,9.43,-23.12,0.0
31.0833,79.9167,14.59,-19.76,0.0
31.0833,80.0833,16.93,-17.96,0.0
31.0833,80.25,17.57,-17.69,0.0
31.0833,80.4167,16.72,-18.55,0.0
31.0833,80.5833,16.49,-18.76,0.0
31.0833,80.75,16.29,-18.89,0.0
31.0833,80.9167,16.19,-19.41,0.0
31.0833,81.0833,12.95,-21.31,0.0
31.0833,81.25,9.35,-23.02,0.0
31.0833,81.4167,8.91,-23.76,0.0
31.0833,81.5833,9.39,-24.03,0.0
31.0833,81.75,10.3,-23.99,0.0
31.0833,81.9167,11.32,-23.87,0.0
31.0833,82.0833,11.37,-23.66,0.0
31.0833,82.25,12.91,-22.52,0.0
31.0833,82.4167,8.17,-24.72,0.0
31.0833,82.5833,11.66,-22.4,0.0
31.0833,82.75,13.34,-21.08,0.0
31.0833,82.9167,13.62,-20.87,0.0
31.0833,83.0833,12.03,-21.76,0.0
31.0833,83.25,13.79,-20.58,0.0
31.0833,83.4167,10.11,-23.31,0.0
31.0833,83.5833,10.76,-23.03,0.0
31.0833,83.75,14.26,-20.31,0.0
31.0833,83.9167,14.77,-17.3,0.0
31.0833,84.0833,15.39,-13.99,0.0
31.0833,84.25,15.64,-15.46,0.0
31.0833,84.4167,14.33,-19.89,0.0
31.0833,84.5833,16.13,-18.2,0.0
31.0833,84.75,14.78,-19.36,0.0
31.0833,84.9167,16.24,-18.54,0.0
31.0833,85.0833,15.64,-19.1,0.0
31.0833,85.25,16.68,-18.17,0.0
31.0833,85.4167,16.97,-17.33,0.0
31.0833,85.5833,17.01,-17.87,0.0
31.0833,85.75,16.66,-18.02,0.0
31.0833,85.9167,16.28,-18.39,0.0
31.0833,86.0833,16.34,-18.26,0.0
31.0833,86.25,14.19,-19.72,0.0
31.0833,86.4167,15.77,-18.02,0.0
31.0833,86.5833,16.3,-14.91,0.0
31.0833,86.75,13.7,-17.47,0.0
31.0833,86.9167,15.04,-18.41,0.0
31.0833,87.0833,16.25,-16.46,0.0
31.0833,87.25,16.14,-16.41,0.0
31.0833,87.4167,16.64,-17.99,0.0
31.0833,87.5833,16.17,-17.83,0.0
31.0833,87.75,14.79,-18.82,0.0
31.0833,87.9167,14.01,-19.34,0.0
31.0833,88.0833,12.31,-20.29,0.0
31.0833,88.25,17.01,-15.92,0.0
31.0833,88.4167,16.2,-14.49,0.0
31.0833,88.5833,15.24,-17.69,0.0
31.0833,88.75,14.98,-18.28,0.0
31.0833,88.9167,15.64,-17.6,0.0
31.0833,89.0833,15.71,-17.79,0.0
31.0833,89.25,15.26,-18.59,0.0
31.0833,89.4167,14.66,-19.43,0.0
31.0833,89.5833,15.53,-19.13,0.0
31.0833,89.75,15.14,-19.81,0.0
31.0833,89.9167,15.33,-19.3,0.0
31.0833,90.0833,13.77,-20.7,0.0
31.0833,90.25,13.55,-20.61,0.0
31.0833,90.4167,14.18,-20.25,0.0
31.0833,90.5833,14.54,-19.98,0.0
31.0833,90.75,13.96,-20.67,0.0
31.0833,90.9167,13.89,-21.07,0.0
31.0833,91.0833,13.6,-21.35,0.0
31.0833,91.25,14.3,-20.73,0.0
31.0833,91.4167,12.38,-21.91,0.0
31.0833,91.5833,12.83,-21.6,0.0
31.0833,91.75,13.58,-21.42,0.0
31.0833,91.9167,12.96,-22.35,0.0
31.0833,92.0833,13.01,-22.32,0.0
31.0833,92.25,13.38,-22.19,0.0
31.0833,92.4167,11.81,-23.16,0.0
31.0833,92.5833,11.48,-23.03,0.0
31.0833,92.75,11.57,-23.12,0.0
31.0833,92.9167,12.69,-23.28,0.0
31.0833,93.0833,11.76,-23.74,0.0
31.0833,93.25,11.03,-23.87,0.0
31.0833,93.4167,11.04,-22.88,0.0
31.0833,93.5833,12.02,-21.78,0.0
31.0833,93.75,11.29,-21.59,0.0
31.0833,93.9167,11.02,-21.55,0.0
31.0833,94.0833,11.73,-21.0,0.0
31.0833,94.25,12.86,-19.2,0.0
31.0833,94.4167,11.41,-20.46,0.0
31.0833,94.5833,13.77,-17.59,0.0
31.0833,94.75,15.46,-15.63,0.0
31.0833,94.9167,14.82,-16.2,0.0
31.0833,95.0833,15.22,-15.37,0.0
31.0833,95.25,15.04,-15.34,0.0
31.0833,95.4167,15.92,-14.73,0.0
31.0833,95.5833,11.51,-20.29,0.0
31.0833,95.75,14.28,-16.41,0.0
31.0833,95.9167,12.93,-18.72,0.0
31.0833,96.0833,13.33,-18.17,0.0
31.0833,96.25,13.98,-17.91,0.0
31.0833,96.4167,13.16,-18.87,0.0
31.0833,96.5833,13.99,-17.35,0.0
31.0833,96.75,14.99,-16.2,0.0
31.0833,96.9167,14.19,-16.71,0.0
30.9167,68.0833,34.22,-3.06,9.22
30.9167,68.25,33.95,-2.85,8.95
30.9167,68.4167,32.88,-3.41,7.88
30.9167,68.5833,33.17,-2.93,8.17
30.9167,68.75,34.33,-1.89,9.33
30.9167,68.9167,34.47,-1.95,9.47
30.9167,69.0833,35.61,-1.15,10.61
30.9167,69.25,34.06,-0.86,9.06
30.9167,69.4167,32.88,-1.54,7.88
30.9167,69.5833,32.07,-1.95,7.07
30.9167,69.75,33.67,-0.11,8.67
30.9167,69.9167,34.52,0.47,9.52
30.9167,70.0833,34.0,1.14,9.0
30.9167,70.25,38.8,3.67,13.8
30.9167,70.4167,41.47,5.04,16.47
30.9167,70.5833,43.42,4.55,18.42
30.9167,70.75,42.44,4.59,17.44
30.9167,70.9167,42.24,4.29,17.24
30.9167,71.0833,43.27,4.08,18.27
30.9167,71.25,43.37,3.96,18.37
30.9167,71.4167,43.65,3.96,18.65
30.9167,71.5833,43.49,3.99,18.49
30.9167,71.75,43.11,4.06,18.11
30.9167,71.9167,42.08,4.43,17.08
30.9167,72.0833,41.63,4.47,16.63
30.9167,72.25,41.99,4.39,16.99
30.9167,72.4167,41.89,4.43,16.89
30.9167,72.5833,41.48,4.47,16.48
30.9167,72.75,41.23,4.57,16.23
30.9167,72.9167,41.03,4.64,16.03
30.9167,73.0833,40.86,4.71,15.86
30.9167,73.25,40.62,4.81,15.62
30.9167,73.4167,40.49,4.9,15.49
30.9167,73.5833,40.65,4.99,15.65
30.9167,73.75,40.89,4.94,15.89
30.9167,73.9167,40.67,5.12,15.67
30.9167,74.0833,40.44,5.2,15.44
30.9167,74.25,40.31,5.19,15.31
30.9167,74.4167,40.48,5.2,15.48
30.9167,74.5833,40.37,5.32,15.37
30.9167,74.75,40.33,5.24,15.33
30.9167,74.9167,40.44,5.26,15.44
30.9167,75.0833,40.12,5.25,15.12
30.9167,75.25,39.97,5.28,14.97
30.9167,75.4167,39.92,5.34,14.92
30.9167,75.5833,39.75,5.43,14.75
30.9167,75.75,39.69,5.86,14.69
30.9167,75.9167,39.61,6.1,14.61
30.9167,76.0833,39.22,5.88,14.22
30.9167,76.25,38.9,6.02,13.9
30.9167,76.4167,38.82,6.24,13.82
30.9167,76.5833,38.77,6.34,13.77
30.9167,76.75,37.92,6.55,12.92
30.9167,76.9167,34.31,5.34,9.31
30.9167,77.0833,30.76,3.62,5.76
30.9167,77.25,30.14,3.19,5.14
30.9167,77.4167,24.86,0.05,0.0
30.9167,77.5833,25.63,0.56,0.63
30.9167,77.75,27.79,1.65,2.79
30.9167,77.9167,28.06,2.0,3.06
30.9167,78.0833,26.89,1.31,1.89
30.9167,78.25,23.38,-1.5,0.0
30.9167,78.4167,19.04,-5.66,0.0
30.9167,78.5833,15.42,-9.85,0.0
30.9167,78.75,13.92,-12.56,0.0
30.9167,78.9167,8.64,-19.39,0.0
30.9167,79.0833,8.82,-20.26,0.0
30.9167,79.25,5.1,-25.28,0.0
30.9167,79.4167,8.31,-21.99,0.0
30.9167,79.5833,4.43,-25.67,0.0
30.9167,79.75,8.18,-22.9,0.0
30.9167,79.9167,12.41,-20.38,0.0
30.9167,80.0833,14.21,-19.7,0.0
30.9167,80.25,15.33,-19.03,0.0
30.9167,80.4167,15.86,-19.26,0.0
30.9167,80.5833,16.02,-19.29,0.0
30.9167,80.75,15.58,-19.48,0.0
30.9167,80.9167,15.46,-19.62,0.0
30.9167,81.0833,15.28,-19.48,0.0
30.9167,81.25,16.1,-18.99,0.0
30.9167,81.4167,14.04,-19.84,0.0
30.9167,81.5833,11.4,-21.68,0.0
30.9167,81.75,12.11,-21.66,0.0
30.9167,81.9167,10.65,-22.89,0.0
30.9167,82.0833,11.24,-22.99,0.0
30.9167,82.25,12.41,-21.77,0.0
30.9167,82.4167,10.73,-23.27,0.0
30.9167,82.5833,8.8,-24.26,0.0
30.9167,82.75,9.95,-23.62,0.0
30.9167,82.9167,9.55,-23.9,0.0
30.9167,83.0833,10.65,-22.99,0.0
30.9167,83.25,13.76,-20.77,0.0
30.9167,83.4167,9.52,-23.44,0.0
30.9167,83.5833,12.04,-20.53,0.0
30.9167,83.75,13.02,-21.54,0.0
30.9167,83.9167,11.8,-21.75,0.0
30.9167,84.0833,16.64,-17.86,0.0
30.9167,84.25,15.48,-19.09,0.0
30.9167,84.4167,14.56,-19.73,0.0
30.9167,84.5833,16.33,-18.05,0.0
30.9167,84.75,15.11,-19.23,0.0
30.9167,84.9167,14.15,-20.06,0.0
30.9167,85.0833,15.83,-18.0,0.0
30.9167,85.25,16.35,-17.56,0.0
30.9167,85.4167,15.15,-15.01,0.0
30.9167,85.5833,14.81,-14.77,0.0
30.9167,85.75,15.04,-14.7,0.0
30.9167,85.9167,16.59,-16.81,0.0
30.9167,86.0833,16.53,-17.23,0.0
30.9167,86.25,15.59,-18.52,0.0
30.9167,86.4167,16.13,-15.4,0.0
30.9167,86.5833,16.05,-14.14,0.0
30.9167,86.75,15.1,-18.59,0.0
30.9167,86.9167,16.39,-17.38,0.0
30.9167,87.0833,15.99,-16.39,0.0
30.9167,87.25,15.57,-18.16,0.0
30.9167,87.4167,15.21,-17.94,0.0
30.9167,87.5833,16.03,-17.33,0.0
30.9167,87.75,15.58,-18.16,0.0
30.9167,87.9167,15.85,-18.13,0.0
30.9167,88.0833,15.97,-18.07,0.0
30.9167,88.25,16.47,-17.61,0.0
30.9167,88.4167,15.38,-17.18,0.0
30.9167,88.5833,15.09,-17.35,0.0
30.9167,88.75,16.09,-17.52,0.0
30.9167,88.9167,15.22,-18.52,0.0
30.9167,89.0833,14.81,-18.55,0.0
30.9167,89.25,16.02,-18.16,0.0
30.9167,89.4167,16.36,-18.27,0.0
30.9167,89.5833,15.92,-17.78,0.0
30.9167,89.75,15.92,-17.88,0.0
30.9167,89.9167,15.75,-18.62,0.0
30.9167,90.0833,14.79,-20.06,0.0
30.9167,90.25,14.78,-19.35,0.0
30.9167,90.4167,14.76,-18.79,0.0
30.9167,90.5833,14.53,-20.45,0.0
30.9167,90.75,14.41,-19.14,0.0
30.9167,90.9167,14.16,-19.19,0.0
30.9167,91.0833,13.48,-21.41,0.0
30.9167,91.25,13.11,-22.02,0.0
30.9167,91.4167,10.58,-23.73,0.0
30.9167,91.5833,11.91,-22.41,0.0
30.9167,91.75,11.59,-22.89,0.0
30.9167,91.9167,11.57,-23.3,0.0
30.9167,92.0833,10.96,-23.53,0.0
30.9167,92.25,11.51,-23.32,0.0
30.9167,92.4167,10.7,-23.44,0.0
30.9167,92.5833,12.6,-22.47,0.0
30.9167,92.75,12.33,-22.74,0.0
30.9167,92.9167,11.53,-23.02,0.0
30.9167,93.0833,10.2,-23.31,0.0
30.9167,93.25,11.71,-22.01,0.0
30.9167,93.4167,12.18,-21.46,0.0
30.9167,93.5833,10.72,-22.4,0.0
30.9167,93.75,9.6,-22.8,0.0
30.9167,93.9167,9.09,-23.05,0.0
30.9167,94.0833,10.92,-21.5,0.0
30.9167,94.25,10.63,-21.63,0.0
30.9167,94.4167,10.01,-22.08,0.0
30.9167,94.5833,12.61,-19.04,0.0
30.9167,94.75,15.83,-15.79,0.0
30.9167,94.9167,13.45,-17.99,0.0
30.9167,95.0833,13.96,-17.3,0.0
30.9167,95.25,14.43,-16.65,0.0
30.9167,95.4167,15.5,-14.79,0.0
30.9167,95.5833,17.65,-13.15,0.0
30.9167,95.75,16.38,-13.82,0.0
30.9167,95.9167,15.46,-14.84,0.0
30.9167,96.0833,14.93,-15.29,0.0
30.9167,96.25,16.16,-14.87,0.0
30.9167,96.4167,14.87,-16.26,0.0
30.9167,96.5833,12.32,-20.1,0.0
30.9167,96.75,12.52,-19.63,0.0
30.9167,96.9167,13.05,-17.96,0.0
30.75,68.0833,33.83,-3.37,8.83
30.75,68.25,35.3,-2.03,10.3
30.75,68.4167,35.67,-2.17,10.67
30.75,68.5833,35.74,-2.2,10.74
30.75,68.75,35.61,-2.01,10.61
30.75,68.9167,35.05,-1.47,10.05
30.75,69.0833,34.5,-1.18,9.5
30.75,69.25,34.11,-0.99,9.11
30.75,69.4167,33.92,-1.0,8.92
30.75,69.5833,33.82,-0.14,8.82
30.75,69.75,34.88,1.0,9.88
30.75,69.9167,35.56,1.49,10.56
30.75,70.0833,32.87,0.74,7.87
30.75,70.25,39.08,3.78,14.08
30.75,70.4167,40.98,4.9,15.98
30.75,70.5833,43.09,4.84,18.09
30.75,70.75,42.06,4.75,17.06
30.75,70.9167,42.5,4.48,17.5
30.75,71.0833,43.63,4.18,18.63
30.75,71.25,43.55,4.12,18.55
30.75,71.4167,43.37,4.12,18.37
30.75,71.5833,43.5,4.1,18.5
30.75,71.75,42.48,4.43,17.48
30.75,71.9167,41.94,4.54,16.94
30.75,72.0833,41.79,4.57,16.79
30.75,72.25,41.75,4.57,16.75
30.75,72.4167,41.67,4.62,16.67
30.75,72.5833,41.25,4.63,16.25
30.75,72.75,41.27,4.71,16.27
30.75,72.9167,41.16,4.81,16.16
30.75,73.0833,40.93,5.06,15.93
30.75,73.25,40.86,4.95,15.86
30.75,73.4167,41.02,5.0,16.02
30.75,73.5833,40.84,5.07,15.84
30.75,73.75,40.62,5.15,15.62
30.75,73.9167,40.65,5.27,15.65
30.75,74.0833,40.74,5.25,15.74
30.75,74.25,40.86,5.21,15.86
30.75,74.4167,40.51,5.35,15.51
30.75,74.5833,40.78,5.43,15.78
30.75,74.75,40.69,5.48,15.69
30.75,74.9167,40.53,5.4,15.53
30.75,75.0833,40.22,5.35,15.22
30.75,75.25,39.96,5.39,14.96
30.75,75.4167,39.84,5.44,14.84
30.75,75.5833,39.81,5.51,14.81
30.75,75.75,39.69,5.67,14.69
30.75,75.9167,39.42,5.82,14.42
30.75,76.0833,39.15,5.87,14.15
30.75,76.25,38.96,6.01,13.96
30.75,76.4167,38.89,6.07,13.89
30.75,76.5833,38.85,6.24,13.85
30.75,76.75,38.5,6.68,13.5
30.75,76.9167,37.13,6.44,12.13
30.75,77.0833,33.28,4.99,8.28
30.75,77.25,30.97,3.84,5.97
30.75,77.4167,29.12,2.78,4.12
30.75,77.5833,27.33,1.79,2.33
30.75,77.75,29.87,3.07,4.87
30.75,77.9167,26.36,1.06,1.36
30.75,78.0833,28.46,2.21,3.46
30.75,78.25,26.95,1.53,1.95
30.75,78.4167,27.26,1.88,2.26
30.75,78.5833,22.74,-1.56,0.0
30.75,78.75,15.56,-9.32,0.0
30.75,78.9167,12.04,-13.36,0.0
30.75,79.0833,9.9,-15.87,0.0
30.75,79.25,7.2,-20.47,0.0
30.75,79.4167,10.88,-16.24,0.0
30.75,79.5833,11.41,-15.33,0.0
30.75,79.75,10.22,-17.62,0.0
30.75,79.9167,13.47,-15.23,0.0
30.75,80.0833,13.13,-17.92,0.0
30.75,80.25,12.02,-20.9,0.0
30.75,80.4167,14.15,-20.03,0.0
30.75,80.5833,15.24,-19.4,0.0
30.75,80.75,15.69,-19.11,0.0
30.75,80.9167,15.12,-19.11,0.0
30.75,81.0833,14.04,-19.05,0.0
30.75,81.25,15.03,-16.59,0.0
30.75,81.4167,14.56,-14.77,0.0
30.75,81.5833,14.79,-16.01,0.0
30.75,81.75,14.45,-19.52,0.0
30.75,81.9167,14.31,-19.76,0.0
30.75,82.0833,12.36,-21.04,0.0
30.75,82.25,9.69,-23.23,0.0
30.75,82.4167,10.57,-23.06,0.0
30.75,82.5833,9.68,-23.46,0.0
30.75,82.75,8.57,-24.13,0.0
30.75,82.9167,11.08,-22.79,0.0
30.75,83.0833,12.18,-22.14,0.0
30.75,83.25,10.15,-22.96,0.0
30.75,83.4167,10.06,-23.12,0.0
30.75,83.5833,12.68,-21.18,0.0
30.75,83.75,11.53,-22.53,0.0
30.75,83.9167,10.72,-22.41,0.0
30.75,84.0833,11.88,-21.25,0.0
30.75,84.25,14.82,-18.87,0.0
30.75,84.4167,16.47,-17.73,0.0
30.75,84.5833,15.03,-18.59,0.0
30.75,84.75,15.7,-18.07,0.0
30.75,84.9167,16.29,-17.0,0.0
30.75,85.0833,16.51,-17.76,0.0
30.75,85.25,15.81,-18.31,0.0
30.75,85.4167,14.51,-19.14,0.0
30.75,85.5833,14.39,-18.35,0.0
30.75,85.75,15.99,-16.38,0.0
30.75,85.9167,15.38,-17.64,0.0
30.75,86.0833,15.69,-17.67,0.0
30.75,86.25,14.95,-17.64,0.0
30.75,86.4167,12.84,-18.43,0.0
30.75,86.5833,16.67,-16.6,0.0
30.75,86.75,13.45,-19.64,0.0
30.75,86.9167,12.26,-20.25,0.0
30.75,87.0833,15.17,-18.34,0.0
30.75,87.25,14.23,-19.19,0.0
30.75,87.4167,14.78,-19.19,0.0
30.75,87.5833,14.28,-19.63,0.0
30.75,87.75,13.67,-19.9,0.0
30.75,87.9167,14.83,-18.87,0.0
30.75,88.0833,15.15,-18.34,0.0
30.75,88.25,15.61,-17.88,0.0
30.75,88.4167,14.23,-18.96,0.0
30.75,88.5833,11.17,-20.93,0.0
30.75,88.75,16.3,-17.11,0.0
30.75,88.9167,15.84,-18.0,0.0
30.75,89.0833,15.07,-18.69,0.0
30.75,89.25,13.96,-19.49,0.0
30.75,89.4167,13.25,-20.33,0.0
30.75,89.5833,13.02,-20.69,0.0
30.75,89.75,13.83,-20.17,0.0
30.75,89.9167,13.81,-20.2,0.0
30.75,90.0833,13.68,-20.35,0.0
30.75,90.25,14.35,-17.5,0.0
30.75,90.4167,13.1,-13.85,0.0
30.75,90.5833,13.27,-14.63,0.0
30.75,90.75,13.05,-14.77,0.0
30.75,90.9167,14.12,-18.83,0.0
30.75,91.0833,13.57,-21.1,0.0
30.75,91.25,12.64,-22.15,0.0
30.75,91.4167,9.99,-23.28,0.0
30.75,91.5833,13.59,-21.12,0.0
30.75,91.75,10.22,-23.23,0.0
30.75,91.9167,10.32,-23.5,0.0
30.75,92.0833,11.12,-22.98,0.0
30.75,92.25,11.79,-22.27,0.0
30.75,92.4167,12.71,-21.92,0.0
30.75,92.5833,12.3,-22.2,0.0
30.75,92.75,11.97,-22.58,0.0
30.75,92.9167,11.34,-22.74,0.0
30.75,93.0833,11.33,-22.01,0.0
30.75,93.25,12.21,-21.14,0.0
30.75,93.4167,12.45,-20.44,0.0
30.75,93.5833,9.64,-22.39,0.0
30.75,93.75,9.41,-22.28,0.0
30.75,93.9167,10.85,-20.19,0.0
30.75,94.0833,10.03,-20.85,0.0
30.75,94.25,12.26,-18.75,0.0
30.75,94.4167,12.26,-19.09,0.0
30.75,94.5833,9.63,-21.9,0.0
30.75,94.75,11.44,-20.08,0.0
30.75,94.9167,12.66,-18.83,0.0
30.75,95.0833,12.21,-19.72,0.0
30.75,95.25,12.47,-19.27,0.0
30.75,95.4167,14.08,-16.58,0.0
30.75,95.5833,15.61,-14.7,0.0
30.75,95.75,16.87,-13.78,0.0
30.75,95.9167,15.53,-16.02,0.0
30.75,96.0833,15.37,-16.12,0.0
30.75,96.25,14.26,-16.44,0.0
30.75,96.4167,15.64,-14.78,0.0
30.75,96.5833,12.93,-19.51,0.0
30.75,96.75,15.07,-17.75,0.0
30.75,96.9167,14.4,-18.51,0.0
30.5833,68.0833,32.94,-3.88,7.94
30.5833,68.25,33.36,-3.05,8.36
30.5833,68.4167,33.45,-2.59,8.45
30.5833,68.5833,33.78,-2.21,8.78
30.5833,68.75,34.09,-1.84,9.09
30.5833,68.9167,34.62,-0.94,9.62
30.5833,69.0833,35.05,-0.58,10.05
30.5833,69.25,35.28,-0.36,10.28
30.5833,69.4167,35.25,0.06,10.25
30.5833,69.5833,35.81,0.96,10.81
30.5833,69.75,36.26,1.59,11.26
30.5833,69.9167,36.42,2.02,11.42
30.5833,70.0833,35.48,2.34,10.48
30.5833,70.25,39.66,4.12,14.66
30.5833,70.4167,40.69,4.74,15.69
30.5833,70.5833,42.78,5.01,17.78
30.5833,70.75,42.15,4.85,17.15
30.5833,70.9167,41.97,4.77,16.97
30.5833,71.0833,43.25,4.43,18.25
30.5833,71.25,43.57,4.31,18.57
30.5833,71.4167,43.44,4.25,18.44
30.5833,71.5833,42.71,4.5,17.71
30.5833,71.75,41.92,4.7,16.92
30.5833,71.9167,41.72,4.69,16.72
30.5833,72.0833,41.59,4.77,16.59
30.5833,72.25,41.41,4.74,16.41
30.5833,72.4167,41.34,4.69,16.34
30.5833,72.5833,41.24,4.66,16.24
30.5833,72.75,41.25,4.83,16.25
30.5833,72.9167,41.25,4.97,16.25
30.5833,73.0833,41.29,5.11,16.29
30.5833,73.25,41.4,5.06,16.4
30.5833,73.4167,41.23,5.14,16.23
30.5833,73.5833,40.78,5.22,15.78
30.5833,73.75,40.62,5.27,15.62
30.5833,73.9167,40.6,5.35,15.6
30.5833,74.0833,41.08,5.31,16.08
30.5833,74.25,40.79,5.46,15.79
30.5833,74.4167,40.97,5.49,15.97
30.5833,74.5833,40.96,5.58,15.96
30.5833,74.75,40.67,5.55,15.67
30.5833,74.9167,40.34,5.44,15.34
30.5833,75.0833,40.15,5.44,15.15
30.5833,75.25,40.13,5.49,15.13
30.5833,75.4167,39.91,5.46,14.91
30.5833,75.5833,39.79,5.53,14.79
30.5833,75.75,39.59,5.61,14.59
30.5833,75.9167,39.36,5.71,14.36
30.5833,76.0833,39.02,5.74,14.02
30.5833,76.25,38.88,5.87,13.88
30.5833,76.4167,39.19,5.99,14.19
30.5833,76.5833,39.03,6.14,14.03
30.5833,76.75,38.81,6.31,13.81
30.5833,76.9167,38.66,6.4,13.66
30.5833,77.0833,37.84,6.35,12.84
30.5833,77.25,35.49,5.94,10.49
30.5833,77.4167,33.89,5.29,8.89
30.5833,77.5833,32.66,4.77,7.66
30.5833,77.75,33.12,4.82,8.12
30.5833,77.9167,31.12,3.79,6.12
30.5833,78.0833,28.65,2.38,3.65
30.5833,78.25,28.32,2.43,3.32
30.5833,78.4167,27.79,2.26,2.79
30.5833,78.5833,25.8,1.11,0.8
30.5833,78.75,22.84,-1.12,0.0
30.5833,78.9167,20.14,-3.12,0.0
30.5833,79.0833,24.2,0.05,0.0
30.5833,79.25,16.3,-8.36,0.0
30.5833,79.4167,15.99,-8.77,0.0
30.5833,79.5833,21.33,-3.48,0.0
30.5833,79.75,15.23,-10.82,0.0
30.5833,79.9167,8.97,-19.11,0.0
30.5833,80.0833,8.03,-20.75,0.0
30.5833,80.25,8.25,-21.89,0.0
30.5833,80.4167,9.32,-22.03,0.0
30.5833,80.5833,10.69,-21.33,0.0
30.5833,80.75,13.03,-19.71,0.0
30.5833,80.9167,14.4,-18.42,0.0
30.5833,81.0833,15.01,-17.27,0.0
30.5833,81.25,13.69,-16.65,0.0
30.5833,81.4167,12.97,-15.6,0.0
30.5833,81.5833,15.06,-17.03,0.0
30.5833,81.75,13.98,-18.8,0.0
30.5833,81.9167,10.75,-21.36,0.0
30.5833,82.0833,10.62,-21.2,0.0
30.5833,82.25,14.03,-19.92,0.0
30.5833,82.4167,12.63,-21.52,0.0
30.5833,82.5833,12.77,-21.29,0.0
30.5833,82.75,11.15,-22.03,0.0
30.5833,82.9167,9.62,-23.1,0.0
30.5833,83.0833,10.44,-22.32,0.0
30.5833,83.25,10.29,-22.07,0.0
30.5833,83.4167,9.19,-22.94,0.0
30.5833,83.5833,11.25,-21.92,0.0
30.5833,83.75,11.28,-21.95,0.0
30.5833,83.9167,10.58,-22.5,0.0
30.5833,84.0833,9.74,-22.96,0.0
30.5833,84.25,11.45,-21.33,0.0
30.5833,84.4167,14.16,-19.18,0.0
30.5833,84.5833,10.84,-21.55,0.0
30.5833,84.75,13.15,-20.09,0.0
30.5833,84.9167,14.64,-18.78,0.0
30.5833,85.0833,15.06,-18.37,0.0
30.5833,85.25,14.99,-18.41,0.0
30.5833,85.4167,16.52,-17.57,0.0
30.5833,85.5833,16.18,-17.9,0.0
30.5833,85.75,15.8,-18.26,0.0
30.5833,85.9167,15.24,-18.44,0.0
30.5833,86.0833,14.93,-18.77,0.0
30.5833,86.25,14.6,-16.68,0.0
30.5833,86.4167,10.48,-20.93,0.0
30.5833,86.5833,15.5,-17.69,0.0
30.5833,86.75,15.59,-18.21,0.0
30.5833,86.9167,14.11,-19.12,0.0
30.5833,87.0833,14.82,-18.59,0.0
30.5833,87.25,13.62,-19.53,0.0
30.5833,87.4167,14.35,-19.11,0.0
30.5833,87.5833,14.66,-18.96,0.0
30.5833,87.75,13.12,-20.19,0.0
30.5833,87.9167,12.63,-20.23,0.0
30.5833,88.0833,12.3,-19.89,0.0
30.5833,88.25,12.61,-20.02,0.0
30.5833,88.4167,11.84,-20.34,0.0
30.5833,88.5833,14.9,-17.83,0.0
30.5833,88.75,15.38,-18.27,0.0
30.5833,88.9167,15.16,-18.78,0.0
30.5833,89.0833,14.24,-19.86,0.0
30.5833,89.25,13.1,-20.5,0.0
30.5833,89.4167,12.64,-21.02,0.0
30.5833,89.5833,12.83,-21.12,0.0
30.5833,89.75,13.65,-20.8,0.0
30.5833,89.9167,13.69,-20.7,0.0
30.5833,90.0833,14.59,-20.22,0.0
30.5833,90.25,14.91,-18.06,0.0
30.5833,90.4167,13.5,-15.16,0.0
30.5833,90.5833,12.92,-17.05,0.0
30.5833,90.75,11.81,-20.42,0.0
30.5833,90.9167,10.33,-22.64,0.0
30.5833,91.0833,13.1,-20.32,0.0
30.5833,91.25,15.57,-18.63,0.0
30.5833,91.4167,14.32,-20.14,0.0
30.5833,91.5833,13.82,-20.56,0.0
30.5833,91.75,13.12,-20.75,0.0
30.5833,91.9167,11.41,-22.08,0.0
30.5833,92.0833,10.47,-22.82,0.0
30.5833,92.25,11.78,-21.9,0.0
30.5833,92.4167,11.98,-22.08,0.0
30.5833,92.5833,12.01,-22.3,0.0
30.5833,92.75,11.59,-22.68,0.0
30.5833,92.9167,11.05,-22.54,0.0
30.5833,93.0833,10.72,-21.88,0.0
30.5833,93.25,10.3,-21.8,0.0
30.5833,93.4167,10.94,-20.97,0.0
30.5833,93.5833,11.15,-20.26,0.0
30.5833,93.75,10.18,-20.57,0.0
30.5833,93.9167,10.34,-20.02,0.0
30.5833,94.0833,11.33,-18.66,0.0
30.5833,94.25,9.75,-20.34,0.0
30.5833,94.4167,8.51,-21.85,0.0
30.5833,94.5833,8.61,-22.31,0.0
30.5833,94.75,9.49,-20.92,0.0
30.5833,94.9167,10.11,-20.13,0.0
30.5833,95.0833,8.61,-21.73,0.0
30.5833,95.25,10.14,-19.98,0.0
30.5833,95.4167,10.26,-20.27,0.0
30.5833,95.5833,10.9,-20.17,0.0
30.5833,95.75,12.84,-17.77,0.0
30.5833,95.9167,13.18,-17.69,0.0
30.5833,96.0833,13.84,-17.57,0.0
30.5833,96.25,13.25,-17.73,0.0
30.5833,96.4167,15.08,-15.32,0.0
30.5833,96.5833,15.3,-16.92,0.0
30.5833,96.75,11.79,-19.36,0.0
30.5833,96.9167,11.85,-19.5,0.0
30.4167,68.0833,30.86,-4.7,5.86
30.4167,68.25,32.91,-3.07,7.91
30.4167,68.4167,34.22,-2.19,9.22
30.4167,68.5833,35.17,-1.44,10.17
30.4167,68.75,35.79,-0.78,10.79
30.4167,68.9167,36.83,-0.15,11.83
30.4167,69.0833,36.57,0.22,11.57
30.4167,69.25,36.17,0.65,11.17
30.4167,69.4167,36.06,0.96,11.06
30.4167,69.5833,35.93,1.03,10.93
30.4167,69.75,35.57,1.32,10.57
30.4167,69.9167,35.5,1.41,10.5
30.4167,70.0833,35.12,2.04,10.12
30.4167,70.25,38.76,3.72,13.76
30.4167,70.4167,40.88,4.71,15.88
30.4167,70.5833,42.83,5.07,17.83
30.4167,70.75,42.43,4.87,17.43
30.4167,70.9167,41.51,4.82,16.51
30.4167,71.0833,42.39,4.64,17.39
30.4167,71.25,43.36,4.44,18.36
30.4167,71.4167,43.05,4.46,18.05
30.4167,71.5833,41.76,4.83,16.76
30.4167,71.75,41.52,4.9,16.52
30.4167,71.9167,41.72,4.9,16.72
30.4167,72.0833,41.72,4.69,16.72
30.4167,72.25,41.62,4.82,16.62
30.4167,72.4167,41.49,4.86,16.49
30.4167,72.5833,41.5,4.86,16.5
30.4167,72.75,41.71,4.95,16.71
30.4167,72.9167,41.64,5.01,16.64
30.4167,73.0833,41.58,5.1,16.58
30.4167,73.25,41.3,5.14,16.3
30.4167,73.4167,41.09,5.31,16.09
30.4167,73.5833,41.08,5.32,16.08
30.4167,73.75,40.92,5.38,15.92
30.4167,73.9167,40.96,5.45,15.96
30.4167,74.0833,41.01,5.49,16.01
30.4167,74.25,41.11,5.49,16.11
30.4167,74.4167,40.98,5.55,15.98
30.4167,74.5833,40.7,5.58,15.7
30.4167,74.75,40.56,5.52,15.56
30.4167,74.9167,40.59,5.55,15.59
30.4167,75.0833,40.47,5.56,15.47
30.4167,75.25,40.22,5.55,15.22
30.4167,75.4167,39.95,5.55,14.95
30.4167,75.5833,39.87,5.59,14.87
30.4167,75.75,39.55,5.62,14.55
30.4167,75.9167,39.35,5.71,14.35
30.4167,76.0833,39.25,5.74,14.25
30.4167,76.25,39.23,5.84,14.23
30.4167,76.4167,39.38,5.98,14.38
30.4167,76.5833,39.22,6.14,14.22
30.4167,76.75,39.14,6.33,14.14
30.4167,76.9167,38.98,6.34,13.98
30.4167,77.0833,38.78,6.35,13.78
30.4167,77.25,38.52,6.39,13.52
30.4167,77.4167,37.96,6.44,12.96
30.4167,77.5833,37.4,6.42,12.4
30.4167,77.75,37.18,6.12,12.18
30.4167,77.9167,34.89,5.31,9.89
30.4167,78.0833,31.11,4.02,6.11
30.4167,78.25,27.08,1.99,2.08
30.4167,78.4167,30.84,3.96,5.84
30.4167,78.5833,29.46,3.47,4.46
30.4167,78.75,26.85,1.91,1.85
30.4167,78.9167,26.79,2.07,1.79
30.4167,79.0833,28.53,3.1,3.53
30.4167,79.25,25.92,1.58,0.92
30.4167,79.4167,25.68,1.34,0.68
30.4167,79.5833,19.85,-4.28,0.0
30.4167,79.75,12.3,-13.45,0.0
30.4167,79.9167,8.23,-19.81,0.0
30.4167,80.0833,10.16,-17.5,0.0
30.4167,80.25,9.6,-18.35,0.0
30.4167,80.4167,10.22,-18.4,0.0
30.4167,80.5833,8.72,-20.84,0.0
30.4167,80.75,8.59,-21.42,0.0
30.4167,80.9167,11.52,-19.8,0.0
30.4167,81.0833,16.44,-15.43,0.0
30.4167,81.25,8.64,-21.44,0.0
30.4167,81.4167,6.66,-23.21,0.0
30.4167,81.5833,12.03,-19.65,0.0
30.4167,81.75,10.55,-20.67,0.0
30.4167,81.9167,9.59,-21.7,0.0
30.4167,82.0833,11.06,-21.65,0.0
30.4167,82.25,13.12,-20.7,0.0
30.4167,82.4167,14.58,-20.41,0.0
30.4167,82.5833,15.32,-19.79,0.0
30.4167,82.75,15.98,-19.5,0.0
30.4167,82.9167,15.53,-19.39,0.0
30.4167,83.0833,12.78,-20.27,0.0
30.4167,83.25,15.32,-19.31,0.0
30.4167,83.4167,15.3,-19.0,0.0
30.4167,83.5833,12.4,-20.42,0.0
30.4167,83.75,10.44,-21.87,0.0
30.4167,83.9167,8.65,-22.89,0.0
30.4167,84.0833,9.6,-22.21,0.0
30.4167,84.25,10.31,-21.9,0.0
30.4167,84.4167,13.33,-19.81,0.0
30.4167,84.5833,8.87,-22.72,0.0
30.4167,84.75,9.62,-22.44,0.0
30.4167,84.9167,11.87,-20.64,0.0
30.4167,85.0833,13.42,-19.49,0.0
30.4167,85.25,14.18,-19.0,0.0
30.4167,85.4167,15.35,-18.16,0.0
30.4167,85.5833,15.9,-17.99,0.0
30.4167,85.75,15.28,-18.41,0.0
30.4167,85.9167,15.59,-18.21,0.0
30.4167,86.0833,14.01,-19.06,0.0
30.4167,86.25,12.49,-20.07,0.0
30.4167,86.4167,13.17,-18.13,0.0
30.4167,86.5833,14.57,-18.14,0.0
30.4167,86.75,15.01,-18.41,0.0
30.4167,86.9167,14.68,-18.72,0.0
30.4167,87.0833,13.69,-19.47,0.0
30.4167,87.25,13.07,-19.85,0.0
30.4167,87.4167,12.08,-20.51,0.0
30.4167,87.5833,11.73,-20.75,0.0
30.4167,87.75,11.85,-20.89,0.0
30.4167,87.9167,12.15,-20.93,0.0
30.4167,88.0833,12.58,-20.32,0.0
30.4167,88.25,12.36,-20.5,0.0
30.4167,88.4167,13.14,-19.57,0.0
30.4167,88.5833,14.69,-17.55,0.0
30.4167,88.75,12.83,-19.99,0.0
30.4167,88.9167,13.8,-19.65,0.0
30.4167,89.0833,14.36,-20.0,0.0
30.4167,89.25,13.67,-20.56,0.0
30.4167,89.4167,12.6,-21.37,0.0
30.4167,89.5833,13.05,-21.1,0.0
30.4167,89.75,13.5,-20.86,0.0
30.4167,89.9167,13.88,-20.54,0.0
30.4167,90.0833,14.55,-20.21,0.0
30.4167,90.25,13.56,-20.35,0.0
30.4167,90.4167,10.46,-22.21,0.0
30.4167,90.5833,7.24,-24.27,0.0
30.4167,90.75,10.85,-21.1,0.0
30.4167,90.9167,15.85,-17.81,0.0
30.4167,91.0833,15.43,-18.23,0.0
30.4167,91.25,13.01,-20.25,0.0
30.4167,91.4167,12.48,-20.65,0.0
30.4167,91.5833,11.52,-21.09,0.0
30.4167,91.75,12.84,-19.96,0.0
30.4167,91.9167,11.39,-20.98,0.0
30.4167,92.0833,11.38,-21.4,0.0
30.4167,92.25,11.02,-21.78,0.0
30.4167,92.4167,11.4,-21.71,0.0
30.4167,92.5833,10.85,-22.19,0.0
30.4167,92.75,9.88,-22.57,0.0
30.4167,92.9167,10.69,-21.13,0.0
30.4167,93.0833,9.87,-21.74,0.0
30.4167,93.25,9.75,-21.48,0.0
30.4167,93.4167,9.22,-21.81,0.0
30.4167,93.5833,9.26,-21.57,0.0
30.4167,93.75,10.7,-19.57,0.0
30.4167,93.9167,11.92,-18.04,0.0
30.4167,94.0833,12.53,-16.99,0.0
30.4167,94.25,14.04,-14.79,0.0
30.4167,94.4167,13.45,-15.51,0.0
30.4167,94.5833,13.63,-16.0,0.0
30.4167,94.75,12.76,-16.54,0.0
30.4167,94.9167,14.25,-14.66,0.0
30.4167,95.0833,9.92,-19.62,0.0
30.4167,95.25,11.05,-18.28,0.0
30.4167,95.4167,12.37,-16.94,0.0
30.4167,95.5833,10.23,-19.86,0.0
30.4167,95.75,11.1,-19.05,0.0
30.4167,95.9167,10.95,-19.54,0.0
30.4167,96.0833,11.47,-18.89,0.0
30.4167,96.25,14.62,-15.5,0.0
30.4167,96.4167,17.65,-13.01,0.0
30.4167,96.5833,16.24,-13.99,0.0
30.4167,96.75,14.24,-15.89,0.0
30.4167,96.9167,8.92,-21.15,0.0
30.25,68.0833,31.14,-3.09,6.14
30.25,68.25,33.03,-2.22,8.03
30.25,68.4167,34.92,-0.92,9.92
30.25,68.5833,36.12,-0.32,11.12
30.25,68.75,36.46,0.13,11.46
30.25,68.9167,36.93,0.82,11.93
30.25,69.0833,37.48,1.29,12.48
30.25,69.25,36.88,1.23,11.88
30.25,69.4167,36.51,1.44,11.51
30.25,69.5833,35.42,1.04,10.42
30.25,69.75,34.36,0.51,9.36
30.25,69.9167,35.6,1.47,10.6
30.25,70.0833,34.0,1.41,9.0
30.25,70.25,39.62,4.35,14.62
30.25,70.4167,41.46,5.08,16.46
30.25,70.5833,42.75,5.2,17.75
30.25,70.75,41.83,5.13,16.83
30.25,70.9167,41.58,4.75,16.58
30.25,71.0833,42.26,4.8,17.26
30.25,71.25,42.65,4.79,17.65
30.25,71.4167,41.79,5.2,16.79
30.25,71.5833,41.64,5.09,16.64
30.25,71.75,41.67,4.99,16.67
30.25,71.9167,42.01,4.95,17.01
30.25,72.0833,42.05,4.82,17.05
30.25,72.25,42.0,4.88,17.0
30.25,72.4167,41.82,4.91,16.82
30.25,72.5833,41.75,4.98,16.75
30.25,72.75,41.7,5.06,16.7
30.25,72.9167,41.54,5.11,16.54
30.25,73.0833,41.39,5.17,16.39
30.25,73.25,41.46,5.21,16.46
30.25,73.4167,41.45,5.31,16.45
30.25,73.5833,41.54,5.39,16.54
30.25,73.75,41.58,5.43,16.58
30.25,73.9167,41.89,5.28,16.89
30.25,74.0833,41.38,5.5,16.38
30.25,74.25,41.27,5.57,16.27
30.25,74.4167,40.99,5.63,15.99
30.25,74.5833,40.89,5.64,15.89
30.25,74.75,40.96,5.6,15.96
30.25,74.9167,40.77,5.69,15.77
30.25,75.0833,40.52,5.67,15.52
30.25,75.25,40.24,5.68,15.24
30.25,75.4167,40.16,5.66,15.16
30.25,75.5833,39.91,5.66,14.91
30.25,75.75,39.59,5.67,14.59
30.25,75.9167,39.46,5.69,14.46
30.25,76.0833,39.5,5.71,14.5
30.25,76.25,39.56,5.78,14.56
30.25,76.4167,39.3,6.0,14.3
30.25,76.5833,39.46,5.95,14.46
30.25,76.75,39.2,6.1,14.2
30.25,76.9167,38.85,6.25,13.85
30.25,77.0833,38.97,6.31,13.97
30.25,77.25,38.86,6.37,13.86
30.25,77.4167,38.66,6.33,13.66
30.25,77.5833,38.58,6.42,13.58
30.25,77.75,37.54,6.18,12.54
30.25,77.9167,36.39,5.75,11.39
30.25,78.0833,36.3,5.84,11.3
30.25,78.25,32.36,4.75,7.36
30.25,78.4167,31.3,4.37,6.3
30.25,78.5833,32.23,4.71,7.23
30.25,78.75,32.8,5.06,7.8
30.25,78.9167,31.1,4.54,6.1
30.25,79.0833,28.61,3.26,3.61
30.25,79.25,30.66,4.72,5.66
30.25,79.4167,26.28,2.03,1.28
30.25,79.5833,19.83,-3.44,0.0
30.25,79.75,12.02,-12.59,0.0
30.25,79.9167,9.13,-16.28,0.0
30.25,80.0833,10.2,-15.68,0.0
30.25,80.25,15.74,-10.13,0.0
30.25,80.4167,9.08,-17.24,0.0
30.25,80.5833,13.77,-13.06,0.0
30.25,80.75,11.35,-16.13,0.0
30.25,80.9167,10.91,-16.92,0.0
30.25,81.0833,13.96,-16.35,0.0
30.25,81.25,14.96,-15.33,0.0
30.25,81.4167,9.25,-19.51,0.0
30.25,81.5833,11.1,-18.52,0.0
30.25,81.75,10.54,-19.21,0.0
30.25,81.9167,8.15,-20.74,0.0
30.25,82.0833,8.45,-20.72,0.0
30.25,82.25,9.96,-21.73,0.0
30.25,82.4167,13.67,-20.06,0.0
30.25,82.5833,14.78,-19.22,0.0
30.25,82.75,16.1,-18.9,0.0
30.25,82.9167,17.18,-18.46,0.0
30.25,83.0833,15.69,-18.69,0.0
30.25,83.25,16.1,-18.36,0.0
30.25,83.4167,16.65,-18.23,0.0
30.25,83.5833,16.45,-18.27,0.0
30.25,83.75,14.48,-19.19,0.0
30.25,83.9167,10.77,-20.8,0.0
30.25,84.0833,9.36,-21.88,0.0
30.25,84.25,11.45,-21.14,0.0
30.25,84.4167,12.35,-20.61,0.0
30.25,84.5833,12.14,-20.62,0.0
30.25,84.75,10.51,-20.68,0.0
30.25,84.9167,9.59,-22.14,0.0
30.25,85.0833,11.44,-20.93,0.0
30.25,85.25,11.2,-21.14,0.0
30.25,85.4167,11.99,-20.35,0.0
30.25,85.5833,12.41,-20.03,0.0
30.25,85.75,12.5,-19.98,0.0
30.25,85.9167,14.73,-18.44,0.0
30.25,86.0833,12.79,-19.93,0.0
30.25,86.25,9.7,-21.32,0.0
30.25,86.4167,14.48,-14.04,0.0
30.25,86.5833,12.98,-19.31,0.0
30.25,86.75,13.22,-19.04,0.0
30.25,86.9167,13.59,-19.32,0.0
30.25,87.0833,12.46,-20.38,0.0
30.25,87.25,12.16,-20.2,0.0
30.25,87.4167,12.65,-19.49,0.0
30.25,87.5833,12.81,-19.24,0.0
30.25,87.75,12.97,-19.19,0.0
30.25,87.9167,13.24,-19.38,0.0
30.25,88.0833,14.18,-19.11,0.0
30.25,88.25,11.9,-20.63,0.0
30.25,88.4167,11.49,-20.81,0.0
30.25,88.5833,14.04,-18.92,0.0
30.25,88.75,11.89,-20.51,0.0
30.25,88.9167,12.07,-20.67,0.0
30.25,89.0833,12.9,-20.02,0.0
30.25,89.25,12.8,-20.37,0.0
30.25,89.4167,11.21,-21.81,0.0
30.25,89.5833,11.96,-21.63,0.0
30.25,89.75,11.21,-22.2,0.0
30.25,89.9167,12.21,-21.6,0.0
30.25,90.0833,12.23,-21.74,0.0
30.25,90.25,7.93,-23.67,0.0
30.25,90.4167,7.14,-23.76,0.0
30.25,90.5833,11.68,-20.5,0.0
30.25,90.75,14.37,-19.04,0.0
30.25,90.9167,12.28,-20.38,0.0
30.25,91.0833,13.03,-19.37,0.0
30.25,91.25,14.08,-18.27,0.0
30.25,91.4167,14.1,-18.33,0.0
30.25,91.5833,12.3,-19.77,0.0
30.25,91.75,11.31,-20.89,0.0
30.25,91.9167,10.35,-21.68,0.0
30.25,92.0833,10.57,-21.85,0.0
30.25,92.25,10.22,-22.26,0.0
30.25,92.4167,10.05,-22.45,0.0
30.25,92.5833,10.33,-22.48,0.0
30.25,92.75,10.13,-21.53,0.0
30.25,92.9167,10.47,-20.55,0.0
30.25,93.0833,12.22,-18.5,0.0
30.25,93.25,10.61,-19.96,0.0
30.25,93.4167,10.69,-19.69,0.0
30.25,93.5833,8.93,-21.52,0.0
30.25,93.75,9.12,-21.05,0.0
30.25,93.9167,10.92,-18.82,0.0
30.25,94.0833,10.2,-19.28,0.0
30.25,94.25,11.5,-17.75,0.0
30.25,94.4167,12.26,-16.54,0.0
30.25,94.5833,14.61,-13.94,0.0
30.25,94.75,17.87,-10.22,0.0
30.25,94.9167,17.63,-10.62,0.0
30.25,95.0833,13.45,-15.27,0.0
30.25,95.25,13.53,-15.31,0.0
30.25,95.4167,14.75,-13.9,0.0
30.25,95.5833,9.59,-19.57,0.0
30.25,95.75,13.85,-14.93,0.0
30.25,95.9167,10.75,-18.97,0.0
30.25,96.0833,10.97,-18.68,0.0
30.25,96.25,10.96,-18.8,0.0
30.25,96.4167,13.44,-16.29,0.0
30.25,96.5833,11.78,-18.17,0.0
30.25,96.75,13.96,-15.73,0.0
30.25,96.9167,13.71,-15.59,0.0
30.0833,68.0833,37.36,1.81,12.36
30.0833,68.25,34.03,-0.42,9.03
30.0833,68.4167,34.95,-0.26,9.95
30.0833,68.5833,38.04,1.11,13.04
30.0833,68.75,39.5,1.87,14.5
30.0833,68.9167,39.17,1.77,14.17
30.0833,69.0833,38.76,1.81,13.76
30.0833,69.25,37.23,1.76,12.23
30.0833,69.4167,36.45,1.5,11.45
30.0833,69.5833,34.38,0.49,9.38
30.0833,69.75,35.32,1.14,10.32
30.0833,69.9167,36.52,2.06,11.52
30.0833,70.0833,35.22,2.52,10.22
30.0833,70.25,40.58,5.21,15.58
30.0833,70.4167,42.73,5.48,17.73
30.0833,70.5833,42.82,5.32,17.82
30.0833,70.75,41.88,5.38,16.88
30.0833,70.9167,42.19,5.04,17.19
30.0833,71.0833,42.79,4.96,17.79
30.0833,71.25,41.91,5.18,16.91
30.0833,71.4167,41.73,5.16,16.73
30.0833,71.5833,41.72,5.17,16.72
30.0833,71.75,41.84,5.07,16.84
30.0833,71.9167,41.92,4.99,16.92
30.0833,72.0833,41.88,4.98,16.88
30.0833,72.25,41.77,5.01,16.77
30.0833,72.4167,41.78,5.05,16.78
30.0833,72.5833,41.74,5.07,16.74
30.0833,72.75,41.73,5.13,16.73
30.0833,72.9167,41.73,5.12,16.73
30.0833,73.0833,41.92,5.1,16.92
30.0833,73.25,41.89,5.31,16.89
30.0833,73.4167,41.76,5.42,16.76
30.0833,73.5833,41.92,5.3,16.92
30.0833,73.75,42.08,5.18,17.08
30.0833,73.9167,41.91,5.27,16.91
30.0833,74.0833,41.47,5.47,16.47
30.0833,74.25,41.54,5.52,16.54
30.0833,74.4167,41.26,5.58,16.26
30.0833,74.5833,40.91,5.67,15.91
30.0833,74.75,41.06,5.65,16.06
30.0833,74.9167,40.9,5.7,15.9
30.0833,75.0833,40.69,5.77,15.69
30.0833,75.25,40.47,5.74,15.47
30.0833,75.4167,40.23,5.73,15.23
30.0833,75.5833,40.01,5.69,15.01
30.0833,75.75,39.74,5.69,14.74
30.0833,75.9167,39.63,5.74,14.63
30.0833,76.0833,39.66,5.71,14.66
30.0833,76.25,39.55,5.86,14.55
30.0833,76.4167,39.47,5.88,14.47
30.0833,76.5833,39.46,5.94,14.46
30.0833,76.75,39.16,6.02,14.16
30.0833,76.9167,38.92,6.11,13.92
30.0833,77.0833,38.9,6.17,13.9
30.0833,77.25,38.89,6.32,13.89
30.0833,77.4167,38.57,6.33,13.57
30.0833,77.5833,38.54,6.41,13.54
30.0833,77.75,38.76,6.35,13.76
30.0833,77.9167,38.63,6.22,13.63
30.0833,78.0833,37.09,6.28,12.09
30.0833,78.25,37.44,6.7,12.44
30.0833,78.4167,34.76,5.94,9.76
30.0833,78.5833,33.24,5.23,8.24
30.0833,78.75,30.39,3.8,5.39
30.0833,78.9167,29.02,3.41,4.02
30.0833,79.0833,24.95,1.01,0.0
30.0833,79.25,25.29,1.64,0.29
30.0833,79.4167,26.18,2.36,1.18
30.0833,79.5833,25.85,1.94,0.85
30.0833,79.75,22.73,0.03,0.0
30.0833,79.9167,23.18,0.24,0.0
30.0833,80.0833,21.32,-1.36,0.0
30.0833,80.25,23.54,0.22,0.0
30.0833,80.4167,16.25,-7.9,0.0
30.0833,80.5833,19.1,-4.93,0.0
30.0833,80.75,16.41,-8.28,0.0
30.0833,80.9167,12.79,-13.59,0.0
30.0833,81.0833,8.78,-18.98,0.0
30.0833,81.25,11.49,-17.47,0.0
30.0833,81.4167,13.21,-15.39,0.0
30.0833,81.5833,15.56,-11.97,0.0
30.0833,81.75,14.89,-12.44,0.0
30.0833,81.9167,11.13,-15.9,0.0
30.0833,82.0833,11.1,-16.74,0.0
30.0833,82.25,8.18,-20.46,0.0
30.0833,82.4167,11.16,-19.83,0.0
30.0833,82.5833,12.38,-19.69,0.0
30.0833,82.75,14.59,-18.58,0.0
30.0833,82.9167,16.85,-17.96,0.0
30.0833,83.0833,17.13,-17.31,0.0
30.0833,83.25,17.3,-17.1,0.0
30.0833,83.4167,17.33,-17.18,0.0
30.0833,83.5833,16.11,-17.98,0.0
30.0833,83.75,16.47,-17.63,0.0
30.0833,83.9167,16.77,-17.48,0.0
30.0833,84.0833,13.8,-18.75,0.0
30.0833,84.25,10.96,-20.78,0.0
30.0833,84.4167,10.77,-21.1,0.0
30.0833,84.5833,12.84,-20.17,0.0
30.0833,84.75,9.47,-21.86,0.0
30.0833,84.9167,8.78,-22.21,0.0
30.0833,85.0833,9.83,-22.03,0.0
30.0833,85.25,9.8,-22.03,0.0
30.0833,85.4167,9.85,-22.01,0.0
30.0833,85.5833,12.26,-20.64,0.0
30.0833,85.75,11.57,-20.81,0.0
30.0833,85.9167,11.94,-20.27,0.0
30.0833,86.0833,12.46,-20.11,0.0
30.0833,86.25,9.96,-21.11,0.0
30.0833,86.4167,15.31,-17.56,0.0
30.0833,86.5833,13.41,-19.37,0.0
30.0833,86.75,11.93,-20.07,0.0
30.0833,86.9167,12.02,-20.34,0.0
30.0833,87.0833,13.14,-19.94,0.0
30.0833,87.25,11.9,-20.3,0.0
30.0833,87.4167,13.04,-18.62,0.0
30.0833,87.5833,13.84,-17.66,0.0
30.0833,87.75,12.91,-18.91,0.0
30.0833,87.9167,11.65,-20.16,0.0
30.0833,88.0833,12.92,-19.71,0.0
30.0833,88.25,12.4,-19.99,0.0
30.0833,88.4167,12.7,-19.96,0.0
30.0833,88.5833,12.02,-19.82,0.0
30.0833,88.75,14.28,-18.28,0.0
30.0833,88.9167,12.88,-18.81,0.0
30.0833,89.0833,13.2,-18.7,0.0
30.0833,89.25,12.03,-19.87,0.0
30.0833,89.4167,10.26,-21.3,0.0
30.0833,89.5833,11.34,-21.18,0.0
30.0833,89.75,11.27,-21.86,0.0
30.0833,89.9167,12.22,-22.02,0.0
30.0833,90.0833,8.89,-23.49,0.0
30.0833,90.25,9.09,-21.98,0.0
30.0833,90.4167,13.92,-18.82,0.0
30.0833,90.5833,14.17,-18.56,0.0
30.0833,90.75,12.15,-19.68,0.0
30.0833,90.9167,12.44,-19.92,0.0
30.0833,91.0833,12.81,-19.19,0.0
30.0833,91.25,14.25,-18.03,0.0
30.0833,91.4167,13.8,-18.16,0.0
30.0833,91.5833,14.44,-17.79,0.0
30.0833,91.75,14.86,-17.38,0.0
30.0833,91.9167,12.85,-19.09,0.0
30.0833,92.0833,12.7,-19.5,0.0
30.0833,92.25,11.79,-20.49,0.0
30.0833,92.4167,10.81,-21.56,0.0
30.0833,92.5833,10.77,-20.9,0.0
30.0833,92.75,10.72,-20.32,0.0
30.0833,92.9167,13.84,-17.28,0.0
30.0833,93.0833,13.29,-17.21,0.0
30.0833,93.25,9.87,-20.45,0.0
30.0833,93.4167,12.37,-17.23,0.0
30.0833,93.5833,13.15,-16.03,0.0
30.0833,93.75,12.06,-16.87,0.0
30.0833,93.9167,12.69,-15.86,0.0
30.0833,94.0833,12.8,-15.7,0.0
30.0833,94.25,11.31,-17.85,0.0
30.0833,94.4167,12.51,-16.53,0.0
30.0833,94.5833,14.17,-14.29,0.0
30.0833,94.75,13.75,-14.47,0.0
30.0833,94.9167,16.45,-11.49,0.0
30.0833,95.0833,19.46,-7.99,0.0
30.0833,95.25,15.88,-11.78,0.0
30.0833,95.4167,14.68,-13.59,0.0
30.0833,95.5833,17.6,-10.59,0.0
30.0833,95.75,14.78,-13.61,0.0
30.0833,95.9167,12.2,-16.59,0.0
30.0833,96.0833,12.62,-16.6,0.0
30.0833,96.25,9.93,-19.77,0.0
30.0833,96.4167,11.45,-18.28,0.0
30.0833,96.5833,10.05,-20.38,0.0
30.0833,96.75,12.83,-17.26,0.0
30.0833,96.9167,15.7,-14.45,0.0
29.9167,68.0833,41.69,4.66,16.69
29.9167,68.25,38.19,2.59,13.19
29.9167,68.4167,37.49,1.8,12.49
29.9167,68.5833,38.75,2.24,13.75
29.9167,68.75,39.34,2.54,14.34
29.9167,68.9167,36.89,1.49,11.89
29.9167,69.0833,36.72,1.21,11.72
29.9167,69.25,35.7,1.03,10.7
29.9167,69.4167,35.32,1.21,10.32
29.9167,69.5833,36.75,2.19,11.75
29.9167,69.75,36.65,2.56,11.65
29.9167,69.9167,35.41,2.16,10.41
29.9167,70.0833,38.02,4.2,13.02
29.9167,70.25,42.14,5.63,17.14
29.9167,70.4167,43.4,5.32,18.4
29.9167,70.5833,42.58,5.37,17.58
29.9167,70.75,41.71,5.46,16.71
29.9167,70.9167,42.21,5.1,17.21
29.9167,71.0833,42.27,5.16,17.27
29.9167,71.25,41.91,5.27,16.91
29.9167,71.4167,41.75,5.24,16.75
29.9167,71.5833,41.75,5.24,16.75
29.9167,71.75,41.77,5.19,16.77
29.9167,71.9167,41.69,5.17,16.69
29.9167,72.0833,41.65,5.13,16.65
29.9167,72.25,41.69,5.1,16.69
29.9167,72.4167,41.8,5.1,16.8
29.9167,72.5833,41.76,5.16,16.76
29.9167,72.75,41.93,5.04,16.93
29.9167,72.9167,41.99,5.04,16.99
29.9167,73.0833,42.13,5.2,17.13
29.9167,73.25,42.07,5.45,17.07
29.9167,73.4167,42.22,5.25,17.22
29.9167,73.5833,42.5,5.14,17.5
29.9167,73.75,42.22,5.23,17.22
29.9167,73.9167,41.85,5.5,16.85
29.9167,74.0833,42.03,5.29,17.03
29.9167,74.25,41.89,5.37,16.89
29.9167,74.4167,41.65,5.47,16.65
29.9167,74.5833,41.16,5.66,16.16
29.9167,74.75,41.16,5.61,16.16
29.9167,74.9167,41.0,5.67,16.0
29.9167,75.0833,40.81,5.74,15.81
29.9167,75.25,40.7,5.75,15.7
29.9167,75.4167,40.42,5.81,15.42
29.9167,75.5833,40.21,5.79,15.21
29.9167,75.75,40.06,5.8,15.06
29.9167,75.9167,39.91,5.78,14.91
29.9167,76.0833,39.74,5.8,14.74
29.9167,76.25,39.57,5.84,14.57
29.9167,76.4167,39.38,6.0,14.38
29.9167,76.5833,39.41,6.04,14.41
29.9167,76.75,39.37,6.1,14.37
29.9167,76.9167,39.28,6.19,14.28
29.9167,77.0833,39.1,6.18,14.1
29.9167,77.25,38.9,6.16,13.9
29.9167,77.4167,38.58,6.34,13.58
29.9167,77.5833,38.97,6.53,13.97
29.9167,77.75,38.91,6.49,13.91
29.9167,77.9167,39.22,6.64,14.22
29.9167,78.0833,39.1,6.91,14.1
29.9167,78.25,38.28,6.96,13.28
29.9167,78.4167,34.1,5.52,9.1
29.9167,78.5833,32.16,4.74,7.16
29.9167,78.75,32.97,5.03,7.97
29.9167,78.9167,29.35,3.56,4.35
29.9167,79.0833,28.29,3.03,3.29
29.9167,79.25,30.81,4.62,5.81
29.9167,79.4167,29.22,4.38,4.22
29.9167,79.5833,29.25,4.26,4.25
29.9167,79.75,30.52,5.24,5.52
29.9167,79.9167,30.19,5.08,5.19
29.9167,80.0833,29.8,5.15,4.8
29.9167,80.25,29.26,4.83,4.26
29.9167,80.4167,21.8,-1.26,0.0
29.9167,80.5833,26.38,2.17,1.38
29.9167,80.75,18.6,-5.05,0.0
29.9167,80.9167,13.13,-11.87,0.0
29.9167,81.0833,8.9,-17.75,0.0
29.9167,81.25,12.91,-13.87,0.0
29.9167,81.4167,9.98,-17.32,0.0
29.9167,81.5833,12.56,-14.48,0.0
29.9167,81.75,16.29,-9.63,0.0
29.9167,81.9167,20.7,-5.13,0.0
29.9167,82.0833,13.79,-12.26,0.0
29.9167,82.25,12.77,-13.99,0.0
29.9167,82.4167,10.45,-17.56,0.0
29.9167,82.5833,10.11,-18.49,0.0
29.9167,82.75,10.87,-20.21,0.0
29.9167,82.9167,14.15,-18.74,0.0
29.9167,83.0833,16.78,-17.22,0.0
29.9167,83.25,17.12,-16.71,0.0
29.9167,83.4167,17.52,-16.34,0.0
29.9167,83.5833,17.34,-16.21,0.0
29.9167,83.75,16.42,-17.13,0.0
29.9167,83.9167,15.64,-17.4,0.0
29.9167,84.0833,16.02,-17.08,0.0
29.9167,84.25,14.16,-18.38,0.0
29.9167,84.4167,10.26,-20.4,0.0
29.9167,84.5833,8.57,-21.75,0.0
29.9167,84.75,11.59,-20.36,0.0
29.9167,84.9167,9.09,-21.76,0.0
29.9167,85.0833,9.36,-21.79,0.0
29.9167,85.25,12.05,-20.36,0.0
29.9167,85.4167,8.54,-22.13,0.0
29.9167,85.5833,10.84,-21.15,0.0
29.9167,85.75,10.76,-20.69,0.0
29.9167,85.9167,11.4,-20.92,0.0
29.9167,86.0833,11.4,-20.89,0.0
29.9167,86.25,11.0,-20.61,0.0
29.9167,86.4167,11.8,-20.17,0.0
29.9167,86.5833,12.87,-19.8,0.0
29.9167,86.75,11.9,-20.63,0.0
29.9167,86.9167,12.9,-19.92,0.0
29.9167,87.0833,11.19,-20.27,0.0
29.9167,87.25,12.43,-19.38,0.0
29.9167,87.4167,13.06,-18.46,0.0
29.9167,87.5833,14.74,-16.62,0.0
29.9167,87.75,14.7,-17.2,0.0
29.9167,87.9167,14.5,-17.76,0.0
29.9167,88.0833,14.13,-18.16,0.0
29.9167,88.25,12.68,-19.44,0.0
29.9167,88.4167,11.83,-20.34,0.0
29.9167,88.5833,12.34,-19.8,0.0
29.9167,88.75,12.18,-19.83,0.0
29.9167,88.9167,12.82,-18.94,0.0
29.9167,89.0833,14.94,-17.46,0.0
29.9167,89.25,11.47,-19.9,0.0
29.9167,89.4167,12.67,-19.26,0.0
29.9167,89.5833,10.07,-21.45,0.0
29.9167,89.75,10.96,-21.52,0.0
29.9167,89.9167,9.76,-22.49,0.0
29.9167,90.0833,8.67,-22.7,0.0
29.9167,90.25,12.37,-20.04,0.0
29.9167,90.4167,16.38,-17.67,0.0
29.9167,90.5833,10.56,-20.75,0.0
29.9167,90.75,15.63,-16.73,0.0
29.9167,90.9167,14.59,-17.48,0.0
29.9167,91.0833,18.41,-14.62,0.0
29.9167,91.25,20.0,-13.42,0.0
29.9167,91.4167,17.57,-15.06,0.0
29.9167,91.5833,15.7,-16.67,0.0
29.9167,91.75,16.0,-16.67,0.0
29.9167,91.9167,14.62,-17.74,0.0
29.9167,92.0833,11.33,-20.59,0.0
29.9167,92.25,9.87,-21.86,0.0
29.9167,92.4167,12.31,-20.2,0.0
29.9167,92.5833,11.52,-19.72,0.0
29.9167,92.75,12.93,-18.19,0.0
29.9167,92.9167,11.62,-19.14,0.0
29.9167,93.0833,12.14,-18.01,0.0
29.9167,93.25,13.59,-16.3,0.0
29.9167,93.4167,14.53,-14.8,0.0
29.9167,93.5833,14.84,-14.03,0.0
29.9167,93.75,14.1,-14.58,0.0
29.9167,93.9167,12.68,-15.89,0.0
29.9167,94.0833,12.71,-15.95,0.0
29.9167,94.25,12.26,-16.79,0.0
29.9167,94.4167,12.37,-16.93,0.0
29.9167,94.5833,12.76,-16.18,0.0
29.9167,94.75,16.21,-11.48,0.0
29.9167,94.9167,14.26,-13.76,0.0
29.9167,95.0833,20.54,-6.61,0.0
29.9167,95.25,18.27,-9.02,0.0
29.9167,95.4167,16.28,-11.2,0.0
29.9167,95.5833,17.94,-9.41,0.0
29.9167,95.75,15.39,-12.38,0.0
29.9167,95.9167,10.85,-17.73,0.0
29.9167,96.0833,13.96,-14.54,0.0
29.9167,96.25,10.94,-18.05,0.0
29.9167,96.4167,9.94,-19.91,0.0
29.9167,96.5833,10.22,-19.88,0.0
29.9167,96.75,11.47,-18.77,0.0
29.9167,96.9167,8.99,-20.85,0.0
29.75,68.0833,43.46,5.79,18.46
29.75,68.25,42.59,5.12,17.59
29.75,68.4167,39.39,3.29,14.39
29.75,68.5833,38.57,2.7,13.57
29.75,68.75,38.12,2.44,13.12
29.75,68.9167,37.82,1.82,12.82
29.75,69.0833,37.83,1.89,12.83
29.75,69.25,37.6,2.29,12.6
29.75,69.4167,38.42,2.63,13.42
29.75,69.5833,37.99,3.41,12.99
29.75,69.75,38.06,3.3,13.06
29.75,69.9167,36.68,3.02,11.68
29.75,70.0833,42.02,5.76,17.02
29.75,70.25,43.52,5.52,18.52
29.75,70.4167,43.27,5.37,18.27
29.75,70.5833,42.47,5.43,17.47
29.75,70.75,41.74,5.46,16.74
29.75,70.9167,42.21,5.18,17.21
29.75,71.0833,42.06,5.25,17.06
29.75,71.25,42.06,5.25,17.06
29.75,71.4167,41.98,5.28,16.98
29.75,71.5833,41.83,5.28,16.83
29.75,71.75,41.76,5.27,16.76
29.75,71.9167,41.58,5.23,16.58
29.75,72.0833,41.45,5.18,16.45
29.75,72.25,41.88,5.15,16.88
29.75,72.4167,41.85,5.17,16.85
29.75,72.5833,42.09,5.2,17.09
29.75,72.75,42.32,5.0,17.32
29.75,72.9167,42.59,4.99,17.59
29.75,73.0833,42.47,5.11,17.47
29.75,73.25,42.25,5.26,17.25
29.75,73.4167,42.73,5.05,17.73
29.75,73.5833,42.82,5.13,17.82
29.75,73.75,42.34,5.24,17.34
29.75,73.9167,42.05,5.3,17.05
29.75,74.0833,42.01,5.23,17.01
29.75,74.25,41.79,5.36,16.79
29.75,74.4167,41.75,5.43,16.75
29.75,74.5833,41.45,5.55,16.45
29.75,74.75,41.39,5.57,16.39
29.75,74.9167,41.14,5.67,16.14
29.75,75.0833,40.87,5.75,15.87
29.75,75.25,40.68,5.8,15.68
29.75,75.4167,40.42,5.81,15.42
29.75,75.5833,40.19,5.8,15.19
29.75,75.75,39.92,5.75,14.92
29.75,75.9167,39.93,5.84,14.93
29.75,76.0833,39.88,5.93,14.88
29.75,76.25,39.87,6.01,14.87
29.75,76.4167,39.84,6.13,14.84
29.75,76.5833,39.62,6.07,14.62
29.75,76.75,39.6,6.11,14.6
29.75,76.9167,39.46,6.21,14.46
29.75,77.0833,39.4,6.15,14.4
29.75,77.25,39.13,6.26,14.13
29.75,77.4167,38.81,6.34,13.81
29.75,77.5833,38.99,6.37,13.99
29.75,77.75,39.03,6.5,14.03
29.75,77.9167,39.27,6.69,14.27
29.75,78.0833,39.38,6.8,14.38
29.75,78.25,39.28,6.89,14.28
29.75,78.4167,38.2,6.97,13.2
29.75,78.5833,35.89,6.64,10.89
29.75,78.75,34.03,5.94,9.03
29.75,78.9167,31.45,4.76,6.45
29.75,79.0833,29.84,4.13,4.84
29.75,79.25,33.11,5.61,8.11
29.75,79.4167,31.67,5.01,6.67
29.75,79.5833,29.39,4.29,4.39
29.75,79.75,30.44,5.16,5.44
29.75,79.9167,32.11,6.14,7.11
29.75,80.0833,32.01,6.36,7.01
29.75,80.25,31.02,5.86,6.02
29.75,80.4167,33.23,7.4,8.23
29.75,80.5833,29.26,4.63,4.26
29.75,80.75,26.68,2.59,1.68
29.75,80.9167,19.84,-3.58,0.0
29.75,81.0833,13.69,-11.12,0.0
29.75,81.25,18.0,-6.17,0.0
29.75,81.4167,15.98,-8.91,0.0
29.75,81.5833,13.33,-11.7,0.0
29.75,81.75,21.68,-2.55,0.0
29.75,81.9167,24.67,-0.17,0.0
29.75,82.0833,22.52,-2.48,0.0
29.75,82.25,13.59,-12.41,0.0
29.75,82.4167,11.04,-15.92,0.0
29.75,82.5833,12.76,-14.87,0.0
29.75,82.75,7.21,-20.42,0.0
29.75,82.9167,9.26,-20.39,0.0
29.75,83.0833,13.46,-18.33,0.0
29.75,83.25,16.2,-16.43,0.0
29.75,83.4167,17.01,-15.88,0.0
29.75,83.5833,16.68,-15.77,0.0
29.75,83.75,16.77,-15.84,0.0
29.75,83.9167,15.85,-16.48,0.0
29.75,84.0833,16.82,-16.1,0.0
29.75,84.25,15.32,-17.55,0.0
29.75,84.4167,15.23,-17.73,0.0
29.75,84.5833,8.69,-20.86,0.0
29.75,84.75,11.77,-19.64,0.0
29.75,84.9167,13.59,-18.73,0.0
29.75,85.0833,11.94,-19.41,0.0
29.75,85.25,11.61,-20.48,0.0
29.75,85.4167,9.81,-21.35,0.0
29.75,85.5833,9.49,-21.35,0.0
29.75,85.75,11.27,-19.64,0.0
29.75,85.9167,9.05,-21.66,0.0
29.75,86.0833,10.3,-21.12,0.0
29.75,86.25,13.6,-18.86,0.0
29.75,86.4167,10.31,-21.01,0.0
29.75,86.5833,9.76,-21.63,0.0
29.75,86.75,11.38,-20.82,0.0
29.75,86.9167,12.25,-19.6,0.0
29.75,87.0833,12.49,-19.53,0.0
29.75,87.25,12.0,-19.23,0.0
29.75,87.4167,11.67,-19.4,0.0
29.75,87.5833,13.82,-17.33,0.0
29.75,87.75,14.17,-17.56,0.0
29.75,87.9167,13.6,-18.76,0.0
29.75,88.0833,12.53,-19.8,0.0
29.75,88.25,9.96,-21.11,0.0
29.75,88.4167,13.82,-18.6,0.0
29.75,88.5833,13.67,-18.52,0.0
29.75,88.75,12.49,-19.4,0.0
29.75,88.9167,11.49,-20.16,0.0
29.75,89.0833,14.3,-18.05,0.0
29.75,89.25,15.14,-17.36,0.0
29.75,89.4167,13.96,-18.35,0.0
29.75,89.5833,12.62,-19.34,0.0
29.75,89.75,13.15,-19.41,0.0
29.75,89.9167,13.16,-19.58,0.0
29.75,90.0833,11.04,-21.1,0.0
29.75,90.25,10.4,-21.34,0.0
29.75,90.4167,13.4,-19.88,0.0
29.75,90.5833,10.37,-20.68,0.0
29.75,90.75,15.42,-16.46,0.0
29.75,90.9167,14.58,-17.28,0.0
29.75,91.0833,15.16,-16.84,0.0
29.75,91.25,15.88,-16.43,0.0
29.75,91.4167,19.08,-13.69,0.0
29.75,91.5833,16.42,-16.08,0.0
29.75,91.75,15.23,-17.03,0.0
29.75,91.9167,15.04,-17.36,0.0
29.75,92.0833,12.41,-19.58,0.0
29.75,92.25,11.94,-20.18,0.0
29.75,92.4167,11.85,-20.58,0.0
29.75,92.5833,10.71,-20.25,0.0
29.75,92.75,9.24,-21.2,0.0
29.75,92.9167,8.93,-21.42,0.0
29.75,93.0833,9.24,-20.64,0.0
29.75,93.25,12.58,-16.87,0.0
29.75,93.4167,11.41,-18.01,0.0
29.75,93.5833,12.79,-15.99,0.0
29.75,93.75,13.65,-14.87,0.0
29.75,93.9167,16.14,-12.0,0.0
29.75,94.0833,16.08,-11.83,0.0
29.75,94.25,16.29,-11.55,0.0
29.75,94.4167,13.27,-15.35,0.0
29.75,94.5833,12.48,-16.34,0.0
29.75,94.75,14.27,-13.46,0.0
29.75,94.9167,13.1,-14.15,0.0
29.75,95.0833,16.79,-10.32,0.0
29.75,95.25,21.33,-5.37,0.0
29.75,95.4167,18.4,-9.13,0.0
29.75,95.5833,15.61,-12.27,0.0
29.75,95.75,14.43,-13.27,0.0
29.75,95.9167,15.48,-12.02,0.0
29.75,96.0833,15.45,-12.42,0.0
29.75,96.25,11.87,-16.47,0.0
29.75,96.4167,9.58,-19.31,0.0
29.75,96.5833,9.07,-20.51,0.0
29.75,96.75,11.19,-18.7,0.0
29.75,96.9167,8.38,-21.33,0.0
29.5833,68.0833,45.39,5.93,20.0
29.5833,68.25,43.8,5.81,18.8
29.5833,68.4167,41.09,4.66,16.09
29.5833,68.5833,39.4,3.36,14.4
29.5833,68.75,39.17,3.05,14.17
29.5833,68.9167,39.31,3.04,14.31
29.5833,69.0833,39.87,3.08,14.87
29.5833,69.25,38.93,2.98,13.93
29.5833,69.4167,38.98,3.5,13.98
29.5833,69.5833,39.4,3.96,14.4
29.5833,69.75,38.71,3.98,13.71
29.5833,69.9167,38.92,4.69,13.92
29.5833,70.0833,43.19,5.76,18.19
29.5833,70.25,43.46,5.47,18.46
29.5833,70.4167,42.62,5.46,17.62
29.5833,70.5833,42.41,5.45,17.41
29.5833,70.75,41.93,5.41,16.93
29.5833,70.9167,42.31,5.28,17.31
29.5833,71.0833,42.18,5.33,17.18
29.5833,71.25,42.3,5.22,17.3
29.5833,71.4167,42.0,5.35,17.0
29.5833,71.5833,41.68,5.41,16.68
29.5833,71.75,41.49,5.36,16.49
29.5833,71.9167,41.56,5.35,16.56
29.5833,72.0833,42.03,5.2,17.03
29.5833,72.25,42.38,5.07,17.38
29.5833,72.4167,42.84,4.92,17.84
29.5833,72.5833,42.89,4.86,17.89
29.5833,72.75,42.99,4.94,17.99
29.5833,72.9167,42.85,5.07,17.85
29.5833,73.0833,42.45,5.32,17.45
29.5833,73.25,42.47,5.22,17.47
29.5833,73.4167,42.9,5.05,17.9
29.5833,73.5833,42.78,5.16,17.78
29.5833,73.75,42.43,5.23,17.43
29.5833,73.9167,42.08,5.28,17.08
29.5833,74.0833,41.72,5.57,16.72
29.5833,74.25,41.45,5.69,16.45
29.5833,74.4167,41.38,5.69,16.38
29.5833,74.5833,41.0,5.75,16.0
29.5833,74.75,40.93,5.74,15.93
29.5833,74.9167,40.85,5.83,15.85
29.5833,75.0833,40.72,5.9,15.72
29.5833,75.25,40.46,5.85,15.46
29.5833,75.4167,40.36,5.92,15.36
29.5833,75.5833,40.23,5.85,15.23
29.5833,75.75,40.21,5.9,15.21
29.5833,75.9167,40.21,5.98,15.21
29.5833,76.0833,40.22,6.06,15.22
29.5833,76.25,40.16,6.12,15.16
29.5833,76.4167,40.15,6.15,15.15
29.5833,76.5833,39.93,6.12,14.93
29.5833,76.75,39.81,6.14,14.81
29.5833,76.9167,39.67,6.25,14.67
29.5833,77.0833,39.71,6.18,14.71
29.5833,77.25,39.23,6.23,14.23
29.5833,77.4167,39.08,6.32,14.08
29.5833,77.5833,39.18,6.42,14.18
29.5833,77.75,39.31,6.56,14.31
29.5833,77.9167,39.36,6.72,14.36
29.5833,78.0833,39.64,6.78,14.64
29.5833,78.25,39.55,7.04,14.55
29.5833,78.4167,39.45,7.19,14.45
29.5833,78.5833,38.61,7.38,13.61
29.5833,78.75,37.3,8.14,12.3
29.5833,78.9167,36.35,7.44,11.35
29.5833,79.0833,35.04,7.05,10.04
29.5833,79.25,32.31,5.59,7.31
29.5833,79.4167,30.89,4.65,5.89
29.5833,79.5833,31.35,4.69,6.35
29.5833,79.75,30.16,4.4,5.16
29.5833,79.9167,31.7,5.93,6.7
29.5833,80.0833,33.12,6.98,8.12
29.5833,80.25,29.98,4.84,4.98
29.5833,80.4167,32.85,6.89,7.85
29.5833,80.5833,30.6,5.18,5.6
29.5833,80.75,27.8,3.21,2.8
29.5833,80.9167,26.39,2.12,1.39
29.5833,81.0833,24.59,0.75,0.0
29.5833,81.25,26.85,2.42,1.85
29.5833,81.4167,21.73,-1.55,0.0
29.5833,81.5833,19.54,-4.07,0.0
29.5833,81.75,27.62,2.92,2.62
29.5833,81.9167,25.82,1.1,0.82
29.5833,82.0833,24.05,-0.66,0.0
29.5833,82.25,21.15,-3.94,0.0
29.5833,82.4167,18.05,-7.54,0.0
29.5833,82.5833,16.09,-10.32,0.0
29.5833,82.75,15.05,-12.56,0.0
29.5833,82.9167,14.28,-13.79,0.0
29.5833,83.0833,12.15,-16.59,0.0
29.5833,83.25,10.57,-18.63,0.0
29.5833,83.4167,14.26,-17.01,0.0
29.5833,83.5833,15.64,-16.53,0.0
29.5833,83.75,15.08,-16.67,0.0
29.5833,83.9167,15.0,-16.28,0.0
29.5833,84.0833,17.64,-14.64,0.0
29.5833,84.25,17.56,-15.09,0.0
29.5833,84.4167,16.98,-15.63,0.0
29.5833,84.5833,15.21,-16.39,0.0
29.5833,84.75,14.6,-17.1,0.0
29.5833,84.9167,14.82,-16.76,0.0
29.5833,85.0833,14.29,-17.56,0.0
29.5833,85.25,13.82,-18.33,0.0
29.5833,85.4167,12.28,-19.43,0.0
29.5833,85.5833,13.1,-19.38,0.0
29.5833,85.75,13.48,-18.99,0.0
29.5833,85.9167,11.69,-19.56,0.0
29.5833,86.0833,11.37,-19.75,0.0
29.5833,86.25,14.59,-17.44,0.0
29.5833,86.4167,11.85,-18.94,0.0
29.5833,86.5833,13.11,-18.42,0.0
29.5833,86.75,11.47,-19.32,0.0
29.5833,86.9167,11.54,-19.6,0.0
29.5833,87.0833,12.21,-19.19,0.0
29.5833,87.25,9.9,-20.45,0.0
29.5833,87.4167,10.25,-20.2,0.0
29.5833,87.5833,13.57,-17.31,0.0
29.5833,87.75,12.45,-18.1,0.0
29.5833,87.9167,10.26,-20.19,0.0
29.5833,88.0833,12.33,-18.99,0.0
29.5833,88.25,15.38,-17.27,0.0
29.5833,88.4167,12.7,-19.03,0.0
29.5833,88.5833,14.97,-17.21,0.0
29.5833,88.75,10.38,-20.14,0.0
29.5833,88.9167,11.25,-19.3,0.0
29.5833,89.0833,16.77,-15.89,0.0
29.5833,89.25,11.44,-19.63,0.0
29.5833,89.4167,11.69,-19.7,0.0
29.5833,89.5833,14.88,-17.65,0.0
29.5833,89.75,10.88,-20.67,0.0
29.5833,89.9167,10.21,-20.94,0.0
29.5833,90.0833,15.12,-18.05,0.0
29.5833,90.25,14.51,-18.68,0.0
29.5833,90.4167,10.91,-21.36,0.0
29.5833,90.5833,8.5,-22.07,0.0
29.5833,90.75,11.22,-19.58,0.0
29.5833,90.9167,18.2,-13.8,0.0
29.5833,91.0833,19.43,-12.99,0.0
29.5833,91.25,14.82,-16.7,0.0
29.5833,91.4167,13.6,-17.89,0.0
29.5833,91.5833,10.36,-20.78,0.0
29.5833,91.75,10.8,-20.39,0.0
29.5833,91.9167,10.86,-20.66,0.0
29.5833,92.0833,9.92,-21.25,0.0
29.5833,92.25,11.59,-20.52,0.0
29.5833,92.4167,12.21,-20.33,0.0
29.5833,92.5833,9.27,-21.37,0.0
29.5833,92.75,9.03,-21.39,0.0
29.5833,92.9167,10.29,-19.94,0.0
29.5833,93.0833,9.54,-20.29,0.0
29.5833,93.25,9.84,-19.78,0.0
29.5833,93.4167,10.55,-19.1,0.0
29.5833,93.5833,10.47,-18.75,0.0
29.5833,93.75,11.22,-17.79,0.0
29.5833,93.9167,10.91,-17.84,0.0
29.5833,94.0833,11.45,-17.2,0.0
29.5833,94.25,12.89,-15.25,0.0
29.5833,94.4167,18.13,-9.38,0.0
29.5833,94.5833,15.03,-12.86,0.0
29.5833,94.75,14.37,-13.18,0.0
29.5833,94.9167,16.14,-10.91,0.0
29.5833,95.0833,10.05,-17.41,0.0
29.5833,95.25,18.29,-8.36,0.0
29.5833,95.4167,24.61,-2.72,0.0
29.5833,95.5833,17.47,-9.41,0.0
29.5833,95.75,13.85,-13.15,0.0
29.5833,95.9167,12.48,-14.97,0.0
29.5833,96.0833,10.16,-17.83,0.0
29.5833,96.25,13.61,-14.48,0.0
29.5833,96.4167,12.41,-15.66,0.0
29.5833,96.5833,9.34,-19.2,0.0
29.5833,96.75,11.15,-18.42,0.0
29.5833,96.9167,8.59,-20.67,0.0
29.4167,68.0833,45.77,6.01,20.0
29.4167,68.25,44.64,6.1,19.64
29.4167,68.4167,43.25,5.83,18.25
29.4167,68.5833,41.29,4.51,16.29
29.4167,68.75,39.63,3.5,14.63
29.4167,68.9167,40.05,3.52,15.05
29.4167,69.0833,40.5,3.26,15.5
29.4167,69.25,39.54,3.36,14.54
29.4167,69.4167,40.09,3.69,15.09
29.4167,69.5833,40.02,3.6,15.02
29.4167,69.75,40.24,3.72,15.24
29.4167,69.9167,40.74,5.1,15.74
29.4167,70.0833,43.42,5.74,18.42
29.4167,70.25,43.2,5.48,18.2
29.4167,70.4167,42.59,5.46,17.59
29.4167,70.5833,42.53,5.4,17.53
29.4167,70.75,41.97,5.42,16.97
29.4167,70.9167,42.38,5.3,17.38
29.4167,71.0833,42.17,5.37,17.17
29.4167,71.25,42.25,5.25,17.25
29.4167,71.4167,42.08,5.24,17.08
29.4167,71.5833,42.01,5.33,17.01
29.4167,71.75,41.99,5.37,16.99
29.4167,71.9167,42.06,5.16,17.06
29.4167,72.0833,42.42,5.03,17.42
29.4167,72.25,42.79,5.05,17.79
29.4167,72.4167,43.02,5.0,18.02
29.4167,72.5833,43.01,4.98,18.01
29.4167,72.75,42.87,4.97,17.87
29.4167,72.9167,42.87,5.18,17.87
29.4167,73.0833,42.6,5.33,17.6
29.4167,73.25,42.78,5.18,17.78
29.4167,73.4167,42.71,5.19,17.71
29.4167,73.5833,42.39,5.31,17.39
29.4167,73.75,42.24,5.43,17.24
29.4167,73.9167,42.02,5.57,17.02
29.4167,74.0833,41.63,5.71,16.63
29.4167,74.25,41.94,5.59,16.94
29.4167,74.4167,41.92,5.64,16.92
29.4167,74.5833,41.61,5.7,16.61
29.4167,74.75,41.26,5.65,16.26
29.4167,74.9167,41.12,5.7,16.12
29.4167,75.0833,41.35,5.67,16.35
29.4167,75.25,41.21,5.7,16.21
29.4167,75.4167,40.99,5.78,15.99
29.4167,75.5833,40.81,5.84,15.81
29.4167,75.75,40.59,5.86,15.59
29.4167,75.9167,40.47,5.92,15.47
29.4167,76.0833,40.45,6.01,15.45
29.4167,76.25,40.39,6.1,15.39
29.4167,76.4167,40.12,6.21,15.12
29.4167,76.5833,40.06,6.22,15.06
29.4167,76.75,39.91,6.21,14.91
29.4167,76.9167,39.91,6.49,14.91
29.4167,77.0833,39.75,6.31,14.75
29.4167,77.25,39.3,6.37,14.3
29.4167,77.4167,39.29,6.37,14.29
29.4167,77.5833,39.36,6.48,14.36
29.4167,77.75,39.51,6.72,14.51
29.4167,77.9167,39.4,6.8,14.4
29.4167,78.0833,39.64,7.05,14.64
29.4167,78.25,39.63,7.09,14.63
29.4167,78.4167,39.53,7.33,14.53
29.4167,78.5833,39.58,7.51,14.58
29.4167,78.75,39.43,7.81,14.43
29.4167,78.9167,38.48,7.83,13.48
29.4167,79.0833,38.15,7.99,13.15
29.4167,79.25,35.4,7.15,10.4
29.4167,79.4167,29.2,4.48,4.2
29.4167,79.5833,27.79,3.5,2.79
29.4167,79.75,27.82,3.58,2.82
29.4167,79.9167,31.59,5.47,6.59
29.4167,80.0833,30.72,4.97,5.72
29.4167,80.25,33.89,7.41,8.89
29.4167,80.4167,31.91,6.0,6.91
29.4167,80.5833,29.45,4.27,4.45
29.4167,80.75,30.27,5.11,5.27
29.4167,80.9167,30.54,5.23,5.54
29.4167,81.0833,25.63,1.85,0.63
29.4167,81.25,25.48,1.76,0.48
29.4167,81.4167,26.86,2.82,1.86
29.4167,81.5833,21.33,-2.1,0.0
29.4167,81.75,26.57,2.15,1.57
29.4167,81.9167,22.32,-1.49,0.0
29.4167,82.0833,21.14,-3.26,0.0
29.4167,82.25,18.89,-5.91,0.0
29.4167,82.4167,13.91,-11.96,0.0
29.4167,82.5833,10.02,-16.48,0.0
29.4167,82.75,11.62,-15.11,0.0
29.4167,82.9167,15.06,-13.76,0.0
29.4167,83.0833,16.97,-13.13,0.0
29.4167,83.25,14.37,-15.27,0.0
29.4167,83.4167,10.18,-18.94,0.0
29.4167,83.5833,13.19,-18.06,0.0
29.4167,83.75,10.89,-19.67,0.0
29.4167,83.9167,12.92,-17.02,0.0
29.4167,84.0833,16.41,-15.19,0.0
29.4167,84.25,14.64,-16.79,0.0
29.4167,84.4167,16.39,-15.27,0.0
29.4167,84.5833,16.38,-15.56,0.0
29.4167,84.75,14.99,-16.37,0.0
29.4167,84.9167,16.37,-15.09,0.0
29.4167,85.0833,16.11,-15.74,0.0
29.4167,85.25,15.76,-16.23,0.0
29.4167,85.4167,12.52,-18.22,0.0
29.4167,85.5833,14.02,-17.93,0.0
29.4167,85.75,14.29,-17.88,0.0
29.4167,85.9167,14.6,-17.81,0.0
29.4167,86.0833,14.5,-17.69,0.0
29.4167,86.25,14.54,-17.5,0.0
29.4167,86.4167,13.35,-17.95,0.0
29.4167,86.5833,15.67,-16.27,0.0
29.4167,86.75,16.17,-15.89,0.0
29.4167,86.9167,15.77,-15.66,0.0
29.4167,87.0833,15.95,-15.49,0.0
29.4167,87.25,15.39,-15.93,0.0
29.4167,87.4167,15.08,-15.93,0.0
29.4167,87.5833,15.5,-15.49,0.0
29.4167,87.75,16.51,-14.55,0.0
29.4167,87.9167,16.97,-14.38,0.0
29.4167,88.0833,16.18,-15.45,0.0
29.4167,88.25,19.36,-13.52,0.0
29.4167,88.4167,14.9,-16.62,0.0
29.4167,88.5833,16.72,-15.37,0.0
29.4167,88.75,15.9,-16.04,0.0
29.4167,88.9167,17.04,-15.81,0.0
29.4167,89.0833,19.41,-14.44,0.0
29.4167,89.25,19.24,-14.54,0.0
29.4167,89.4167,18.64,-14.79,0.0
29.4167,89.5833,17.23,-15.6,0.0
29.4167,89.75,11.53,-19.56,0.0
29.4167,89.9167,10.87,-19.94,0.0
29.4167,90.0833,17.67,-15.46,0.0
29.4167,90.25,17.89,-15.66,0.0
29.4167,90.4167,11.12,-20.64,0.0
29.4167,90.5833,12.56,-18.13,0.0
29.4167,90.75,17.87,-14.02,0.0
29.4167,90.9167,20.36,-12.21,0.0
29.4167,91.0833,16.73,-15.41,0.0
29.4167,91.25,14.75,-16.67,0.0
29.4167,91.4167,13.68,-17.49,0.0
29.4167,91.5833,13.75,-17.6,0.0
29.4167,91.75,12.72,-18.34,0.0
29.4167,91.9167,13.01,-18.18,0.0
29.4167,92.0833,11.19,-19.44,0.0
29.4167,92.25,14.58,-17.37,0.0
29.4167,92.4167,12.96,-18.81,0.0
29.4167,92.5833,9.07,-21.15,0.0
29.4167,92.75,9.73,-20.33,0.0
29.4167,92.9167,11.31,-18.49,0.0
29.4167,93.0833,9.67,-20.1,0.0
29.4167,93.25,10.45,-19.45,0.0
29.4167,93.4167,11.83,-17.61,0.0
29.4167,93.5833,11.3,-17.79,0.0
29.4167,93.75,11.42,-17.8,0.0
29.4167,93.9167,12.71,-16.0,0.0
29.4167,94.0833,12.32,-16.17,0.0
29.4167,94.25,13.03,-15.06,0.0
29.4167,94.4167,18.57,-8.6,0.0
29.4167,94.5833,16.91,-10.11,0.0
29.4167,94.75,16.12,-10.82,0.0
29.4167,94.9167,13.59,-13.42,0.0
29.4167,95.0833,17.12,-9.18,0.0
29.4167,95.25,20.77,-5.38,0.0
29.4167,95.4167,24.64,-2.46,0.0
29.4167,95.5833,18.26,-8.19,0.0
29.4167,95.75,16.02,-10.64,0.0
29.4167,95.9167,13.82,-13.37,0.0
29.4167,96.0833,11.55,-16.2,0.0
29.4167,96.25,13.47,-13.96,0.0
29.4167,96.4167,10.46,-17.43,0.0
29.4167,96.5833,9.16,-19.58,0.0
29.4167,96.75,11.96,-17.25,0.0
29.4167,96.9167,11.01,-18.58,0.0
29.25,68.0833,45.76,6.12,20.0
29.25,68.25,45.25,6.3,20.0
29.25,68.4167,42.63,5.65,17.63
29.25,68.5833,40.7,4.55,15.7
29.25,68.75,39.65,3.79,14.65
29.25,68.9167,39.97,3.54,14.97
29.25,69.0833,39.28,3.21,14.28
29.25,69.25,39.37,3.0,14.37
29.25,69.4167,40.28,3.46,15.28
29.25,69.5833,40.76,3.55,15.76
29.25,69.75,41.17,4.23,16.17
29.25,69.9167,42.55,5.46,17.55
29.25,70.0833,43.88,5.73,18.88
29.25,70.25,43.33,5.57,18.33
29.25,70.4167,42.77,5.5,17.77
29.25,70.5833,42.62,5.3,17.62
29.25,70.75,42.06,5.45,17.06
29.25,70.9167,42.43,5.32,17.43
29.25,71.0833,42.15,5.44,17.15
29.25,71.25,42.09,5.47,17.09
29.25,71.4167,41.85,5.41,16.85
29.25,71.5833,42.11,5.32,17.11
29.25,71.75,42.34,5.13,17.34
29.25,71.9167,42.17,5.23,17.17
29.25,72.0833,42.62,5.2,17.62
29.25,72.25,42.69,5.3,17.69
29.25,72.4167,42.65,5.28,17.65
29.25,72.5833,42.67,5.31,17.67
29.25,72.75,42.72,5.26,17.72
29.25,72.9167,42.52,5.36,17.52
29.25,73.0833,42.44,5.48,17.44
29.25,73.25,42.6,5.45,17.6
29.25,73.4167,42.45,5.49,17.45
29.25,73.5833,42.31,5.58,17.31
29.25,73.75,42.33,5.52,17.33
29.25,73.9167,42.21,5.55,17.21
29.25,74.0833,42.05,5.63,17.05
29.25,74.25,41.82,5.71,16.82
29.25,74.4167,41.68,5.71,16.68
29.25,74.5833,41.74,5.53,16.74
29.25,74.75,41.67,5.46,16.67
29.25,74.9167,41.46,5.51,16.46
29.25,75.0833,41.43,5.54,16.43
29.25,75.25,41.36,5.58,16.36
29.25,75.4167,41.19,5.72,16.19
29.25,75.5833,40.82,5.83,15.82
29.25,75.75,40.62,5.82,15.62
29.25,75.9167,40.55,5.94,15.55
29.25,76.0833,40.44,6.06,15.44
29.25,76.25,40.22,6.24,15.22
29.25,76.4167,40.26,6.26,15.26
29.25,76.5833,40.24,6.29,15.24
29.25,76.75,40.26,6.27,15.26
29.25,76.9167,40.08,6.36,15.08
29.25,77.0833,39.96,6.35,14.96
29.25,77.25,39.49,6.34,14.49
29.25,77.4167,39.54,6.42,14.54
29.25,77.5833,39.64,6.57,14.64
29.25,77.75,39.47,6.73,14.47
29.25,77.9167,39.48,6.87,14.48
29.25,78.0833,39.84,7.04,14.84
29.25,78.25,39.83,7.11,14.83
29.25,78.4167,39.56,7.34,14.56
29.25,78.5833,39.59,7.57,14.59
29.25,78.75,39.68,7.79,14.68
29.25,78.9167,39.28,8.09,14.28
29.25,79.0833,39.13,8.06,14.13
29.25,79.25,38.63,8.22,13.63
29.25,79.4167,37.17,8.1,12.17
29.25,79.5833,35.23,7.54,10.23
29.25,79.75,31.52,5.73,6.52
29.25,79.9167,31.84,5.92,6.84
29.25,80.0833,32.18,6.21,7.18
29.25,80.25,34.1,7.61,9.1
29.25,80.4167,30.33,5.2,5.33
29.25,80.5833,28.92,4.07,3.92
29.25,80.75,30.18,5.05,5.18
29.25,80.9167,32.86,6.77,7.86
29.25,81.0833,30.72,5.47,5.72
29.25,81.25,32.31,6.57,7.31
29.25,81.4167,25.12,1.5,0.12
29.25,81.5833,24.93,1.18,0.0
29.25,81.75,24.19,0.27,0.0
29.25,81.9167,23.34,-1.14,0.0
29.25,82.0833,23.33,-1.81,0.0
29.25,82.25,22.87,-2.53,0.0
29.25,82.4167,19.42,-5.6,0.0
29.25,82.5833,11.67,-14.28,0.0
29.25,82.75,11.12,-15.48,0.0
29.25,82.9167,13.09,-13.93,0.0
29.25,83.0833,14.07,-15.33,0.0
29.25,83.25,14.05,-16.05,0.0
29.25,83.4167,10.52,-18.58,0.0
29.25,83.5833,8.72,-20.11,0.0
29.25,83.75,8.21,-20.83,0.0
29.25,83.9167,15.0,-14.28,0.0
29.25,84.0833,16.32,-14.48,0.0
29.25,84.25,13.24,-17.68,0.0
29.25,84.4167,17.14,-14.61,0.0
29.25,84.5833,17.91,-14.48,0.0
29.25,84.75,17.5,-14.72,0.0
29.25,84.9167,17.05,-14.9,0.0
29.25,85.0833,15.91,-15.41,0.0
29.25,85.25,15.97,-15.42,0.0
29.25,85.4167,17.38,-14.63,0.0
29.25,85.5833,15.55,-15.72,0.0
29.25,85.75,16.89,-15.06,0.0
29.25,85.9167,16.73,-15.4,0.0
29.25,86.0833,14.49,-16.97,0.0
29.25,86.25,14.07,-17.1,0.0
29.25,86.4167,12.2,-17.94,0.0
29.25,86.5833,16.3,-14.9,0.0
29.25,86.75,16.23,-15.13,0.0
29.25,86.9167,16.16,-15.44,0.0
29.25,87.0833,16.4,-15.34,0.0
29.25,87.25,16.86,-14.67,0.0
29.25,87.4167,16.39,-15.08,0.0
29.25,87.5833,15.6,-15.51,0.0
29.25,87.75,19.3,-12.51,0.0
29.25,87.9167,16.88,-14.85,0.0
29.25,88.0833,17.23,-14.54,0.0
29.25,88.25,18.64,-13.66,0.0
29.25,88.4167,18.4,-13.73,0.0
29.25,88.5833,18.53,-14.07,0.0
29.25,88.75,19.45,-13.66,0.0
29.25,88.9167,20.21,-13.61,0.0
29.25,89.0833,19.53,-13.92,0.0
29.25,89.25,19.1,-14.52,0.0
29.25,89.4167,17.06,-15.92,0.0
29.25,89.5833,14.16,-17.99,0.0
29.25,89.75,15.98,-16.37,0.0
29.25,89.9167,15.57,-16.77,0.0
29.25,90.0833,15.39,-17.37,0.0
29.25,90.25,14.11,-17.91,0.0
29.25,90.4167,15.21,-16.11,0.0
29.25,90.5833,18.58,-13.67,0.0
29.25,90.75,19.75,-12.82,0.0
29.25,90.9167,20.11,-12.36,0.0
29.25,91.0833,20.56,-12.15,0.0
29.25,91.25,20.21,-12.36,0.0
29.25,91.4167,20.4,-12.4,0.0
29.25,91.5833,19.63,-13.42,0.0
29.25,91.75,19.24,-13.49,0.0
29.25,91.9167,17.54,-14.72,0.0
29.25,92.0833,16.74,-15.3,0.0
29.25,92.25,14.77,-16.65,0.0
29.25,92.4167,12.56,-17.25,0.0
29.25,92.5833,11.03,-18.67,0.0
29.25,92.75,11.24,-18.23,0.0
29.25,92.9167,12.03,-17.18,0.0
29.25,93.0833,10.99,-18.41,0.0
29.25,93.25,10.87,-18.46,0.0
29.25,93.4167,12.38,-16.55,0.0
29.25,93.5833,14.74,-13.55,0.0
29.25,93.75,12.52,-15.89,0.0
29.25,93.9167,15.07,-12.77,0.0
29.25,94.0833,17.13,-10.44,0.0
29.25,94.25,17.19,-10.0,0.0
29.25,94.4167,15.59,-11.51,0.0
29.25,94.5833,13.91,-13.31,0.0
29.25,94.75,14.81,-11.81,0.0
29.25,94.9167,19.19,-6.49,0.0
29.25,95.0833,24.27,-1.08,0.0
29.25,95.25,25.97,-0.18,0.97
29.25,95.4167,19.45,-6.56,0.0
29.25,95.5833,15.74,-10.8,0.0
29.25,95.75,14.61,-12.17,0.0
29.25,95.9167,16.04,-10.82,0.0
29.25,96.0833,13.7,-13.62,0.0
29.25,96.25,13.64,-13.38,0.0
29.25,96.4167,13.82,-12.78,0.0
29.25,96.5833,12.04,-15.13,0.0
29.25,96.75,9.03,-19.62,0.0
29.25,96.9167,9.85,-19.31,0.0
29.0833,68.0833,45.63,6.16,20.0
29.0833,68.25,45.41,6.22,20.0
29.0833,68.4167,44.16,6.42,19.16
29.0833,68.5833,43.27,6.2,18.27
29.0833,68.75,42.93,5.44,17.93
29.0833,68.9167,42.08,4.68,17.08
29.0833,69.0833,40.49,4.13,15.49
29.0833,69.25,40.13,3.91,15.13
29.0833,69.4167,40.61,4.36,15.61
29.0833,69.5833,41.0,4.71,16.0
29.0833,69.75,40.87,4.97,15.87
29.0833,69.9167,43.54,5.85,18.54
29.0833,70.0833,43.9,5.52,18.9
29.0833,70.25,43.37,5.58,18.37
29.0833,70.4167,42.62,5.32,17.62
29.0833,70.5833,42.11,5.39,17.11
29.0833,70.75,41.93,5.44,16.93
29.0833,70.9167,42.06,5.35,17.06
29.0833,71.0833,42.37,5.25,17.37
29.0833,71.25,42.52,5.44,17.52
29.0833,71.4167,42.23,5.46,17.23
29.0833,71.5833,42.24,5.49,17.24
29.0833,71.75,42.26,5.48,17.26
29.0833,71.9167,42.59,5.46,17.59
29.0833,72.0833,42.59,5.53,17.59
29.0833,72.25,42.61,5.48,17.61
29.0833,72.4167,42.8,5.36,17.8
29.0833,72.5833,42.81,5.29,17.81
29.0833,72.75,42.75,5.37,17.75
29.0833,72.9167,42.52,5.46,17.52
29.0833,73.0833,42.65,5.55,17.65
29.0833,73.25,42.57,5.58,17.57
29.0833,73.4167,42.49,5.54,17.49
29.0833,73.5833,42.46,5.43,17.46
29.0833,73.75,42.36,5.43,17.36
29.0833,73.9167,42.3,5.44,17.3
29.0833,74.0833,42.24,5.41,17.24
29.0833,74.25,42.09,5.47,17.09
29.0833,74.4167,41.87,5.54,16.87
29.0833,74.5833,41.82,5.47,16.82
29.0833,74.75,41.63,5.49,16.63
29.0833,74.9167,41.41,5.54,16.41
29.0833,75.0833,41.27,5.62,16.27
29.0833,75.25,41.26,5.59,16.26
29.0833,75.4167,41.17,5.59,16.17
29.0833,75.5833,40.94,5.73,15.94
29.0833,75.75,40.56,5.94,15.56
29.0833,75.9167,40.51,5.99,15.51
29.0833,76.0833,40.39,6.14,15.39
29.0833,76.25,40.41,6.19,15.41
29.0833,76.4167,40.37,6.25,15.37
29.0833,76.5833,40.46,6.27,15.46
29.0833,76.75,40.41,6.33,15.41
29.0833,76.9167,40.38,6.38,15.38
29.0833,77.0833,40.14,6.43,15.14
29.0833,77.25,39.74,6.43,14.74
29.0833,77.4167,39.73,6.5,14.73
29.0833,77.5833,39.62,6.74,14.62
29.0833,77.75,39.8,6.99,14.8
29.0833,77.9167,39.66,6.9,14.66
29.0833,78.0833,39.83,7.13,14.83
29.0833,78.25,39.93,7.2,14.93
29.0833,78.4167,39.81,7.35,14.81
29.0833,78.5833,39.62,7.55,14.62
29.0833,78.75,39.65,7.83,14.65
29.0833,78.9167,39.53,8.04,14.53
29.0833,79.0833,39.07,8.1,14.07
29.0833,79.25,39.06,8.33,14.06
29.0833,79.4167,38.84,8.3,13.84
29.0833,79.5833,38.84,8.61,13.84
29.0833,79.75,37.8,8.69,12.8
29.0833,79.9167,37.09,8.68,12.09
29.0833,80.0833,37.46,9.04,12.46
29.0833,80.25,36.39,8.9,11.39
29.0833,80.4167,35.06,8.17,10.06
29.0833,80.5833,31.92,6.04,6.92
29.0833,80.75,29.81,4.69,4.81
29.0833,80.9167,27.91,3.87,2.91
29.0833,81.0833,33.05,7.26,8.05
29.0833,81.25,32.3,6.53,7.3
29.0833,81.4167,30.96,5.52,5.96
29.0833,81.5833,28.14,3.82,3.14
29.0833,81.75,23.96,0.52,0.0
29.0833,81.9167,20.14,-3.32,0.0
29.0833,82.0833,19.1,-5.15,0.0
29.0833,82.25,17.79,-6.18,0.0
29.0833,82.4167,18.6,-5.4,0.0
29.0833,82.5833,21.54,-2.61,0.0
29.0833,82.75,18.16,-7.09,0.0
29.0833,82.9167,17.76,-7.9,0.0
29.0833,83.0833,12.77,-14.89,0.0
29.0833,83.25,12.93,-15.93,0.0
29.0833,83.4167,13.22,-16.25,0.0
29.0833,83.5833,9.2,-19.52,0.0
29.0833,83.75,7.83,-19.82,0.0
29.0833,83.9167,20.63,-8.07,0.0
29.0833,84.0833,15.11,-13.99,0.0
29.0833,84.25,12.26,-18.31,0.0
29.0833,84.4167,14.42,-16.93,0.0
29.0833,84.5833,14.1,-17.26,0.0
29.0833,84.75,13.81,-17.17,0.0
29.0833,84.9167,12.79,-17.57,0.0
29.0833,85.0833,14.16,-16.24,0.0
29.0833,85.25,14.64,-16.45,0.0
29.0833,85.4167,15.4,-15.98,0.0
29.0833,85.5833,14.77,-15.72,0.0
29.0833,85.75,15.59,-16.26,0.0
29.0833,85.9167,15.69,-15.88,0.0
29.0833,86.0833,12.84,-17.86,0.0
29.0833,86.25,12.8,-17.95,0.0
29.0833,86.4167,12.93,-18.08,0.0
29.0833,86.5833,13.41,-17.89,0.0
29.0833,86.75,14.09,-17.32,0.0
29.0833,86.9167,14.86,-16.62,0.0
29.0833,87.0833,13.98,-16.76,0.0
29.0833,87.25,13.62,-16.86,0.0
29.0833,87.4167,15.19,-15.98,0.0
29.0833,87.5833,17.32,-13.85,0.0
29.0833,87.75,18.67,-13.13,0.0
29.0833,87.9167,17.5,-14.51,0.0
29.0833,88.0833,17.2,-15.29,0.0
29.0833,88.25,15.57,-16.4,0.0
29.0833,88.4167,18.37,-14.17,0.0
29.0833,88.5833,18.31,-14.72,0.0
29.0833,88.75,18.15,-14.89,0.0
29.0833,88.9167,17.38,-15.17,0.0
29.0833,89.0833,16.21,-16.08,0.0
29.0833,89.25,18.58,-14.67,0.0
29.0833,89.4167,17.77,-15.17,0.0
29.0833,89.5833,17.16,-16.2,0.0
29.0833,89.75,14.87,-18.08,0.0
29.0833,89.9167,15.15,-17.52,0.0
29.0833,90.0833,12.0,-19.74,0.0
29.0833,90.25,10.85,-20.54,0.0
29.0833,90.4167,14.34,-17.34,0.0
29.0833,90.5833,14.57,-17.42,0.0
29.0833,90.75,15.55,-16.17,0.0
29.0833,90.9167,15.13,-17.19,0.0
29.0833,91.0833,15.83,-16.56,0.0
29.0833,91.25,15.44,-16.32,0.0
29.0833,91.4167,14.77,-17.15,0.0
29.0833,91.5833,14.97,-16.66,0.0
29.0833,91.75,18.27,-14.19,0.0
29.0833,91.9167,15.03,-16.69,0.0
29.0833,92.0833,16.16,-15.97,0.0
29.0833,92.25,15.42,-16.97,0.0
29.0833,92.4167,14.2,-16.03,0.0
29.0833,92.5833,17.72,-12.25,0.0
29.0833,92.75,17.05,-12.35,0.0
29.0833,92.9167,16.37,-12.97,0.0
29.0833,93.0833,16.69,-12.18,0.0
29.0833,93.25,14.7,-14.14,0.0
29.0833,93.4167,15.52,-12.87,0.0
29.0833,93.5833,13.02,-15.09,0.0
29.0833,93.75,15.19,-12.75,0.0
29.0833,93.9167,15.13,-12.47,0.0
29.0833,94.0833,13.12,-14.22,0.0
29.0833,94.25,15.48,-11.5,0.0
29.0833,94.4167,17.29,-8.77,0.0
29.0833,94.5833,16.95,-9.0,0.0
29.0833,94.75,19.59,-5.61,0.0
29.0833,94.9167,25.52,0.84,0.52
29.0833,95.0833,24.53,-0.48,0.0
29.0833,95.25,18.37,-7.17,0.0
29.0833,95.4167,16.64,-9.43,0.0
29.0833,95.5833,16.93,-9.16,0.0
29.0833,95.75,19.03,-6.81,0.0
29.0833,95.9167,18.24,-7.59,0.0
29.0833,96.0833,16.06,-10.31,0.0
29.0833,96.25,12.99,-13.89,0.0
29.0833,96.4167,13.5,-13.04,0.0
29.0833,96.5833,14.5,-11.72,0.0
29.0833,96.75,14.07,-12.38,0.0
29.0833,96.9167,11.84,-15.27,0.0
28.9167,68.0833,45.61,6.15,20.0
28.9167,68.25,45.48,6.3,20.0
28.9167,68.4167,45.08,6.38,20.0
28.9167,68.5833,43.46,6.03,18.46
28.9167,68.75,41.03,4.76,16.03
28.9167,68.9167,41.28,4.6,16.28
28.9167,69.0833,40.98,4.91,15.98
28.9167,69.25,42.07,5.15,17.07
28.9167,69.4167,42.58,5.47,17.58
28.9167,69.5833,42.63,5.8,17.63
28.9167,69.75,43.41,5.98,18.41
28.9167,69.9167,44.09,5.79,19.09
28.9167,70.0833,43.73,5.57,18.73
28.9167,70.25,43.03,5.44,18.03
28.9167,70.4167,42.17,5.45,17.17
28.9167,70.5833,41.89,5.37,16.89
28.9167,70.75,41.94,5.24,16.94
28.9167,70.9167,42.16,5.33,17.16
28.9167,71.0833,42.59,5.26,17.59
28.9167,71.25,42.96,5.32,17.96
28.9167,71.4167,42.81,5.37,17.81
28.9167,71.5833,42.78,5.46,17.78
28.9167,71.75,42.84,5.47,17.84
28.9167,71.9167,42.78,5.56,17.78
28.9167,72.0833,42.74,5.61,17.74
28.9167,72.25,42.74,5.54,17.74
28.9167,72.4167,42.83,5.52,17.83
28.9167,72.5833,42.71,5.54,17.71
28.9167,72.75,42.63,5.61,17.63
28.9167,72.9167,42.55,5.64,17.55
28.9167,73.0833,42.65,5.49,17.65
28.9167,73.25,42.63,5.47,17.63
28.9167,73.4167,42.46,5.48,17.46
28.9167,73.5833,42.33,5.53,17.33
28.9167,73.75,42.27,5.52,17.27
28.9167,73.9167,42.14,5.47,17.14
28.9167,74.0833,42.05,5.45,17.05
28.9167,74.25,41.96,5.46,16.96
28.9167,74.4167,41.95,5.48,16.95
28.9167,74.5833,41.78,5.5,16.78
28.9167,74.75,41.56,5.52,16.56
28.9167,74.9167,41.41,5.61,16.41
28.9167,75.0833,41.36,5.61,16.36
28.9167,75.25,41.31,5.59,16.31
28.9167,75.4167,41.16,5.56,16.16
28.9167,75.5833,41.03,5.67,16.03
28.9167,75.75,40.94,5.72,15.94
28.9167,75.9167,40.86,5.86,15.86
28.9167,76.0833,40.69,6.02,15.69
28.9167,76.25,40.6,6.15,15.6
28.9167,76.4167,40.44,6.24,15.44
28.9167,76.5833,40.46,6.43,15.46
28.9167,76.75,40.62,6.34,15.62
28.9167,76.9167,40.62,6.41,15.62
28.9167,77.0833,40.47,6.63,15.47
28.9167,77.25,40.12,6.52,15.12
28.9167,77.4167,39.96,6.6,14.96
28.9167,77.5833,39.84,6.85,14.84
28.9167,77.75,40.06,7.07,15.06
28.9167,77.9167,39.81,6.97,14.81
28.9167,78.0833,39.89,7.17,14.89
28.9167,78.25,40.0,7.24,15.0
28.9167,78.4167,39.86,7.31,14.86
28.9167,78.5833,39.78,7.51,14.78
28.9167,78.75,39.58,7.88,14.58
28.9167,78.9167,39.38,7.99,14.38
28.9167,79.0833,39.13,8.09,14.13
28.9167,79.25,39.49,8.13,14.49
28.9167,79.4167,39.45,8.31,14.45
28.9167,79.5833,39.11,8.61,14.11
28.9167,79.75,39.28,8.78,14.28
28.9167,79.9167,39.27,8.99,14.27
28.9167,80.0833,38.93,9.19,13.93
28.9167,80.25,38.75,9.35,13.75
28.9167,80.4167,38.34,9.45,13.34
28.9167,80.5833,35.5,8.33,10.5
28.9167,80.75,33.14,7.09,8.14
28.9167,80.9167,33.54,7.39,8.54
28.9167,81.0833,34.89,8.21,9.89
28.9167,81.25,33.45,7.16,8.45
28.9167,81.4167,32.82,6.74,7.82
28.9167,81.5833,32.54,6.2,7.54
28.9167,81.75,29.49,4.53,4.49
28.9167,81.9167,23.81,0.93,0.0
28.9167,82.0833,22.81,0.15,0.0
28.9167,82.25,25.61,2.24,0.61
28.9167,82.4167,22.77,-0.1,0.0
28.9167,82.5833,21.91,-1.4,0.0
28.9167,82.75,18.54,-5.84,0.0
28.9167,82.9167,21.18,-3.74,0.0
28.9167,83.0833,16.45,-9.41,0.0
28.9167,83.25,14.32,-12.83,0.0
28.9167,83.4167,12.51,-15.47,0.0
28.9167,83.5833,9.88,-17.88,0.0
28.9167,83.75,16.39,-10.21,0.0
28.9167,83.9167,17.52,-10.22,0.0
28.9167,84.0833,8.96,-18.24,0.0
28.9167,84.25,7.73,-20.09,0.0
28.9167,84.4167,7.98,-20.53,0.0
28.9167,84.5833,10.67,-18.65,0.0
28.9167,84.75,11.87,-18.13,0.0
28.9167,84.9167,10.95,-19.11,0.0
28.9167,85.0833,10.7,-18.2,0.0
28.9167,85.25,15.09,-15.36,0.0
28.9167,85.4167,14.41,-16.33,0.0
28.9167,85.5833,13.38,-11.94,0.0
28.9167,85.75,12.56,-18.05,0.0
28.9167,85.9167,11.94,-18.62,0.0
28.9167,86.0833,11.15,-18.73,0.0
28.9167,86.25,16.22,-15.69,0.0
28.9167,86.4167,17.07,-15.26,0.0
28.9167,86.5833,11.81,-19.12,0.0
28.9167,86.75,13.14,-18.52,0.0
28.9167,86.9167,13.1,-18.52,0.0
28.9167,87.0833,11.84,-19.18,0.0
28.9167,87.25,11.83,-19.3,0.0
28.9167,87.4167,11.68,-19.93,0.0
28.9167,87.5833,12.62,-18.1,0.0
28.9167,87.75,14.47,-17.15,0.0
28.9167,87.9167,16.26,-15.75,0.0
28.9167,88.0833,15.33,-17.21,0.0
28.9167,88.25,12.76,-18.84,0.0
28.9167,88.4167,14.48,-16.91,0.0
28.9167,88.5833,15.61,-16.72,0.0
28.9167,88.75,15.73,-16.84,0.0
28.9167,88.9167,15.55,-17.42,0.0
28.9167,89.0833,15.93,-16.73,0.0
28.9167,89.25,16.78,-16.03,0.0
28.9167,89.4167,15.3,-17.23,0.0
28.9167,89.5833,18.17,-14.89,0.0
28.9167,89.75,16.86,-16.55,0.0
28.9167,89.9167,13.64,-18.87,0.0
28.9167,90.0833,12.85,-20.28,0.0
28.9167,90.25,8.42,-21.88,0.0
28.9167,90.4167,15.47,-16.68,0.0
28.9167,90.5833,15.48,-15.09,0.0
28.9167,90.75,15.61,-14.63,0.0
28.9167,90.9167,15.43,-15.4,0.0
28.9167,91.0833,15.94,-17.5,0.0
28.9167,91.25,15.17,-18.51,0.0
28.9167,91.4167,14.44,-18.47,0.0
28.9167,91.5833,15.02,-17.28,0.0
28.9167,91.75,14.17,-18.13,0.0
28.9167,91.9167,14.0,-17.7,0.0
28.9167,92.0833,13.95,-18.08,0.0
28.9167,92.25,12.82,-19.15,0.0
28.9167,92.4167,12.35,-18.59,0.0
28.9167,92.5833,14.46,-16.26,0.0
28.9167,92.75,13.64,-16.24,0.0
28.9167,92.9167,14.25,-15.5,0.0
28.9167,93.0833,13.72,-15.35,0.0
28.9167,93.25,11.55,-16.74,0.0
28.9167,93.4167,14.16,-14.45,0.0
28.9167,93.5833,10.81,-17.38,0.0
28.9167,93.75,13.55,-14.42,0.0
28.9167,93.9167,13.01,-14.68,0.0
28.9167,94.0833,14.63,-12.49,0.0
28.9167,94.25,19.05,-6.93,0.0
28.9167,94.4167,17.06,-8.58,0.0
28.9167,94.5833,22.98,-1.31,0.0
28.9167,94.75,26.79,2.36,1.79
28.9167,94.9167,27.34,2.95,2.34
28.9167,95.0833,24.9,-0.03,0.0
28.9167,95.25,17.36,-7.86,0.0
28.9167,95.4167,19.23,-6.16,0.0
28.9167,95.5833,18.9,-6.38,0.0
28.9167,95.75,22.28,-2.91,0.0
28.9167,95.9167,21.46,-3.94,0.0
28.9167,96.0833,16.64,-9.35,0.0
28.9167,96.25,14.63,-11.42,0.0
28.9167,96.4167,13.78,-12.63,0.0
28.9167,96.5833,14.66,-11.21,0.0
28.9167,96.75,14.55,-11.51,0.0
28.9167,96.9167,12.76,-13.79,0.0
28.75,68.0833,45.58,6.39,20.0
28.75,68.25,45.43,6.49,20.0
28.75,68.4167,45.34,6.56,20.0
28.75,68.5833,44.84,6.47,19.84
28.75,68.75,44.12,6.19,19.12
28.75,68.9167,44.12,6.1,19.12
28.75,69.0833,44.07,5.94,19.07
28.75,69.25,43.91,5.96,18.91
28.75,69.4167,43.19,5.84,18.19
28.75,69.5833,43.11,5.86,18.11
28.75,69.75,44.16,5.84,19.16
28.75,69.9167,44.03,5.78,19.03
28.75,70.0833,42.98,5.72,17.98
28.75,70.25,42.57,5.47,17.57
28.75,70.4167,42.15,5.34,17.15
28.75,70.5833,41.87,5.12,16.87
28.75,70.75,42.07,5.14,17.07
28.75,70.9167,42.58,5.31,17.58
28.75,71.0833,42.92,5.29,17.92
28.75,71.25,43.12,5.35,18.12
28.75,71.4167,43.25,5.34,18.25
28.75,71.5833,43.17,5.4,18.17
28.75,71.75,43.05,5.49,18.05
28.75,71.9167,42.97,5.65,17.97
28.75,72.0833,42.87,5.72,17.87
28.75,72.25,42.84,5.71,17.84
28.75,72.4167,42.7,5.65,17.7
28.75,72.5833,42.57,5.77,17.57
28.75,72.75,42.61,5.69,17.61
28.75,72.9167,42.7,5.6,17.7
28.75,73.0833,42.68,5.59,17.68
28.75,73.25,42.5,5.65,17.5
28.75,73.4167,42.32,5.58,17.32
28.75,73.5833,42.14,5.66,17.14
28.75,73.75,42.1,5.61,17.1
28.75,73.9167,42.05,5.52,17.05
28.75,74.0833,41.98,5.49,16.98
28.75,74.25,41.82,5.54,16.82
28.75,74.4167,41.79,5.54,16.79
28.75,74.5833,41.68,5.54,16.68
28.75,74.75,41.56,5.58,16.56
28.75,74.9167,41.42,5.61,16.42
28.75,75.0833,41.29,5.62,16.29
28.75,75.25,41.16,5.59,16.16
28.75,75.4167,41.11,5.57,16.11
28.75,75.5833,41.08,5.66,16.08
28.75,75.75,40.99,5.66,15.99
28.75,75.9167,41.13,5.77,16.13
28.75,76.0833,41.1,5.95,16.1
28.75,76.25,41.0,5.99,16.0
28.75,76.4167,40.88,6.09,15.88
28.75,76.5833,40.63,6.3,15.63
28.75,76.75,40.78,6.32,15.78
28.75,76.9167,40.82,6.53,15.82
28.75,77.0833,40.44,7.07,15.44
28.75,77.25,40.28,7.2,15.28
28.75,77.4167,40.4,6.94,15.4
28.75,77.5833,40.23,6.85,15.23
28.75,77.75,40.17,6.96,15.17
28.75,77.9167,40.05,6.98,15.05
28.75,78.0833,39.91,7.2,14.91
28.75,78.25,40.0,7.25,15.0
28.75,78.4167,40.09,7.28,15.09
28.75,78.5833,39.92,7.45,14.92
28.75,78.75,39.83,7.74,14.83
28.75,78.9167,39.48,7.86,14.48
28.75,79.0833,39.35,8.03,14.35
28.75,79.25,39.6,8.07,14.6
28.75,79.4167,39.64,8.16,14.64
28.75,79.5833,39.57,8.26,14.57
28.75,79.75,39.64,8.49,14.64
28.75,79.9167,38.98,8.65,13.98
28.75,80.0833,38.02,9.21,13.02
28.75,80.25,38.66,9.01,13.66
28.75,80.4167,39.03,9.14,14.03
28.75,80.5833,38.98,9.19,13.98
28.75,80.75,38.51,9.38,13.51
28.75,80.9167,37.4,9.28,12.4
28.75,81.0833,35.81,8.68,10.81
28.75,81.25,35.94,8.68,10.94
28.75,81.4167,35.61,8.14,10.61
28.75,81.5833,32.23,5.87,7.23
28.75,81.75,30.3,4.86,5.3
28.75,81.9167,28.63,3.99,3.63
28.75,82.0833,29.64,4.73,4.64
28.75,82.25,29.46,4.68,4.46
28.75,82.4167,27.17,3.13,2.17
28.75,82.5833,21.77,-0.59,0.0
28.75,82.75,20.04,-3.04,0.0
28.75,82.9167,17.99,-5.86,0.0
28.75,83.0833,10.19,-14.62,0.0
28.75,83.25,6.69,-18.58,0.0
28.75,83.4167,7.04,-17.98,0.0
28.75,83.5833,11.23,-13.25,0.0
28.75,83.75,16.55,-8.45,0.0
28.75,83.9167,11.31,-14.8,0.0
28.75,84.0833,9.34,-16.85,0.0
28.75,84.25,11.8,-14.94,0.0
28.75,84.4167,6.03,-19.99,0.0
28.75,84.5833,10.15,-17.24,0.0
28.75,84.75,13.55,-14.11,0.0
28.75,84.9167,12.6,-15.06,0.0
28.75,85.0833,10.1,-17.97,0.0
28.75,85.25,15.07,-13.83,0.0
28.75,85.4167,11.94,-17.29,0.0
28.75,85.5833,15.36,-13.85,0.0
28.75,85.75,16.89,-15.71,0.0
28.75,85.9167,16.05,-15.98,0.0
28.75,86.0833,14.54,-16.7,0.0
28.75,86.25,15.59,-15.44,0.0
28.75,86.4167,17.47,-14.57,0.0
28.75,86.5833,13.83,-16.79,0.0
28.75,86.75,16.66,-15.3,0.0
28.75,86.9167,15.31,-16.39,0.0
28.75,87.0833,16.17,-15.89,0.0
28.75,87.25,15.31,-16.89,0.0
28.75,87.4167,9.26,-20.49,0.0
28.75,87.5833,8.78,-20.56,0.0
28.75,87.75,12.11,-18.48,0.0
28.75,87.9167,13.34,-18.06,0.0
28.75,88.0833,10.0,-20.57,0.0
28.75,88.25,9.59,-21.0,0.0
28.75,88.4167,9.48,-20.85,0.0
28.75,88.5833,12.4,-19.56,0.0
28.75,88.75,13.76,-18.67,0.0
28.75,88.9167,13.72,-18.55,0.0
28.75,89.0833,14.43,-18.23,0.0
28.75,89.25,14.53,-18.01,0.0
28.75,89.4167,13.55,-18.72,0.0
28.75,89.5833,14.52,-17.55,0.0
28.75,89.75,12.86,-19.15,0.0
28.75,89.9167,15.48,-17.6,0.0
28.75,90.0833,13.34,-20.0,0.0
28.75,90.25,10.24,-21.34,0.0
28.75,90.4167,14.73,-17.76,0.0
28.75,90.5833,14.75,-16.78,0.0
28.75,90.75,14.84,-17.41,0.0
28.75,90.9167,15.41,-17.64,0.0
28.75,91.0833,14.95,-18.11,0.0
28.75,91.25,14.52,-18.85,0.0
28.75,91.4167,14.14,-19.19,0.0
28.75,91.5833,14.93,-18.57,0.0
28.75,91.75,13.78,-19.5,0.0
28.75,91.9167,10.73,-20.43,0.0
28.75,92.0833,13.71,-18.83,0.0
28.75,92.25,12.31,-19.66,0.0
28.75,92.4167,13.23,-18.97,0.0
28.75,92.5833,11.27,-19.95,0.0
28.75,92.75,11.72,-18.43,0.0
28.75,92.9167,10.22,-19.04,0.0
28.75,93.0833,12.49,-16.77,0.0
28.75,93.25,11.92,-16.83,0.0
28.75,93.4167,12.11,-16.51,0.0
28.75,93.5833,11.64,-16.62,0.0
28.75,93.75,12.94,-14.9,0.0
28.75,93.9167,14.95,-12.07,0.0
28.75,94.0833,16.12,-10.18,0.0
28.75,94.25,22.04,-3.33,0.0
28.75,94.4167,18.27,-6.91,0.0
28.75,94.5833,22.35,-1.47,0.0
28.75,94.75,26.95,3.43,1.95
28.75,94.9167,28.28,4.56,3.28
28.75,95.0833,22.37,-1.81,0.0
28.75,95.25,20.43,-3.89,0.0
28.75,95.4167,18.18,-6.63,0.0
28.75,95.5833,21.61,-3.25,0.0
28.75,95.75,21.06,-3.72,0.0
28.75,95.9167,23.34,-1.87,0.0
28.75,96.0833,18.43,-6.73,0.0
28.75,96.25,18.24,-6.87,0.0
28.75,96.4167,14.49,-11.29,0.0
28.75,96.5833,12.18,-13.91,0.0
28.75,96.75,17.29,-7.82,0.0
28.75,96.9167,14.43,-11.18,0.0
28.5833,68.0833,45.38,6.81,20.0
28.5833,68.25,45.0,6.88,20.0
28.5833,68.4167,44.57,6.7,19.57
28.5833,68.5833,44.76,6.94,19.76
28.5833,68.75,44.81,6.67,19.81
28.5833,68.9167,44.87,6.54,19.87
28.5833,69.0833,44.87,6.41,19.87
28.5833,69.25,44.67,6.23,19.67
28.5833,69.4167,44.32,6.16,19.32
28.5833,69.5833,44.06,6.05,19.06
28.5833,69.75,43.95,5.81,18.95
28.5833,69.9167,43.28,5.7,18.28
28.5833,70.0833,42.47,5.51,17.47
28.5833,70.25,42.4,5.36,17.4
28.5833,70.4167,42.37,5.31,17.37
28.5833,70.5833,42.36,5.32,17.36
28.5833,70.75,42.88,5.22,17.88
28.5833,70.9167,43.27,5.33,18.27
28.5833,71.0833,43.42,5.37,18.42
28.5833,71.25,43.44,5.3,18.44
28.5833,71.4167,43.35,5.29,18.35
28.5833,71.5833,43.19,5.44,18.19
28.5833,71.75,43.09,5.56,18.09
28.5833,71.9167,43.02,5.71,18.02
28.5833,72.0833,42.95,5.77,17.95
28.5833,72.25,42.82,5.72,17.82
28.5833,72.4167,42.76,5.74,17.76
28.5833,72.5833,42.69,5.8,17.69
28.5833,72.75,42.69,5.76,17.69
28.5833,72.9167,42.67,5.7,17.67
28.5833,73.0833,42.58,5.7,17.58
28.5833,73.25,42.49,5.63,17.49
28.5833,73.4167,42.25,5.67,17.25
28.5833,73.5833,42.09,5.63,17.09
28.5833,73.75,42.11,5.78,17.11
28.5833,73.9167,41.95,5.61,16.95
28.5833,74.0833,41.91,5.58,16.91
28.5833,74.25,41.72,5.6,16.72
28.5833,74.4167,41.58,5.59,16.58
28.5833,74.5833,41.52,5.55,16.52
28.5833,74.75,41.43,5.54,16.43
28.5833,74.9167,41.3,5.56,16.3
28.5833,75.0833,41.18,5.59,16.18
28.5833,75.25,41.07,5.58,16.07
28.5833,75.4167,41.0,5.61,16.0
28.5833,75.5833,41.0,5.63,16.0
28.5833,75.75,41.04,5.61,16.04
28.5833,75.9167,41.07,5.69,16.07
28.5833,76.0833,41.15,5.83,16.15
28.5833,76.25,41.24,6.06,16.24
28.5833,76.4167,41.24,6.12,16.24
28.5833,76.5833,41.06,6.23,16.06
28.5833,76.75,41.03,6.26,16.03
28.5833,76.9167,40.98,6.53,15.98
28.5833,77.0833,40.34,7.34,15.34
28.5833,77.25,40.0,7.68,15.0
28.5833,77.4167,40.57,7.36,15.57
28.5833,77.5833,40.62,7.0,15.62
28.5833,77.75,40.41,6.94,15.41
28.5833,77.9167,40.35,7.0,15.35
28.5833,78.0833,40.07,7.17,15.07
28.5833,78.25,40.17,7.16,15.17
28.5833,78.4167,40.34,7.24,15.34
28.5833,78.5833,39.93,7.39,14.93
28.5833,78.75,39.81,7.52,14.81
28.5833,78.9167,39.69,7.71,14.69
28.5833,79.0833,39.75,7.85,14.75
28.5833,79.25,39.68,7.95,14.68
28.5833,79.4167,39.67,8.04,14.67
28.5833,79.5833,39.7,8.15,14.7
28.5833,79.75,39.57,8.33,14.57
28.5833,79.9167,38.95,8.47,13.95
28.5833,80.0833,39.21,8.6,14.21
28.5833,80.25,38.66,8.8,13.66
28.5833,80.4167,38.97,8.77,13.97
28.5833,80.5833,38.35,8.92,13.35
28.5833,80.75,38.75,9.05,13.75
28.5833,80.9167,38.63,9.18,13.63
28.5833,81.0833,38.68,9.28,13.68
28.5833,81.25,37.19,9.21,12.19
28.5833,81.4167,34.78,7.8,9.78
28.5833,81.5833,33.91,6.55,8.91
28.5833,81.75,31.66,5.46,6.66
28.5833,81.9167,30.36,5.0,5.36
28.5833,82.0833,32.64,5.96,7.64
28.5833,82.25,31.27,5.21,6.27
28.5833,82.4167,28.75,3.92,3.75
28.5833,82.5833,26.67,2.71,1.67
28.5833,82.75,24.95,1.33,0.0
28.5833,82.9167,21.05,-1.93,0.0
28.5833,83.0833,17.33,-6.06,0.0
28.5833,83.25,18.47,-3.85,0.0
28.5833,83.4167,18.15,-4.13,0.0
28.5833,83.5833,19.45,-2.63,0.0
28.5833,83.75,12.5,-10.18,0.0
28.5833,83.9167,7.06,-17.16,0.0
28.5833,84.0833,10.66,-13.97,0.0
28.5833,84.25,13.92,-9.87,0.0
28.5833,84.4167,14.1,-9.25,0.0
28.5833,84.5833,8.27,-16.28,0.0
28.5833,84.75,12.45,-12.02,0.0
28.5833,84.9167,11.93,-12.71,0.0
28.5833,85.0833,11.17,-14.07,0.0
28.5833,85.25,12.67,-13.88,0.0
28.5833,85.4167,8.2,-17.75,0.0
28.5833,85.5833,9.65,-19.04,0.0
28.5833,85.75,13.19,-17.86,0.0
28.5833,85.9167,14.26,-17.21,0.0
28.5833,86.0833,14.64,-16.71,0.0
28.5833,86.25,12.67,-18.22,0.0
28.5833,86.4167,15.49,-15.41,0.0
28.5833,86.5833,17.81,-13.72,0.0
28.5833,86.75,16.46,-14.73,0.0
28.5833,86.9167,16.59,-14.67,0.0
28.5833,87.0833,16.95,-14.53,0.0
28.5833,87.25,15.74,-15.19,0.0
28.5833,87.4167,17.19,-14.0,0.0
28.5833,87.5833,16.52,-14.74,0.0
28.5833,87.75,17.5,-14.79,0.0
28.5833,87.9167,17.67,-15.19,0.0
28.5833,88.0833,15.77,-16.62,0.0
28.5833,88.25,13.33,-18.58,0.0
28.5833,88.4167,11.96,-19.65,0.0
28.5833,88.5833,14.05,-19.1,0.0
28.5833,88.75,10.19,-21.05,0.0
28.5833,88.9167,10.11,-20.64,0.0
28.5833,89.0833,13.28,-19.26,0.0
28.5833,89.25,13.63,-19.27,0.0
28.5833,89.4167,13.65,-18.93,0.0
28.5833,89.5833,12.43,-19.28,0.0
28.5833,89.75,12.47,-19.96,0.0
28.5833,89.9167,14.05,-18.96,0.0
28.5833,90.0833,10.61,-21.46,0.0
28.5833,90.25,11.43,-19.69,0.0
28.5833,90.4167,11.4,-18.65,0.0
28.5833,90.5833,11.47,-20.57,0.0
28.5833,90.75,11.27,-20.24,0.0
28.5833,90.9167,11.96,-20.23,0.0
28.5833,91.0833,10.19,-21.59,0.0
28.5833,91.25,9.49,-21.45,0.0
28.5833,91.4167,13.03,-19.92,0.0
28.5833,91.5833,14.09,-19.44,0.0
28.5833,91.75,13.62,-19.05,0.0
28.5833,91.9167,14.93,-18.27,0.0
28.5833,92.0833,14.51,-18.56,0.0
28.5833,92.25,12.89,-19.04,0.0
28.5833,92.4167,14.05,-18.28,0.0
28.5833,92.5833,13.72,-17.44,0.0
28.5833,92.75,14.49,-15.76,0.0
28.5833,92.9167,13.76,-15.78,0.0
28.5833,93.0833,13.62,-14.62,0.0
28.5833,93.25,11.49,-16.24,0.0
28.5833,93.4167,15.41,-11.74,0.0
28.5833,93.5833,15.05,-11.73,0.0
28.5833,93.75,16.51,-9.64,0.0
28.5833,93.9167,16.4,-9.7,0.0
28.5833,94.0833,21.58,-3.74,0.0
28.5833,94.25,21.69,-2.83,0.0
28.5833,94.4167,22.85,-1.34,0.0
28.5833,94.5833,25.8,2.54,0.8
28.5833,94.75,25.61,2.64,0.61
28.5833,94.9167,25.73,2.83,0.73
28.5833,95.0833,27.95,3.98,2.95
28.5833,95.25,24.63,1.07,0.0
28.5833,95.4167,19.9,-4.11,0.0
28.5833,95.5833,22.42,-1.59,0.0
28.5833,95.75,25.38,0.86,0.38
28.5833,95.9167,24.02,-0.96,0.0
28.5833,96.0833,19.21,-5.59,0.0
28.5833,96.25,16.81,-8.2,0.0
28.5833,96.4167,13.41,-12.01,0.0
28.5833,96.5833,13.42,-12.22,0.0
28.5833,96.75,13.1,-12.51,0.0
28.5833,96.9167,18.6,-6.26,0.0
28.4167,68.0833,44.75,6.93,19.75
28.4167,68.25,44.61,6.96,19.61
28.4167,68.4167,44.76,7.28,19.76
28.4167,68.5833,44.52,7.4,19.52
28.4167,68.75,44.2,7.14,19.2
28.4167,68.9167,44.08,6.71,19.08
28.4167,69.0833,43.76,6.6,18.76
28.4167,69.25,43.84,6.35,18.84
28.4167,69.4167,43.79,6.15,18.79
28.4167,69.5833,43.64,6.02,18.64
28.4167,69.75,42.97,5.98,17.97
28.4167,69.9167,42.86,5.43,17.86
28.4167,70.0833,42.95,5.44,17.95
28.4167,70.25,43.13,5.61,18.13
28.4167,70.4167,43.15,5.48,18.15
28.4167,70.5833,43.62,5.27,18.62
28.4167,70.75,43.88,5.28,18.88
28.4167,70.9167,43.8,5.31,18.8
28.4167,71.0833,43.61,5.33,18.61
28.4167,71.25,43.51,5.44,18.51
28.4167,71.4167,43.35,5.54,18.35
28.4167,71.5833,43.16,5.73,18.16
28.4167,71.75,43.1,5.84,18.1
28.4167,71.9167,43.01,5.87,18.01
28.4167,72.0833,42.9,5.81,17.9
28.4167,72.25,42.84,5.89,17.84
28.4167,72.4167,42.8,5.91,17.8
28.4167,72.5833,42.73,5.92,17.73
28.4167,72.75,42.63,5.86,17.63
28.4167,72.9167,42.59,5.79,17.59
28.4167,73.0833,42.53,5.81,17.53
28.4167,73.25,42.42,5.76,17.42
28.4167,73.4167,42.25,5.8,17.25
28.4167,73.5833,42.07,5.85,17.07
28.4167,73.75,42.05,5.78,17.05
28.4167,73.9167,41.95,5.69,16.95
28.4167,74.0833,41.76,5.67,16.76
28.4167,74.25,41.54,5.67,16.54
28.4167,74.4167,41.3,5.69,16.3
28.4167,74.5833,41.24,5.62,16.24
28.4167,74.75,41.17,5.58,16.17
28.4167,74.9167,41.07,5.61,16.07
28.4167,75.0833,40.98,5.6,15.98
28.4167,75.25,40.92,5.61,15.92
28.4167,75.4167,40.94,5.6,15.94
28.4167,75.5833,40.98,5.57,15.98
28.4167,75.75,41.01,5.54,16.01
28.4167,75.9167,40.96,5.61,15.96
28.4167,76.0833,41.05,5.96,16.05
28.4167,76.25,41.32,5.9,16.32
28.4167,76.4167,41.32,6.02,16.32
28.4167,76.5833,41.41,6.13,16.41
28.4167,76.75,41.32,6.16,16.32
28.4167,76.9167,41.15,6.34,16.15
28.4167,77.0833,40.63,6.79,15.63
28.4167,77.25,40.54,7.24,15.54
28.4167,77.4167,40.85,7.0,15.85
28.4167,77.5833,40.9,6.91,15.9
28.4167,77.75,40.69,6.99,15.69
28.4167,77.9167,40.58,7.15,15.58
28.4167,78.0833,40.51,7.11,15.51
28.4167,78.25,40.32,7.22,15.32
28.4167,78.4167,40.55,7.23,15.55
28.4167,78.5833,40.6,7.37,15.6
28.4167,78.75,40.21,7.51,15.21
28.4167,78.9167,40.15,7.6,15.15
28.4167,79.0833,40.18,7.66,15.18
28.4167,79.25,40.05,7.76,15.05
28.4167,79.4167,40.0,8.08,15.0
28.4167,79.5833,39.95,8.01,14.95
28.4167,79.75,39.79,8.18,14.79
28.4167,79.9167,39.22,8.37,14.22
28.4167,80.0833,39.13,8.48,14.13
28.4167,80.25,39.28,8.55,14.28
28.4167,80.4167,38.59,8.69,13.59
28.4167,80.5833,38.86,8.68,13.86
28.4167,80.75,38.11,8.83,13.11
28.4167,80.9167,38.39,8.99,13.39
28.4167,81.0833,38.17,8.94,13.17
28.4167,81.25,37.9,9.0,12.9
28.4167,81.4167,37.07,8.79,12.07
28.4167,81.5833,34.93,7.59,9.93
28.4167,81.75,34.26,6.82,9.26
28.4167,81.9167,32.07,5.85,7.07
28.4167,82.0833,29.86,4.67,4.86
28.4167,82.25,29.47,4.16,4.47
28.4167,82.4167,26.55,2.5,1.55
28.4167,82.5833,26.87,2.65,1.87
28.4167,82.75,24.65,1.52,0.0
28.4167,82.9167,22.75,0.34,0.0
28.4167,83.0833,24.06,1.0,0.0
28.4167,83.25,23.72,1.14,0.0
28.4167,83.4167,25.47,2.34,0.47
28.4167,83.5833,26.26,2.75,1.26
28.4167,83.75,20.56,-0.89,0.0
28.4167,83.9167,19.96,-1.54,0.0
28.4167,84.0833,18.22,-3.07,0.0
28.4167,84.25,14.97,-6.5,0.0
28.4167,84.4167,19.79,-1.95,0.0
28.4167,84.5833,10.1,-12.69,0.0
28.4167,84.75,10.59,-11.94,0.0
28.4167,84.9167,19.08,-3.15,0.0
28.4167,85.0833,9.3,-14.3,0.0
28.4167,85.25,13.19,-10.09,0.0
28.4167,85.4167,15.06,-8.45,0.0
28.4167,85.5833,7.35,-17.91,0.0
28.4167,85.75,3.92,-22.52,0.0
28.4167,85.9167,10.88,-17.81,0.0
28.4167,86.0833,13.92,-15.85,0.0
28.4167,86.25,9.81,-19.34,0.0
28.4167,86.4167,8.69,-19.69,0.0
28.4167,86.5833,14.56,-15.89,0.0
28.4167,86.75,13.51,-16.61,0.0
28.4167,86.9167,15.82,-14.68,0.0
28.4167,87.0833,15.78,-14.43,0.0
28.4167,87.25,12.87,-16.72,0.0
28.4167,87.4167,13.75,-16.26,0.0
28.4167,87.5833,15.95,-14.53,0.0
28.4167,87.75,15.63,-14.88,0.0
28.4167,87.9167,16.19,-15.49,0.0
28.4167,88.0833,15.13,-16.53,0.0
28.4167,88.25,16.2,-15.75,0.0
28.4167,88.4167,16.94,-17.2,0.0
28.4167,88.5833,15.74,-18.22,0.0
28.4167,88.75,12.86,-20.18,0.0
28.4167,88.9167,11.05,-20.82,0.0
28.4167,89.0833,13.14,-19.43,0.0
28.4167,89.25,13.42,-19.33,0.0
28.4167,89.4167,13.17,-19.28,0.0
28.4167,89.5833,12.68,-19.08,0.0
28.4167,89.75,12.3,-20.5,0.0
28.4167,89.9167,13.9,-19.27,0.0
28.4167,90.0833,8.43,-22.95,0.0
28.4167,90.25,10.67,-21.97,0.0
28.4167,90.4167,11.5,-20.83,0.0
28.4167,90.5833,11.61,-20.16,0.0
28.4167,90.75,12.59,-18.32,0.0
28.4167,90.9167,14.39,-16.75,0.0
28.4167,91.0833,8.71,-21.2,0.0
28.4167,91.25,11.47,-18.9,0.0
28.4167,91.4167,15.02,-17.07,0.0
28.4167,91.5833,12.39,-19.71,0.0
28.4167,91.75,13.88,-18.86,0.0
28.4167,91.9167,11.89,-19.92,0.0
28.4167,92.0833,14.81,-17.45,0.0
28.4167,92.25,16.8,-15.86,0.0
28.4167,92.4167,17.24,-15.18,0.0
28.4167,92.5833,15.91,-15.79,0.0
28.4167,92.75,12.68,-17.07,0.0
28.4167,92.9167,14.02,-14.25,0.0
28.4167,93.0833,15.68,-11.6,0.0
28.4167,93.25,16.41,-10.36,0.0
28.4167,93.4167,19.97,-5.77,0.0
28.4167,93.5833,20.29,-5.12,0.0
28.4167,93.75,24.29,-0.22,0.0
28.4167,93.9167,24.29,0.55,0.0
28.4167,94.0833,23.04,-0.55,0.0
28.4167,94.25,18.88,-5.37,0.0
28.4167,94.4167,20.88,-2.56,0.0
28.4167,94.5833,26.12,3.48,1.12
28.4167,94.75,27.93,5.13,2.93
28.4167,94.9167,27.76,5.07,2.76
28.4167,95.0833,28.2,5.32,3.2
28.4167,95.25,26.88,3.93,1.88
28.4167,95.4167,24.61,1.84,0.0
28.4167,95.5833,24.93,2.13,0.0
28.4167,95.75,26.59,3.49,1.59
28.4167,95.9167,24.9,0.83,0.0
28.4167,96.0833,19.49,-4.57,0.0
28.4167,96.25,17.59,-7.01,0.0
28.4167,96.4167,14.51,-10.35,0.0
28.4167,96.5833,17.77,-6.49,0.0
28.4167,96.75,15.75,-9.4,0.0
28.4167,96.9167,15.0,-10.08,0.0
28.25,68.0833,44.93,7.08,19.93
28.25,68.25,44.84,7.24,19.84
28.25,68.4167,45.02,7.39,20.0
28.25,68.5833,44.83,7.34,19.83
28.25,68.75,44.66,7.19,19.66
28.25,68.9167,44.24,6.95,19.24
28.25,69.0833,43.99,6.9,18.99
28.25,69.25,43.78,6.72,18.78
28.25,69.4167,43.52,6.15,18.52
28.25,69.5833,43.61,5.85,18.61
28.25,69.75,43.25,5.88,18.25
28.25,69.9167,43.36,5.5,18.36
28.25,70.0833,43.72,5.59,18.72
28.25,70.25,43.56,5.57,18.56
28.25,70.4167,43.89,5.42,18.89
28.25,70.5833,44.16,5.32,19.16
28.25,70.75,44.01,5.32,19.01
28.25,70.9167,43.71,5.42,18.71
28.25,71.0833,43.52,5.59,18.52
28.25,71.25,43.44,5.79,18.44
28.25,71.4167,43.25,5.78,18.25
28.25,71.5833,43.13,5.78,18.13
28.25,71.75,43.08,5.95,18.08
28.25,71.9167,43.02,5.96,18.02
28.25,72.0833,42.92,6.01,17.92
28.25,72.25,42.81,6.03,17.81
28.25,72.4167,42.79,6.0,17.79
28.25,72.5833,42.7,5.91,17.7
28.25,72.75,42.51,5.96,17.51
28.25,72.9167,42.53,5.93,17.53
28.25,73.0833,42.54,5.96,17.54
28.25,73.25,42.43,5.9,17.43
28.25,73.4167,42.24,5.95,17.24
28.25,73.5833,42.13,5.82,17.13
28.25,73.75,41.96,5.78,16.96
28.25,73.9167,41.82,5.74,16.82
28.25,74.0833,41.59,5.67,16.59
28.25,74.25,41.41,5.72,16.41
28.25,74.4167,41.22,5.63,16.22
28.25,74.5833,41.14,5.59,16.14
28.25,74.75,41.05,5.6,16.05
28.25,74.9167,40.94,5.68,15.94
28.25,75.0833,40.87,5.68,15.87
28.25,75.25,40.84,5.66,15.84
28.25,75.4167,40.83,5.56,15.83
28.25,75.5833,40.82,5.49,15.82
28.25,75.75,40.99,5.54,15.99
28.25,75.9167,41.08,5.58,16.08
28.25,76.0833,41.16,5.82,16.16
28.25,76.25,41.31,5.73,16.31
28.25,76.4167,41.31,6.03,16.31
28.25,76.5833,41.35,6.22,16.35
28.25,76.75,41.2,6.12,16.2
28.25,76.9167,40.92,6.3,15.92
28.25,77.0833,41.03,6.7,16.03
28.25,77.25,41.28,6.74,16.28
28.25,77.4167,41.01,6.87,16.01
28.25,77.5833,41.1,6.89,16.1
28.25,77.75,40.99,6.93,15.99
28.25,77.9167,40.79,7.12,15.79
28.25,78.0833,40.86,7.15,15.86
28.25,78.25,40.64,7.26,15.64
28.25,78.4167,40.57,7.34,15.57
28.25,78.5833,40.89,7.31,15.89
28.25,78.75,40.6,7.46,15.6
28.25,78.9167,40.4,7.48,15.4
28.25,79.0833,40.31,7.57,15.31
28.25,79.25,40.33,7.74,15.33
28.25,79.4167,40.25,7.79,15.25
28.25,79.5833,40.11,7.93,15.11
28.25,79.75,39.98,8.15,14.98
28.25,79.9167,39.79,8.25,14.79
28.25,80.0833,39.47,8.31,14.47
28.25,80.25,39.37,8.43,14.37
28.25,80.4167,38.51,8.68,13.51
28.25,80.5833,39.08,8.71,14.08
28.25,80.75,38.97,8.68,13.97
28.25,80.9167,38.85,8.72,13.85
28.25,81.0833,38.17,8.9,13.17
28.25,81.25,37.82,8.72,12.82
28.25,81.4167,38.22,8.54,13.22
28.25,81.5833,38.03,8.51,13.03
28.25,81.75,36.66,8.13,11.66
28.25,81.9167,34.53,7.12,9.53
28.25,82.0833,32.45,5.84,7.45
28.25,82.25,30.55,4.87,5.55
28.25,82.4167,28.81,3.79,3.81
28.25,82.5833,28.87,3.72,3.87
28.25,82.75,28.85,3.52,3.85
28.25,82.9167,26.49,2.33,1.49
28.25,83.0833,26.22,2.19,1.22
28.25,83.25,26.66,2.64,1.66
28.25,83.4167,25.16,2.03,0.16
28.25,83.5833,27.74,3.48,2.74
28.25,83.75,27.81,3.81,2.81
28.25,83.9167,29.29,5.06,4.29
28.25,84.0833,28.58,5.07,3.58
28.25,84.25,28.18,4.9,3.18
28.25,84.4167,27.74,4.42,2.74
28.25,84.5833,22.03,0.18,0.0
28.25,84.75,20.45,-1.01,0.0
28.25,84.9167,22.15,0.29,0.0
28.25,85.0833,16.12,-6.07,0.0
28.25,85.25,15.11,-7.14,0.0
28.25,85.4167,17.14,-5.44,0.0
28.25,85.5833,9.36,-15.45,0.0
28.25,85.75,6.61,-18.83,0.0
28.25,85.9167,11.0,-16.24,0.0
28.25,86.0833,10.92,-16.41,0.0
28.25,86.25,6.77,-19.75,0.0
28.25,86.4167,6.53,-20.16,0.0
28.25,86.5833,8.87,-19.39,0.0
28.25,86.75,8.3,-19.92,0.0
28.25,86.9167,11.79,-17.43,0.0
28.25,87.0833,10.43,-18.25,0.0
28.25,87.25,11.77,-16.47,0.0
28.25,87.4167,13.38,-14.71,0.0
28.25,87.5833,7.46,-20.3,0.0
28.25,87.75,14.25,-15.35,0.0
28.25,87.9167,15.25,-15.52,0.0
28.25,88.0833,16.36,-15.42,0.0
28.25,88.25,16.89,-16.15,0.0
28.25,88.4167,16.54,-16.99,0.0
28.25,88.5833,14.31,-18.74,0.0
28.25,88.75,13.77,-19.4,0.0
28.25,88.9167,12.84,-20.03,0.0
28.25,89.0833,13.82,-18.89,0.0
28.25,89.25,14.21,-18.35,0.0
28.25,89.4167,15.07,-17.82,0.0
28.25,89.5833,13.09,-18.44,0.0
28.25,89.75,10.01,-20.54,0.0
28.25,89.9167,8.64,-21.67,0.0
28.25,90.0833,7.85,-22.82,0.0
28.25,90.25,5.75,-24.42,0.0
28.25,90.4167,8.44,-21.99,0.0
28.25,90.5833,6.39,-22.79,0.0
28.25,90.75,10.09,-18.75,0.0
28.25,90.9167,14.03,-15.24,0.0
28.25,91.0833,13.2,-16.02,0.0
28.25,91.25,15.15,-14.8,0.0
28.25,91.4167,10.81,-19.29,0.0
28.25,91.5833,10.1,-20.38,0.0
28.25,91.75,13.13,-18.05,0.0
28.25,91.9167,11.19,-19.9,0.0
28.25,92.0833,11.01,-20.09,0.0
28.25,92.25,13.8,-17.64,0.0
28.25,92.4167,16.68,-15.23,0.0
28.25,92.5833,16.25,-15.26,0.0
28.25,92.75,12.63,-16.48,0.0
28.25,92.9167,12.49,-15.21,0.0
28.25,93.0833,16.33,-9.91,0.0
28.25,93.25,19.4,-5.86,0.0
28.25,93.4167,18.63,-6.5,0.0
28.25,93.5833,21.65,-2.44,0.0
28.25,93.75,21.75,-1.94,0.0
28.25,93.9167,23.25,0.1,0.0
28.25,94.0833,26.8,4.06,1.8
28.25,94.25,24.79,2.03,0.0
28.25,94.4167,21.88,-0.7,0.0
28.25,94.5833,28.46,5.76,3.46
28.25,94.75,30.22,7.28,5.22
28.25,94.9167,29.49,6.9,4.49
28.25,95.0833,27.86,5.5,2.86
28.25,95.25,27.34,5.02,2.34
28.25,95.4167,26.92,4.92,1.92
28.25,95.5833,30.18,7.49,5.18
28.25,95.75,29.93,7.13,4.93
28.25,95.9167,23.84,0.61,0.0
28.25,96.0833,23.61,-0.25,0.0
28.25,96.25,18.48,-5.45,0.0
28.25,96.4167,18.81,-5.21,0.0
28.25,96.5833,22.03,-1.85,0.0
28.25,96.75,16.96,-7.56,0.0
28.25,96.9167,15.32,-9.29,0.0
28.0833,68.0833,44.96,7.32,19.96
28.0833,68.25,44.8,7.24,19.8
28.0833,68.4167,44.65,7.09,19.65
28.0833,68.5833,44.69,7.03,19.69
28.0833,68.75,44.59,7.09,19.59
28.0833,68.9167,44.1,6.99,19.1
28.0833,69.0833,43.4,6.83,18.4
28.0833,69.25,43.36,6.48,18.36
28.0833,69.4167,43.47,6.18,18.47
28.0833,69.5833,43.51,6.16,18.51
28.0833,69.75,43.46,6.03,18.46
28.0833,69.9167,43.92,5.55,18.92
28.0833,70.0833,44.25,5.38,19.25
28.0833,70.25,43.88,5.85,18.88
28.0833,70.4167,44.22,5.51,19.22
28.0833,70.5833,44.03,5.49,19.03
28.0833,70.75,43.77,5.63,18.77
28.0833,70.9167,43.54,5.78,18.54
28.0833,71.0833,43.35,5.92,18.35
28.0833,71.25,43.26,6.02,18.26
28.0833,71.4167,43.21,6.05,18.21
28.0833,71.5833,43.16,5.95,18.16
28.0833,71.75,43.08,6.11,18.08
28.0833,71.9167,42.95,6.09,17.95
28.0833,72.0833,42.85,6.04,17.85
28.0833,72.25,42.8,6.05,17.8
28.0833,72.4167,42.74,6.02,17.74
28.0833,72.5833,42.55,6.11,17.55
28.0833,72.75,42.46,6.12,17.46
28.0833,72.9167,42.33,6.13,17.33
28.0833,73.0833,42.25,6.17,17.25
28.0833,73.25,42.13,6.31,17.13
28.0833,73.4167,42.04,6.2,17.04
28.0833,73.5833,41.96,5.92,16.96
28.0833,73.75,41.78,5.87,16.78
28.0833,73.9167,41.61,5.79,16.61
28.0833,74.0833,41.44,5.7,16.44
28.0833,74.25,41.25,5.7,16.25
28.0833,74.4167,41.12,5.65,16.12
28.0833,74.5833,41.03,5.64,16.03
28.0833,74.75,40.97,5.58,15.97
28.0833,74.9167,40.85,5.69,15.85
28.0833,75.0833,40.72,5.66,15.72
28.0833,75.25,40.75,5.6,15.75
28.0833,75.4167,40.62,5.6,15.62
28.0833,75.5833,40.67,5.45,15.67
28.0833,75.75,40.43,5.83,15.43
28.0833,75.9167,40.81,5.83,15.81
28.0833,76.0833,41.1,5.86,16.1
28.0833,76.25,41.21,5.79,16.21
28.0833,76.4167,41.21,6.08,16.21
28.0833,76.5833,41.17,6.14,16.17
28.0833,76.75,41.36,6.0,16.36
28.0833,76.9167,40.93,6.46,15.93
28.0833,77.0833,41.33,6.78,16.33
28.0833,77.25,41.26,6.8,16.26
28.0833,77.4167,41.1,6.91,16.1
28.0833,77.5833,41.26,6.93,16.26
28.0833,77.75,41.16,6.98,16.16
28.0833,77.9167,41.24,7.08,16.24
28.0833,78.0833,41.0,7.17,16.0
28.0833,78.25,40.87,7.26,15.87
28.0833,78.4167,40.83,7.29,15.83
28.0833,78.5833,40.81,7.24,15.81
28.0833,78.75,40.95,7.33,15.95
28.0833,78.9167,40.87,7.47,15.87
28.0833,79.0833,40.54,7.49,15.54
28.0833,79.25,40.5,7.66,15.5
28.0833,79.4167,40.54,7.8,15.54
28.0833,79.5833,40.49,7.9,15.49
28.0833,79.75,40.26,8.07,15.26
28.0833,79.9167,40.14,8.17,15.14
28.0833,80.0833,39.82,8.29,14.82
28.0833,80.25,39.65,8.32,14.65
28.0833,80.4167,39.27,8.53,14.27
28.0833,80.5833,39.28,8.65,14.28
28.0833,80.75,39.24,8.73,14.24
28.0833,80.9167,38.92,8.73,13.92
28.0833,81.0833,38.82,8.58,13.82
28.0833,81.25,38.29,8.55,13.29
28.0833,81.4167,38.45,8.49,13.45
28.0833,81.5833,38.78,8.42,13.78
28.0833,81.75,38.14,8.41,13.14
28.0833,81.9167,37.03,8.13,12.03
28.0833,82.0833,34.97,6.94,9.97
28.0833,82.25,34.76,6.16,9.76
28.0833,82.4167,33.25,5.71,8.25
28.0833,82.5833,29.79,4.23,4.79
28.0833,82.75,31.01,4.8,6.01
28.0833,82.9167,30.18,4.19,5.18
28.0833,83.0833,28.32,2.96,3.32
28.0833,83.25,29.14,3.66,4.14
28.0833,83.4167,27.92,3.34,2.92
28.0833,83.5833,28.86,4.29,3.86
28.0833,83.75,28.82,4.45,3.82
28.0833,83.9167,30.05,5.79,5.05
28.0833,84.0833,31.84,7.31,6.84
28.0833,84.25,32.12,7.65,7.12
28.0833,84.4167,31.62,7.13,6.62
28.0833,84.5833,30.42,6.3,5.42
28.0833,84.75,29.33,5.6,4.33
28.0833,84.9167,27.45,4.27,2.45
28.0833,85.0833,22.55,0.56,0.0
28.0833,85.25,22.84,0.84,0.0
28.0833,85.4167,15.55,-6.6,0.0
28.0833,85.5833,13.52,-8.76,0.0
28.0833,85.75,12.85,-9.57,0.0
28.0833,85.9167,11.43,-12.24,0.0
28.0833,86.0833,10.86,-13.72,0.0
28.0833,86.25,11.14,-13.53,0.0
28.0833,86.4167,11.3,-14.87,0.0
28.0833,86.5833,5.21,-20.5,0.0
28.0833,86.75,3.18,-22.93,0.0
28.0833,86.9167,3.46,-23.41,0.0
28.0833,87.0833,5.66,-20.4,0.0
28.0833,87.25,11.15,-15.55,0.0
28.0833,87.4167,11.99,-14.12,0.0
28.0833,87.5833,8.32,-18.25,0.0
28.0833,87.75,11.93,-18.09,0.0
28.0833,87.9167,10.61,-19.23,0.0
28.0833,88.0833,11.39,-19.05,0.0
28.0833,88.25,12.74,-18.95,0.0
28.0833,88.4167,11.22,-19.82,0.0
28.0833,88.5833,10.19,-20.57,0.0
28.0833,88.75,10.99,-20.96,0.0
28.0833,88.9167,11.0,-20.67,0.0
28.0833,89.0833,11.96,-19.94,0.0
28.0833,89.25,12.8,-18.46,0.0
28.0833,89.4167,12.56,-17.92,0.0
28.0833,89.5833,9.24,-18.35,0.0
28.0833,89.75,11.0,-16.26,0.0
28.0833,89.9167,7.75,-19.25,0.0
28.0833,90.0833,9.27,-18.18,0.0
28.0833,90.25,7.49,-20.63,0.0
28.0833,90.4167,5.11,-23.17,0.0
28.0833,90.5833,7.27,-21.17,0.0
28.0833,90.75,8.23,-20.18,0.0
28.0833,90.9167,10.0,-17.7,0.0
28.0833,91.0833,16.22,-11.44,0.0
28.0833,91.25,11.89,-16.21,0.0
28.0833,91.4167,9.14,-19.66,0.0
28.0833,91.5833,9.39,-19.57,0.0
28.0833,91.75,12.37,-16.96,0.0
28.0833,91.9167,12.26,-18.76,0.0
28.0833,92.0833,11.97,-18.92,0.0
28.0833,92.25,12.1,-18.81,0.0
28.0833,92.4167,13.91,-17.06,0.0
28.0833,92.5833,7.89,-21.35,0.0
28.0833,92.75,8.3,-19.0,0.0
28.0833,92.9167,12.85,-13.74,0.0
28.0833,93.0833,17.74,-7.45,0.0
28.0833,93.25,24.28,0.53,0.0
28.0833,93.4167,26.55,3.33,1.55
28.0833,93.5833,27.22,4.46,2.22
28.0833,93.75,26.89,4.23,1.89
28.0833,93.9167,24.94,2.5,0.0
28.0833,94.0833,28.32,5.8,3.32
28.0833,94.25,27.69,5.26,2.69
28.0833,94.4167,27.42,4.99,2.42
28.0833,94.5833,29.08,6.38,4.08
28.0833,94.75,29.65,6.91,4.65
28.0833,94.9167,28.07,5.97,3.07
28.0833,95.0833,27.88,5.86,2.88
28.0833,95.25,29.59,7.56,4.59
28.0833,95.4167,31.76,8.55,6.76
28.0833,95.5833,31.82,8.38,6.82
28.0833,95.75,31.89,8.23,6.89
28.0833,95.9167,29.66,5.42,4.66
28.0833,96.0833,27.75,2.75,2.75
28.0833,96.25,24.69,0.87,0.0
28.0833,96.4167,23.4,-0.26,0.0
28.0833,96.5833,25.13,1.05,0.13
28.0833,96.75,18.62,-5.22,0.0
28.0833,96.9167,17.82,-6.11,0.0
27.9167,68.0833,44.54,7.25,19.54
27.9167,68.25,44.35,7.04,19.35
27.9167,68.4167,44.29,7.01,19.29
27.9167,68.5833,44.47,7.08,19.47
27.9167,68.75,44.37,7.11,19.37
27.9167,68.9167,43.71,6.97,18.71
27.9167,69.0833,43.62,6.78,18.62
27.9167,69.25,43.57,6.57,18.57
27.9167,69.4167,43.7,6.47,18.7
27.9167,69.5833,43.68,6.22,18.68
27.9167,69.75,44.0,5.88,19.0
27.9167,69.9167,44.39,5.56,19.39
27.9167,70.0833,44.37,5.64,19.37
27.9167,70.25,44.23,5.64,19.23
27.9167,70.4167,44.05,5.76,19.05
27.9167,70.5833,43.76,5.84,18.76
27.9167,70.75,43.53,5.92,18.53
27.9167,70.9167,43.47,6.02,18.47
27.9167,71.0833,43.43,6.1,18.43
27.9167,71.25,43.29,6.15,18.29
27.9167,71.4167,43.15,6.16,18.15
27.9167,71.5833,43.09,6.15,18.09
27.9167,71.75,43.03,6.31,18.03
27.9167,71.9167,42.92,6.23,17.92
27.9167,72.0833,42.85,6.22,17.85
27.9167,72.25,42.75,6.16,17.75
27.9167,72.4167,42.61,6.22,17.61
27.9167,72.5833,42.52,6.14,17.52
27.9167,72.75,42.23,6.18,17.23
27.9167,72.9167,41.81,6.45,16.81
27.9167,73.0833,41.89,6.25,16.89
27.9167,73.25,41.95,6.25,16.95
27.9167,73.4167,41.83,6.11,16.83
27.9167,73.5833,41.65,5.94,16.65
27.9167,73.75,41.45,5.87,16.45
27.9167,73.9167,41.32,5.79,16.32
27.9167,74.0833,41.22,5.72,16.22
27.9167,74.25,41.17,5.76,16.17
27.9167,74.4167,41.08,5.75,16.08
27.9167,74.5833,40.98,5.72,15.98
27.9167,74.75,40.87,5.67,15.87
27.9167,74.9167,40.94,5.81,15.94
27.9167,75.0833,40.7,5.7,15.7
27.9167,75.25,40.46,5.56,15.46
27.9167,75.4167,40.43,5.42,15.43
27.9167,75.5833,40.29,5.64,15.29
27.9167,75.75,39.73,5.93,14.73
27.9167,75.9167,40.43,6.06,15.43
27.9167,76.0833,40.92,5.94,15.92
27.9167,76.25,40.98,6.02,15.98
27.9167,76.4167,41.14,6.01,16.14
27.9167,76.5833,41.2,6.15,16.2
27.9167,76.75,41.32,6.16,16.32
27.9167,76.9167,41.15,6.47,16.15
27.9167,77.0833,41.59,6.78,16.59
27.9167,77.25,41.52,6.81,16.52
27.9167,77.4167,41.39,6.9,16.39
27.9167,77.5833,41.45,6.89,16.45
27.9167,77.75,41.29,6.98,16.29
27.9167,77.9167,41.26,7.07,16.26
27.9167,78.0833,41.24,7.35,16.24
27.9167,78.25,41.11,7.29,16.11
27.9167,78.4167,41.35,7.24,16.35
27.9167,78.5833,41.25,7.31,16.25
27.9167,78.75,41.07,7.25,16.07
27.9167,78.9167,41.19,7.31,16.19
27.9167,79.0833,41.07,7.44,16.07
27.9167,79.25,41.07,7.62,16.07
27.9167,79.4167,40.99,7.82,15.99
27.9167,79.5833,40.81,7.96,15.81
27.9167,79.75,40.53,8.06,15.53
27.9167,79.9167,40.36,8.24,15.36
27.9167,80.0833,40.17,8.29,15.17
27.9167,80.25,39.91,8.29,14.91
27.9167,80.4167,39.81,8.46,14.81
27.9167,80.5833,39.55,8.61,14.55
27.9167,80.75,39.4,8.75,14.4
27.9167,80.9167,39.23,8.72,14.23
27.9167,81.0833,39.04,8.52,14.04
27.9167,81.25,38.96,8.53,13.96
27.9167,81.4167,38.89,8.45,13.89
27.9167,81.5833,39.1,8.42,14.1
27.9167,81.75,38.66,8.35,13.66
27.9167,81.9167,37.88,8.09,12.88
27.9167,82.0833,36.74,7.84,11.74
27.9167,82.25,35.74,7.4,10.74
27.9167,82.4167,35.49,6.81,10.49
27.9167,82.5833,34.47,6.62,9.47
27.9167,82.75,33.06,6.25,8.06
27.9167,82.9167,32.57,6.07,7.57
27.9167,83.0833,29.99,4.3,4.99
27.9167,83.25,29.98,4.2,4.98
27.9167,83.4167,30.0,4.43,5.0
27.9167,83.5833,31.01,5.44,6.01
27.9167,83.75,31.3,6.04,6.3
27.9167,83.9167,32.09,7.07,7.09
27.9167,84.0833,32.88,7.79,7.88
27.9167,84.25,32.62,7.85,7.62
27.9167,84.4167,31.73,7.37,6.73
27.9167,84.5833,31.74,7.32,6.74
27.9167,84.75,31.4,6.95,6.4
27.9167,84.9167,30.37,6.18,5.37
27.9167,85.0833,29.91,5.8,4.91
27.9167,85.25,29.75,5.68,4.75
27.9167,85.4167,25.14,2.58,0.14
27.9167,85.5833,25.01,2.68,0.01
27.9167,85.75,22.11,0.66,0.0
27.9167,85.9167,20.44,-0.94,0.0
27.9167,86.0833,14.45,-7.28,0.0
27.9167,86.25,16.23,-5.74,0.0
27.9167,86.4167,8.16,-16.22,0.0
27.9167,86.5833,7.57,-17.29,0.0
27.9167,86.75,9.59,-15.35,0.0
27.9167,86.9167,4.19,-21.39,0.0
27.9167,87.0833,4.75,-20.68,0.0
27.9167,87.25,11.6,-12.95,0.0
27.9167,87.4167,15.97,-7.4,0.0
27.9167,87.5833,9.98,-15.53,0.0
27.9167,87.75,7.65,-19.11,0.0
27.9167,87.9167,5.84,-20.99,0.0
27.9167,88.0833,3.22,-23.74,0.0
27.9167,88.25,5.96,-21.3,0.0
27.9167,88.4167,8.7,-18.59,0.0
27.9167,88.5833,8.74,-18.04,0.0
27.9167,88.75,6.9,-20.17,0.0
27.9167,88.9167,7.06,-21.02,0.0
27.9167,89.0833,11.86,-18.92,0.0
27.9167,89.25,11.59,-18.71,0.0
27.9167,89.4167,11.02,-17.49,0.0
27.9167,89.5833,11.76,-14.83,0.0
27.9167,89.75,15.53,-10.27,0.0
27.9167,89.9167,9.6,-16.86,0.0
27.9167,90.0833,13.03,-13.2,0.0
27.9167,90.25,7.2,-20.06,0.0
27.9167,90.4167,8.32,-18.5,0.0
27.9167,90.5833,9.22,-17.71,0.0
27.9167,90.75,9.8,-17.09,0.0
27.9167,90.9167,11.71,-14.96,0.0
27.9167,91.0833,18.19,-6.81,0.0
27.9167,91.25,13.2,-12.85,0.0
27.9167,91.4167,11.96,-14.62,0.0
27.9167,91.5833,10.05,-17.03,0.0
27.9167,91.75,13.96,-12.89,0.0
27.9167,91.9167,12.75,-16.74,0.0
27.9167,92.0833,10.86,-18.34,0.0
27.9167,92.25,9.0,-20.16,0.0
27.9167,92.4167,9.11,-20.08,0.0
27.9167,92.5833,7.85,-19.83,0.0
27.9167,92.75,11.55,-14.83,0.0
27.9167,92.9167,17.44,-7.4,0.0
27.9167,93.0833,23.06,-0.35,0.0
27.9167,93.25,24.08,0.99,0.0
27.9167,93.4167,25.32,2.54,0.32
27.9167,93.5833,26.56,4.14,1.56
27.9167,93.75,25.56,3.36,0.56
27.9167,93.9167,26.96,4.74,1.96
27.9167,94.0833,25.8,3.86,0.8
27.9167,94.25,29.37,7.0,4.37
27.9167,94.4167,28.97,6.79,3.97
27.9167,94.5833,28.11,5.99,3.11
27.9167,94.75,28.62,6.44,3.62
27.9167,94.9167,29.78,7.71,4.78
27.9167,95.0833,30.45,8.41,5.45
27.9167,95.25,31.78,8.86,6.78
27.9167,95.4167,31.82,8.78,6.82
27.9167,95.5833,31.86,8.58,6.86
27.9167,95.75,31.9,8.51,6.9
27.9167,95.9167,31.65,8.03,6.65
27.9167,96.0833,31.4,7.09,6.4
27.9167,96.25,29.96,6.32,4.96
27.9167,96.4167,26.79,4.05,1.79
27.9167,96.5833,22.85,-0.17,0.0
27.9167,96.75,22.4,-0.89,0.0
27.9167,96.9167,22.16,-1.24,0.0
27.75,68.0833,44.81,6.91,19.81
27.75,68.25,44.64,6.85,19.64
27.75,68.4167,44.21,6.83,19.21
27.75,68.5833,44.14,6.71,19.14
27.75,68.75,43.82,7.02,18.82
27.75,68.9167,43.44,7.29,18.44
27.75,69.0833,43.81,6.97,18.81
27.75,69.25,43.94,6.72,18.94
27.75,69.4167,44.14,6.47,19.14
27.75,69.5833,44.1,6.17,19.1
27.75,69.75,44.58,5.76,19.58
27.75,69.9167,44.58,5.72,19.58
27.75,70.0833,44.32,5.84,19.32
27.75,70.25,44.01,5.89,19.01
27.75,70.4167,43.77,5.95,18.77
27.75,70.5833,43.48,6.01,18.48
27.75,70.75,43.41,6.08,18.41
27.75,70.9167,43.38,6.19,18.38
27.75,71.0833,43.32,6.26,18.32
27.75,71.25,43.16,6.28,18.16
27.75,71.4167,43.17,6.4,18.17
27.75,71.5833,43.1,6.42,18.1
27.75,71.75,43.01,6.43,18.01
27.75,71.9167,42.85,6.42,17.85
27.75,72.0833,42.72,6.36,17.72
27.75,72.25,42.63,6.36,17.63
27.75,72.4167,42.45,6.36,17.45
27.75,72.5833,42.15,6.27,17.15
27.75,72.75,41.77,6.41,16.77
27.75,72.9167,41.7,6.17,16.7
27.75,73.0833,41.57,6.07,16.57
27.75,73.25,41.64,6.0,16.64
27.75,73.4167,41.61,5.96,16.61
27.75,73.5833,41.52,5.93,16.52
27.75,73.75,41.43,5.89,16.43
27.75,73.9167,41.28,5.91,16.28
27.75,74.0833,41.14,5.86,16.14
27.75,74.25,41.02,5.91,16.02
27.75,74.4167,40.98,6.1,15.98
27.75,74.5833,40.93,5.87,15.93
27.75,74.75,40.79,5.86,15.79
27.75,74.9167,40.64,5.81,15.64
27.75,75.0833,40.3,5.63,15.3
27.75,75.25,39.99,5.48,14.99
27.75,75.4167,39.53,5.76,14.53
27.75,75.5833,39.33,6.15,14.33
27.75,75.75,40.11,5.8,15.11
27.75,75.9167,39.54,6.36,14.54
27.75,76.0833,40.55,6.12,15.55
27.75,76.25,40.98,5.88,15.98
27.75,76.4167,40.8,6.15,15.8
27.75,76.5833,40.62,6.54,15.62
27.75,76.75,40.81,6.69,15.81
27.75,76.9167,41.37,6.69,16.37
27.75,77.0833,41.66,6.83,16.66
27.75,77.25,41.66,6.84,16.66
27.75,77.4167,41.47,6.98,16.47
27.75,77.5833,41.49,6.93,16.49
27.75,77.75,41.38,7.02,16.38
27.75,77.9167,41.24,7.0,16.24
27.75,78.0833,41.29,7.08,16.29
27.75,78.25,41.3,7.19,16.3
27.75,78.4167,41.37,7.22,16.37
27.75,78.5833,41.31,7.3,16.31
27.75,78.75,41.16,7.38,16.16
27.75,78.9167,41.31,7.44,16.31
27.75,79.0833,41.55,7.4,16.55
27.75,79.25,41.43,7.52,16.43
27.75,79.4167,41.3,7.81,16.3
27.75,79.5833,41.05,7.95,16.05
27.75,79.75,40.92,8.06,15.92
27.75,79.9167,40.53,8.12,15.53
27.75,80.0833,40.3,8.27,15.3
27.75,80.25,40.06,8.33,15.06
27.75,80.4167,39.89,8.5,14.89
27.75,80.5833,39.59,8.6,14.59
27.75,80.75,39.38,8.67,14.38
27.75,80.9167,39.23,8.8,14.23
27.75,81.0833,39.18,8.58,14.18
27.75,81.25,39.25,8.57,14.25
27.75,81.4167,39.23,8.56,14.23
27.75,81.5833,39.42,8.41,14.42
27.75,81.75,39.14,8.32,14.14
27.75,81.9167,38.47,8.11,13.47
27.75,82.0833,38.24,7.85,13.24
27.75,82.25,37.15,7.66,12.15
27.75,82.4167,35.64,7.4,10.64
27.75,82.5833,35.53,7.47,10.53
27.75,82.75,35.33,7.72,10.33
27.75,82.9167,35.03,7.75,10.03
27.75,83.0833,34.84,7.87,9.84
27.75,83.25,34.29,7.76,9.29
27.75,83.4167,32.9,6.96,7.9
27.75,83.5833,31.61,6.08,6.61
27.75,83.75,30.88,5.81,5.88
27.75,83.9167,31.95,6.91,6.95
27.75,84.0833,32.2,7.24,7.2
27.75,84.25,32.96,8.08,7.96
27.75,84.4167,33.8,8.81,8.8
27.75,84.5833,31.58,7.28,6.58
27.75,84.75,30.52,6.43,5.52
27.75,84.9167,29.51,5.43,4.51
27.75,85.0833,29.12,4.84,4.12
27.75,85.25,27.48,3.43,2.48
27.75,85.4167,26.6,2.62,1.6
27.75,85.5833,28.37,4.8,3.37
27.75,85.75,27.84,4.86,2.84
27.75,85.9167,23.95,2.17,0.0
27.75,86.0833,22.61,1.15,0.0
27.75,86.25,21.39,0.06,0.0
27.75,86.4167,12.49,-9.66,0.0
27.75,86.5833,8.07,-14.89,0.0
27.75,86.75,12.05,-10.8,0.0
27.75,86.9167,6.33,-17.71,0.0
27.75,87.0833,8.55,-15.12,0.0
27.75,87.25,15.01,-7.14,0.0
27.75,87.4167,20.61,-0.96,0.0
27.75,87.5833,9.71,-14.23,0.0
27.75,87.75,9.36,-14.95,0.0
27.75,87.9167,8.28,-16.34,0.0
27.75,88.0833,3.64,-22.42,0.0
27.75,88.25,4.46,-21.76,0.0
27.75,88.4167,9.78,-15.75,0.0
27.75,88.5833,13.34,-11.29,0.0
27.75,88.75,11.78,-13.38,0.0
27.75,88.9167,9.77,-17.45,0.0
27.75,89.0833,11.87,-17.59,0.0
27.75,89.25,10.04,-17.2,0.0
27.75,89.4167,9.31,-17.63,0.0
27.75,89.5833,11.37,-14.56,0.0
27.75,89.75,21.16,-3.12,0.0
27.75,89.9167,19.09,-5.33,0.0
27.75,90.0833,16.36,-8.52,0.0
27.75,90.25,11.49,-14.47,0.0
27.75,90.4167,12.93,-12.58,0.0
27.75,90.5833,12.64,-13.26,0.0
27.75,90.75,14.01,-11.69,0.0
27.75,90.9167,14.56,-10.92,0.0
27.75,91.0833,22.82,-0.17,0.0
27.75,91.25,20.84,-2.65,0.0
27.75,91.4167,18.33,-5.77,0.0
27.75,91.5833,14.78,-10.39,0.0
27.75,91.75,16.54,-8.42,0.0
27.75,91.9167,12.79,-14.64,0.0
27.75,92.0833,12.02,-14.75,0.0
27.75,92.25,11.0,-16.29,0.0
27.75,92.4167,8.34,-18.18,0.0
27.75,92.5833,16.24,-7.89,0.0
27.75,92.75,20.0,-3.49,0.0
27.75,92.9167,22.64,-0.09,0.0
27.75,93.0833,24.83,2.28,0.0
27.75,93.25,23.75,1.17,0.0
27.75,93.4167,25.33,2.96,0.33
27.75,93.5833,27.07,4.72,2.07
27.75,93.75,26.73,4.56,1.73
27.75,93.9167,28.23,6.06,3.23
27.75,94.0833,27.31,5.38,2.31
27.75,94.25,28.66,7.01,3.66
27.75,94.4167,29.54,7.72,4.54
27.75,94.5833,29.64,7.85,4.64
27.75,94.75,30.18,8.39,5.18
27.75,94.9167,31.56,9.09,6.56
27.75,95.0833,31.91,9.03,6.91
27.75,95.25,31.62,8.9,6.62
27.75,95.4167,31.62,8.96,6.62
27.75,95.5833,31.86,8.85,6.86
27.75,95.75,31.64,8.74,6.64
27.75,95.9167,31.37,8.61,6.37
27.75,96.0833,31.21,8.37,6.21
27.75,96.25,30.78,8.08,5.78
27.75,96.4167,25.87,4.18,0.87
27.75,96.5833,21.06,-1.37,0.0
27.75,96.75,18.19,-4.83,0.0
27.75,96.9167,15.14,-8.58,0.0
27.5833,68.0833,44.68,6.74,19.68
27.5833,68.25,44.17,6.84,19.17
27.5833,68.4167,43.95,6.54,18.95
27.5833,68.5833,43.21,6.94,18.21
27.5833,68.75,43.06,7.33,18.06
27.5833,68.9167,43.62,7.24,18.62
27.5833,69.0833,44.16,6.83,19.16
27.5833,69.25,44.54,6.47,19.54
27.5833,69.4167,44.6,6.29,19.6
27.5833,69.5833,44.58,6.12,19.58
27.5833,69.75,44.63,6.01,19.63
27.5833,69.9167,44.42,6.03,19.42
27.5833,70.0833,44.1,6.1,19.1
27.5833,70.25,43.82,6.13,18.82
27.5833,70.4167,43.59,6.18,18.59
27.5833,70.5833,43.45,6.23,18.45
27.5833,70.75,43.37,6.33,18.37
27.5833,70.9167,43.33,6.51,18.33
27.5833,71.0833,43.21,6.54,18.21
27.5833,71.25,43.2,6.57,18.2
27.5833,71.4167,43.26,6.59,18.26
27.5833,71.5833,43.2,6.68,18.2
27.5833,71.75,43.03,6.65,18.03
27.5833,71.9167,42.7,6.62,17.7
27.5833,72.0833,42.53,6.5,17.53
27.5833,72.25,42.49,6.41,17.49
27.5833,72.4167,42.27,6.57,17.27
27.5833,72.5833,42.01,6.61,17.01
27.5833,72.75,41.91,6.32,16.91
27.5833,72.9167,41.76,6.1,16.76
27.5833,73.0833,41.65,6.13,16.65
27.5833,73.25,41.48,6.1,16.48
27.5833,73.4167,41.38,6.15,16.38
27.5833,73.5833,41.4,6.12,16.4
27.5833,73.75,41.4,6.09,16.4
27.5833,73.9167,41.32,6.08,16.32
27.5833,74.0833,41.16,6.13,16.16
27.5833,74.25,40.98,6.14,15.98
27.5833,74.4167,41.09,6.22,16.09
27.5833,74.5833,40.88,5.99,15.88
27.5833,74.75,40.62,5.96,15.62
27.5833,74.9167,40.21,5.79,15.21
27.5833,75.0833,39.95,5.7,14.95
27.5833,75.25,39.49,5.74,14.49
27.5833,75.4167,39.04,5.94,14.04
27.5833,75.5833,39.85,5.63,14.85
27.5833,75.75,39.54,5.63,14.54
27.5833,75.9167,39.79,6.14,14.79
27.5833,76.0833,40.45,5.99,15.45
27.5833,76.25,40.51,6.05,15.51
27.5833,76.4167,39.74,6.64,14.74
27.5833,76.5833,40.28,7.08,15.28
27.5833,76.75,41.43,6.75,16.43
27.5833,76.9167,41.69,6.7,16.69
27.5833,77.0833,41.82,6.72,16.82
27.5833,77.25,41.88,6.83,16.88
27.5833,77.4167,41.69,6.86,16.69
27.5833,77.5833,41.5,7.0,16.5
27.5833,77.75,41.36,7.02,16.36
27.5833,77.9167,41.3,6.91,16.3
27.5833,78.0833,41.23,7.03,16.23
27.5833,78.25,41.52,7.12,16.52
27.5833,78.4167,41.6,7.16,16.6
27.5833,78.5833,41.79,7.27,16.79
27.5833,78.75,41.58,7.34,16.58
27.5833,78.9167,41.73,7.43,16.73
27.5833,79.0833,41.89,7.48,16.89
27.5833,79.25,41.52,7.59,16.52
27.5833,79.4167,41.29,7.66,16.29
27.5833,79.5833,41.23,7.86,16.23
27.5833,79.75,41.17,8.03,16.17
27.5833,79.9167,40.87,8.14,15.87
27.5833,80.0833,40.53,8.27,15.53
27.5833,80.25,40.24,8.39,15.24
27.5833,80.4167,40.08,8.45,15.08
27.5833,80.5833,39.54,8.68,14.54
27.5833,80.75,39.35,8.81,14.35
27.5833,80.9167,39.21,8.74,14.21
27.5833,81.0833,39.35,8.61,14.35
27.5833,81.25,39.44,8.55,14.44
27.5833,81.4167,39.49,8.55,14.49
27.5833,81.5833,39.49,8.53,14.49
27.5833,81.75,39.36,8.32,14.36
27.5833,81.9167,38.85,8.15,13.85
27.5833,82.0833,38.52,7.9,13.52
27.5833,82.25,38.24,7.71,13.24
27.5833,82.4167,37.67,7.76,12.67
27.5833,82.5833,37.32,7.93,12.32
27.5833,82.75,37.4,8.04,12.4
27.5833,82.9167,37.47,8.26,12.47
27.5833,83.0833,37.34,8.56,12.34
27.5833,83.25,37.16,8.76,12.16
27.5833,83.4167,37.0,9.01,12.0
27.5833,83.5833,36.66,9.2,11.66
27.5833,83.75,35.4,9.03,10.4
27.5833,83.9167,35.25,9.52,10.25
27.5833,84.0833,35.62,9.68,10.62
27.5833,84.25,35.62,9.66,10.62
27.5833,84.4167,35.33,9.44,10.33
27.5833,84.5833,34.86,9.32,9.86
27.5833,84.75,32.61,7.93,7.61
27.5833,84.9167,29.8,5.76,4.8
27.5833,85.0833,25.9,2.67,0.9
27.5833,85.25,26.1,2.44,1.1
27.5833,85.4167,25.07,1.85,0.07
27.5833,85.5833,27.6,3.82,2.6
27.5833,85.75,28.02,4.67,3.02
27.5833,85.9167,23.87,1.86,0.0
27.5833,86.0833,25.31,3.1,0.31
27.5833,86.25,21.99,0.33,0.0
27.5833,86.4167,19.54,-1.76,0.0
27.5833,86.5833,17.45,-4.03,0.0
27.5833,86.75,19.48,-1.77,0.0
27.5833,86.9167,15.92,-5.6,0.0
27.5833,87.0833,18.72,-2.33,0.0
27.5833,87.25,23.89,3.13,0.0
27.5833,87.4167,19.36,-1.98,0.0
27.5833,87.5833,15.44,-6.51,0.0
27.5833,87.75,16.92,-4.86,0.0
27.5833,87.9167,13.96,-8.7,0.0
27.5833,88.0833,5.95,-18.45,0.0
27.5833,88.25,10.02,-13.93,0.0
27.5833,88.4167,19.53,-2.86,0.0
27.5833,88.5833,20.82,-1.6,0.0
27.5833,88.75,13.78,-10.53,0.0
27.5833,88.9167,12.61,-13.6,0.0
27.5833,89.0833,10.5,-16.77,0.0
27.5833,89.25,13.84,-11.71,0.0
27.5833,89.4167,12.91,-12.44,0.0
27.5833,89.5833,15.12,-9.86,0.0
27.5833,89.75,22.84,-0.64,0.0
27.5833,89.9167,26.39,2.94,1.39
27.5833,90.0833,20.1,-3.53,0.0
27.5833,90.25,17.73,-6.67,0.0
27.5833,90.4167,19.68,-3.65,0.0
27.5833,90.5833,17.95,-6.32,0.0
27.5833,90.75,19.12,-5.13,0.0
27.5833,90.9167,17.89,-6.79,0.0
27.5833,91.0833,21.53,-0.7,0.0
27.5833,91.25,23.18,0.65,0.0
27.5833,91.4167,20.29,-2.23,0.0
27.5833,91.5833,20.81,-1.37,0.0
27.5833,91.75,21.24,-1.53,0.0
27.5833,91.9167,19.13,-4.55,0.0
27.5833,92.0833,14.55,-10.93,0.0
27.5833,92.25,14.28,-10.68,0.0
27.5833,92.4167,16.0,-7.99,0.0
27.5833,92.5833,20.27,-2.35,0.0
27.5833,92.75,25.26,3.25,0.26
27.5833,92.9167,27.38,5.55,2.38
27.5833,93.0833,27.73,5.81,2.73
27.5833,93.25,21.02,-1.44,0.0
27.5833,93.4167,21.9,-0.24,0.0
27.5833,93.5833,25.08,3.13,0.08
27.5833,93.75,25.67,3.46,0.67
27.5833,93.9167,23.4,1.21,0.0
27.5833,94.0833,25.51,3.87,0.51
27.5833,94.25,30.43,8.9,5.43
27.5833,94.4167,31.3,9.35,6.3
27.5833,94.5833,31.87,9.39,6.87
27.5833,94.75,32.25,9.47,7.25
27.5833,94.9167,31.55,9.25,6.55
27.5833,95.0833,31.35,9.06,6.35
27.5833,95.25,31.59,9.01,6.59
27.5833,95.4167,31.73,8.95,6.73
27.5833,95.5833,31.82,8.81,6.82
27.5833,95.75,31.74,8.75,6.74
27.5833,95.9167,31.52,8.65,6.52
27.5833,96.0833,30.7,8.62,5.7
27.5833,96.25,29.82,7.97,4.82
27.5833,96.4167,26.88,5.24,1.88
27.5833,96.5833,23.36,1.39,0.0
27.5833,96.75,19.36,-3.27,0.0
27.5833,96.9167,17.81,-4.94,0.0
27.4167,68.0833,44.49,6.63,19.49
27.4167,68.25,44.33,6.5,19.33
27.4167,68.4167,43.46,6.59,18.46
27.4167,68.5833,43.35,6.87,18.35
27.4167,68.75,43.56,6.95,18.56
27.4167,68.9167,43.68,6.83,18.68
27.4167,69.0833,44.27,6.6,19.27
27.4167,69.25,44.73,6.37,19.73
27.4167,69.4167,44.72,6.3,19.72
27.4167,69.5833,44.61,6.28,19.61
27.4167,69.75,44.38,6.23,19.38
27.4167,69.9167,44.17,6.31,19.17
27.4167,70.0833,43.99,6.26,18.99
27.4167,70.25,43.76,6.27,18.76
27.4167,70.4167,43.38,6.47,18.38
27.4167,70.5833,43.0,6.73,18.0
27.4167,70.75,42.94,6.86,17.94
27.4167,70.9167,43.0,7.06,18.0
27.4167,71.0833,43.12,6.89,18.12
27.4167,71.25,43.19,6.97,18.19
27.4167,71.4167,43.15,6.9,18.15
27.4167,71.5833,43.09,6.83,18.09
27.4167,71.75,42.72,6.65,17.72
27.4167,71.9167,42.47,6.52,17.47
27.4167,72.0833,42.19,6.68,17.19
27.4167,72.25,42.08,6.84,17.08
27.4167,72.4167,41.97,6.87,16.97
27.4167,72.5833,42.07,6.6,17.07
27.4167,72.75,41.91,6.35,16.91
27.4167,72.9167,41.78,6.24,16.78
27.4167,73.0833,41.64,6.16,16.64
27.4167,73.25,41.52,6.15,16.52
27.4167,73.4167,41.41,6.15,16.41
27.4167,73.5833,41.46,6.26,16.46
27.4167,73.75,41.47,6.28,16.47
27.4167,73.9167,41.35,6.27,16.35
27.4167,74.0833,41.24,6.34,16.24
27.4167,74.25,41.24,6.38,16.24
27.4167,74.4167,41.2,6.23,16.2
27.4167,74.5833,40.81,6.18,15.81
27.4167,74.75,40.54,5.99,15.54
27.4167,74.9167,40.13,5.85,15.13
27.4167,75.0833,39.78,5.72,14.78
27.4167,75.25,39.76,5.76,14.76
27.4167,75.4167,39.93,5.61,14.93
27.4167,75.5833,39.83,5.57,14.83
27.4167,75.75,39.67,5.64,14.67
27.4167,75.9167,39.91,5.95,14.91
27.4167,76.0833,39.86,6.17,14.86
27.4167,76.25,39.75,6.49,14.75
27.4167,76.4167,39.23,6.79,14.23
27.4167,76.5833,40.93,6.87,15.93
27.4167,76.75,41.59,6.8,16.59
27.4167,76.9167,41.87,6.74,16.87
27.4167,77.0833,41.93,6.73,16.93
27.4167,77.25,42.06,6.75,17.06
27.4167,77.4167,41.83,6.8,16.83
27.4167,77.5833,41.55,7.0,16.55
27.4167,77.75,41.53,7.03,16.53
27.4167,77.9167,41.52,6.83,16.52
27.4167,78.0833,41.52,6.88,16.52
27.4167,78.25,41.73,7.04,16.73
27.4167,78.4167,41.87,7.08,16.87
27.4167,78.5833,41.93,7.2,16.93
27.4167,78.75,41.96,7.29,16.96
27.4167,78.9167,42.03,7.4,17.03
27.4167,79.0833,42.14,7.5,17.14
27.4167,79.25,41.97,7.59,16.97
27.4167,79.4167,41.67,7.67,16.67
27.4167,79.5833,41.43,7.87,16.43
27.4167,79.75,41.34,8.03,16.34
27.4167,79.9167,41.16,8.17,16.16
27.4167,80.0833,40.77,8.33,15.77
27.4167,80.25,40.44,8.43,15.44
27.4167,80.4167,40.37,8.44,15.37
27.4167,80.5833,39.77,8.56,14.77
27.4167,80.75,39.73,8.57,14.73
27.4167,80.9167,39.52,8.58,14.52
27.4167,81.0833,39.4,8.65,14.4
27.4167,81.25,39.57,8.57,14.57
27.4167,81.4167,39.76,8.49,14.76
27.4167,81.5833,39.59,8.45,14.59
27.4167,81.75,39.39,8.29,14.39
27.4167,81.9167,39.14,8.1,14.14
27.4167,82.0833,38.67,7.91,13.67
27.4167,82.25,38.3,7.88,13.3
27.4167,82.4167,38.05,7.82,13.05
27.4167,82.5833,38.0,7.87,13.0
27.4167,82.75,37.88,8.06,12.88
27.4167,82.9167,37.71,8.29,12.71
27.4167,83.0833,37.7,8.44,12.7
27.4167,83.25,37.46,8.55,12.46
27.4167,83.4167,37.16,8.74,12.16
27.4167,83.5833,36.76,8.97,11.76
27.4167,83.75,36.67,9.32,11.67
27.4167,83.9167,35.75,9.73,10.75
27.4167,84.0833,35.16,9.5,10.16
27.4167,84.25,34.83,9.33,9.83
27.4167,84.4167,34.15,8.93,9.15
27.4167,84.5833,33.43,8.61,8.43
27.4167,84.75,33.31,8.52,8.31
27.4167,84.9167,32.49,7.79,7.49
27.4167,85.0833,31.21,6.69,6.21
27.4167,85.25,30.05,6.06,5.05
27.4167,85.4167,28.87,5.39,3.87
27.4167,85.5833,26.71,3.95,1.71
27.4167,85.75,27.27,4.33,2.27
27.4167,85.9167,27.91,4.85,2.91
27.4167,86.0833,27.84,5.01,2.84
27.4167,86.25,24.98,3.08,0.0
27.4167,86.4167,21.16,-0.12,0.0
27.4167,86.5833,22.33,0.87,0.0
27.4167,86.75,24.53,3.16,0.0
27.4167,86.9167,20.08,-0.58,0.0
27.4167,87.0833,27.03,5.96,2.03
27.4167,87.25,28.4,7.3,3.4
27.4167,87.4167,21.37,0.84,0.0
27.4167,87.5833,24.24,3.48,0.0
27.4167,87.75,23.56,2.87,0.0
27.4167,87.9167,21.42,0.55,0.0
27.4167,88.0833,14.84,-7.32,0.0
27.4167,88.25,19.46,-1.98,0.0
27.4167,88.4167,22.95,1.92,0.0
27.4167,88.5833,24.84,3.79,0.0
27.4167,88.75,14.18,-9.35,0.0
27.4167,88.9167,14.98,-9.84,0.0
27.4167,89.0833,13.33,-11.93,0.0
27.4167,89.25,16.56,-7.91,0.0
27.4167,89.4167,20.46,-3.44,0.0
27.4167,89.5833,20.12,-4.0,0.0
27.4167,89.75,18.98,-4.36,0.0
27.4167,89.9167,24.63,2.0,0.0
27.4167,90.0833,19.59,-3.59,0.0
27.4167,90.25,17.25,-6.95,0.0
27.4167,90.4167,19.88,-2.59,0.0
27.4167,90.5833,21.22,-0.94,0.0
27.4167,90.75,16.87,-7.07,0.0
27.4167,90.9167,17.85,-5.82,0.0
27.4167,91.0833,21.33,-0.13,0.0
27.4167,91.25,23.54,2.07,0.0
27.4167,91.4167,21.85,0.61,0.0
27.4167,91.5833,26.6,4.9,1.6
27.4167,91.75,22.02,0.51,0.0
27.4167,91.9167,16.82,-7.08,0.0
27.4167,92.0833,17.09,-6.26,0.0
27.4167,92.25,22.36,0.7,0.0
27.4167,92.4167,22.54,1.06,0.0
27.4167,92.5833,24.22,2.76,0.0
27.4167,92.75,25.7,4.48,0.7
27.4167,92.9167,26.76,5.54,1.76
27.4167,93.0833,27.74,6.23,2.74
27.4167,93.25,21.95,0.13,0.0
27.4167,93.4167,21.36,-0.52,0.0
27.4167,93.5833,26.31,4.42,1.31
27.4167,93.75,27.57,5.58,2.57
27.4167,93.9167,26.28,4.98,1.28
27.4167,94.0833,30.15,8.67,5.15
27.4167,94.25,32.13,9.78,7.13
27.4167,94.4167,32.44,9.51,7.44
27.4167,94.5833,32.31,9.34,7.31
27.4167,94.75,31.85,9.28,6.85
27.4167,94.9167,31.99,9.25,6.99
27.4167,95.0833,31.94,9.09,6.94
27.4167,95.25,31.92,9.09,6.92
27.4167,95.4167,31.82,9.1,6.82
27.4167,95.5833,31.54,9.0,6.54
27.4167,95.75,31.36,8.94,6.36
27.4167,95.9167,31.25,8.84,6.25
27.4167,96.0833,30.76,8.53,5.76
27.4167,96.25,29.01,7.49,4.01
27.4167,96.4167,27.04,5.65,2.04
27.4167,96.5833,26.04,4.3,1.04
27.4167,96.75,24.41,2.73,0.0
27.4167,96.9167,19.86,-2.18,0.0
27.25,68.0833,44.41,6.36,19.41
27.25,68.25,44.27,6.22,19.27
27.25,68.4167,43.6,6.47,18.6
27.25,68.5833,43.46,6.65,18.46
27.25,68.75,44.02,6.54,19.02
27.25,68.9167,43.96,6.56,18.96
27.25,69.0833,44.1,6.57,19.1
27.25,69.25,44.61,6.43,19.61
27.25,69.4167,44.54,6.46,19.54
27.25,69.5833,44.41,6.44,19.41
27.25,69.75,44.3,6.37,19.3
27.25,69.9167,44.22,6.41,19.22
27.25,70.0833,43.97,6.5,18.97
27.25,70.25,43.45,6.64,18.45
27.25,70.4167,42.91,6.95,17.91
27.25,70.5833,42.42,7.12,17.42
27.25,70.75,42.45,7.3,17.45
27.25,70.9167,42.69,7.55,17.69
27.25,71.0833,43.03,7.31,18.03
27.25,71.25,43.19,7.19,18.19
27.25,71.4167,43.12,7.06,18.12
27.25,71.5833,42.85,6.96,17.85
27.25,71.75,42.46,6.87,17.46
27.25,71.9167,42.09,6.82,17.09
27.25,72.0833,41.84,6.89,16.84
27.25,72.25,41.8,6.98,16.8
27.25,72.4167,41.93,6.72,16.93
27.25,72.5833,41.87,6.44,16.87
27.25,72.75,41.76,6.34,16.76
27.25,72.9167,41.74,6.33,16.74
27.25,73.0833,41.61,6.4,16.61
27.25,73.25,41.44,6.48,16.44
27.25,73.4167,41.37,6.5,16.37
27.25,73.5833,41.43,6.54,16.43
27.25,73.75,41.44,6.79,16.44
27.25,73.9167,41.3,6.85,16.3
27.25,74.0833,41.38,6.6,16.38
27.25,74.25,41.27,6.67,16.27
27.25,74.4167,41.16,6.36,16.16
27.25,74.5833,40.72,6.26,15.72
27.25,74.75,40.41,6.08,15.41
27.25,74.9167,40.05,6.06,15.05
27.25,75.0833,39.81,6.15,14.81
27.25,75.25,40.41,6.01,15.41
27.25,75.4167,40.34,5.91,15.34
27.25,75.5833,40.05,5.85,15.05
27.25,75.75,39.59,6.01,14.59
27.25,75.9167,39.91,6.3,14.91
27.25,76.0833,39.92,6.33,14.92
27.25,76.25,39.79,6.82,14.79
27.25,76.4167,39.77,7.01,14.77
27.25,76.5833,40.57,7.07,15.57
27.25,76.75,41.44,6.96,16.44
27.25,76.9167,41.9,6.9,16.9
27.25,77.0833,41.92,6.81,16.92
27.25,77.25,42.03,6.77,17.03
27.25,77.4167,42.11,6.79,17.11
27.25,77.5833,41.91,6.83,16.91
27.25,77.75,41.85,6.84,16.85
27.25,77.9167,41.61,6.94,16.61
27.25,78.0833,41.73,7.03,16.73
27.25,78.25,41.9,6.94,16.9
27.25,78.4167,41.95,7.1,16.95
27.25,78.5833,42.06,7.23,17.06
27.25,78.75,42.14,7.33,17.14
27.25,78.9167,42.3,7.42,17.3
27.25,79.0833,42.19,7.59,17.19
27.25,79.25,41.97,7.64,16.97
27.25,79.4167,41.81,7.68,16.81
27.25,79.5833,41.42,7.79,16.42
27.25,79.75,41.51,8.02,16.51
27.25,79.9167,41.44,8.15,16.44
27.25,80.0833,41.05,8.23,16.05
27.25,80.25,40.72,8.39,15.72
27.25,80.4167,40.5,8.42,15.5
27.25,80.5833,40.41,8.4,15.41
27.25,80.75,40.37,8.42,15.37
27.25,80.9167,39.78,8.52,14.78
27.25,81.0833,39.46,8.51,14.46
27.25,81.25,39.38,8.56,14.38
27.25,81.4167,39.69,8.44,14.69
27.25,81.5833,39.75,8.38,14.75
27.25,81.75,39.58,8.27,14.58
27.25,81.9167,39.28,8.13,14.28
27.25,82.0833,38.98,7.95,13.98
27.25,82.25,38.62,7.84,13.62
27.25,82.4167,38.43,7.86,13.43
27.25,82.5833,38.23,8.01,13.23
27.25,82.75,38.17,8.12,13.17
27.25,82.9167,37.92,8.28,12.92
27.25,83.0833,37.82,8.37,12.82
27.25,83.25,37.63,8.49,12.63
27.25,83.4167,37.18,8.64,12.18
27.25,83.5833,36.89,8.86,11.89
27.25,83.75,36.88,9.12,11.88
27.25,83.9167,36.49,9.28,11.49
27.25,84.0833,36.47,9.3,11.47
27.25,84.25,36.47,9.3,11.47
27.25,84.4167,36.4,9.33,11.4
27.25,84.5833,36.11,9.3,11.11
27.25,84.75,35.45,9.07,10.45
27.25,84.9167,34.51,8.71,9.51
27.25,85.0833,33.97,8.53,8.97
27.25,85.25,33.17,8.28,8.17
27.25,85.4167,32.79,8.25,7.79
27.25,85.5833,32.25,7.93,7.25
27.25,85.75,30.56,7.06,5.56
27.25,85.9167,28.72,6.03,3.72
27.25,86.0833,27.93,5.45,2.93
27.25,86.25,27.73,5.26,2.73
27.25,86.4167,27.48,5.31,2.48
27.25,86.5833,28.21,6.03,3.21
27.25,86.75,26.7,4.95,1.7
27.25,86.9167,22.99,2.08,0.0
27.25,87.0833,25.2,4.27,0.2
27.25,87.25,30.03,8.42,5.03
27.25,87.4167,23.81,3.12,0.0
27.25,87.5833,25.05,4.4,0.05
27.25,87.75,28.52,7.69,3.52
27.25,87.9167,24.32,3.79,0.0
27.25,88.0833,21.1,0.47,0.0
27.25,88.25,27.21,7.26,2.21
27.25,88.4167,27.09,7.51,2.09
27.25,88.5833,27.6,8.25,2.6
27.25,88.75,22.11,1.59,0.0
27.25,88.9167,18.2,-3.58,0.0
27.25,89.0833,19.65,-1.95,0.0
27.25,89.25,17.5,-5.04,0.0
27.25,89.4167,18.35,-4.59,0.0
27.25,89.5833,18.58,-4.77,0.0
27.25,89.75,15.88,-7.27,0.0
27.25,89.9167,23.03,1.72,0.0
27.25,90.0833,27.13,6.51,2.13
27.25,90.25,21.17,-0.03,0.0
27.25,90.4167,18.23,-3.34,0.0
27.25,90.5833,24.94,4.74,0.0
27.25,90.75,21.97,1.4,0.0
27.25,90.9167,21.59,0.83,0.0
27.25,91.0833,22.98,2.37,0.0
27.25,91.25,26.92,6.24,1.92
27.25,91.4167,27.58,6.59,2.58
27.25,91.5833,22.25,1.63,0.0
27.25,91.75,18.18,-3.76,0.0
27.25,91.9167,17.14,-5.13,0.0
27.25,92.0833,17.67,-4.45,0.0
27.25,92.25,21.09,-0.37,0.0
27.25,92.4167,23.79,2.53,0.0
27.25,92.5833,26.35,5.55,1.35
27.25,92.75,28.49,7.82,3.49
27.25,92.9167,28.93,8.07,3.93
27.25,93.0833,27.51,6.25,2.51
27.25,93.25,24.8,3.51,0.0
27.25,93.4167,25.68,4.23,0.68
27.25,93.5833,26.65,5.49,1.65
27.25,93.75,28.89,7.87,3.89
27.25,93.9167,31.38,9.7,6.38
27.25,94.0833,32.33,9.78,7.33
27.25,94.25,32.06,9.59,7.06
27.25,94.4167,32.17,9.5,7.17
27.25,94.5833,31.78,9.59,6.78
27.25,94.75,31.98,9.43,6.98
27.25,94.9167,32.08,9.33,7.08
27.25,95.0833,31.97,9.26,6.97
27.25,95.25,31.91,9.26,6.91
27.25,95.4167,31.37,9.38,6.37
27.25,95.5833,30.65,9.04,5.65
27.25,95.75,30.17,8.55,5.17
27.25,95.9167,29.7,8.08,4.7
27.25,96.0833,28.39,6.65,3.39
27.25,96.25,27.84,6.16,2.84
27.25,96.4167,26.68,5.14,1.68
27.25,96.5833,24.21,2.71,0.0
27.25,96.75,26.13,4.52,1.13
27.25,96.9167,24.52,2.67,0.0
27.0833,68.0833,44.07,6.07,19.07
27.0833,68.25,43.65,6.18,18.65
27.0833,68.4167,43.81,6.19,18.81
27.0833,68.5833,43.89,6.27,18.89
27.0833,68.75,44.53,6.33,19.53
27.0833,68.9167,44.25,6.48,19.25
27.0833,69.0833,44.32,6.41,19.32
27.0833,69.25,44.55,6.48,19.55
27.0833,69.4167,44.48,6.49,19.48
27.0833,69.5833,44.39,6.51,19.39
27.0833,69.75,44.32,6.47,19.32
27.0833,69.9167,44.21,6.49,19.21
27.0833,70.0833,43.91,6.68,18.91
27.0833,70.25,43.48,6.89,18.48
27.0833,70.4167,42.91,7.16,17.91
27.0833,70.5833,42.56,7.31,17.56
27.0833,70.75,42.6,7.67,17.6
27.0833,70.9167,42.7,7.96,17.7
27.0833,71.0833,42.76,7.86,17.76
27.0833,71.25,42.99,7.35,17.99
27.0833,71.4167,42.85,7.32,17.85
27.0833,71.5833,42.66,7.23,17.66
27.0833,71.75,42.32,7.16,17.32
27.0833,71.9167,42.06,7.13,17.06
27.0833,72.0833,41.88,7.01,16.88
27.0833,72.25,41.64,6.92,16.64
27.0833,72.4167,41.59,6.78,16.59
27.0833,72.5833,41.56,6.64,16.56
27.0833,72.75,41.52,6.66,16.52
27.0833,72.9167,41.55,6.63,16.55
27.0833,73.0833,41.53,6.65,16.53
27.0833,73.25,41.45,6.75,16.45
27.0833,73.4167,41.31,6.85,16.31
27.0833,73.5833,41.11,7.06,16.11
27.0833,73.75,41.32,7.13,16.32
27.0833,73.9167,41.14,7.14,16.14
27.0833,74.0833,41.28,6.78,16.28
27.0833,74.25,41.03,6.63,16.03
27.0833,74.4167,40.86,6.44,15.86
27.0833,74.5833,40.71,6.38,15.71
27.0833,74.75,40.17,6.58,15.17
27.0833,74.9167,40.08,6.61,15.08
27.0833,75.0833,40.17,6.64,15.17
27.0833,75.25,40.62,6.28,15.62
27.0833,75.4167,40.57,6.23,15.57
27.0833,75.5833,40.22,6.23,15.22
27.0833,75.75,39.89,6.33,14.89
27.0833,75.9167,40.15,6.68,15.15
27.0833,76.0833,40.3,6.9,15.3
27.0833,76.25,40.72,7.05,15.72
27.0833,76.4167,40.86,7.18,15.86
27.0833,76.5833,41.47,7.0,16.47
27.0833,76.75,41.76,6.88,16.76
27.0833,76.9167,41.88,6.96,16.88
27.0833,77.0833,41.91,6.83,16.91
27.0833,77.25,42.14,6.74,17.14
27.0833,77.4167,42.28,6.69,17.28
27.0833,77.5833,42.19,6.69,17.19
27.0833,77.75,41.96,6.81,16.96
27.0833,77.9167,41.92,6.8,16.92
27.0833,78.0833,41.73,6.83,16.73
27.0833,78.25,42.06,6.91,17.06
27.0833,78.4167,42.18,7.1,17.18
27.0833,78.5833,42.16,7.19,17.16
27.0833,78.75,42.19,7.29,17.19
27.0833,78.9167,42.38,7.48,17.38
27.0833,79.0833,42.41,7.55,17.41
27.0833,79.25,42.2,7.66,17.2
27.0833,79.4167,41.99,7.75,16.99
27.0833,79.5833,41.76,7.8,16.76
27.0833,79.75,41.4,7.92,16.4
27.0833,79.9167,41.13,8.1,16.13
27.0833,80.0833,41.37,8.14,16.37
27.0833,80.25,41.0,8.23,16.0
27.0833,80.4167,40.71,8.34,15.71
27.0833,80.5833,40.46,8.38,15.46
27.0833,80.75,40.19,8.4,15.19
27.0833,80.9167,40.06,8.39,15.06
27.0833,81.0833,39.67,8.44,14.67
27.0833,81.25,39.34,8.43,14.34
27.0833,81.4167,39.65,8.43,14.65
27.0833,81.5833,39.86,8.29,14.86
27.0833,81.75,39.88,8.28,14.88
27.0833,81.9167,39.59,8.18,14.59
27.0833,82.0833,39.18,8.03,14.18
27.0833,82.25,38.77,7.95,13.77
27.0833,82.4167,38.68,7.89,13.68
27.0833,82.5833,38.51,7.94,13.51
27.0833,82.75,38.47,8.13,13.47
27.0833,82.9167,38.33,8.23,13.33
27.0833,83.0833,38.11,8.32,13.11
27.0833,83.25,37.69,8.48,12.69
27.0833,83.4167,37.68,8.57,12.68
27.0833,83.5833,37.56,8.78,12.56
27.0833,83.75,37.29,8.93,12.29
27.0833,83.9167,36.82,9.08,11.82
27.0833,84.0833,36.83,9.17,11.83
27.0833,84.25,36.8,9.15,11.8
27.0833,84.4167,36.69,9.24,11.69
27.0833,84.5833,36.44,9.24,11.44
27.0833,84.75,36.2,9.15,11.2
27.0833,84.9167,35.96,9.06,10.96
27.0833,85.0833,35.41,8.89,10.41
27.0833,85.25,34.97,8.8,9.97
27.0833,85.4167,34.6,8.69,9.6
27.0833,85.5833,33.84,8.32,8.84
27.0833,85.75,32.33,7.71,7.33
27.0833,85.9167,30.75,6.99,5.75
27.0833,86.0833,30.33,6.94,5.33
27.0833,86.25,28.02,5.67,3.02
27.0833,86.4167,28.95,6.51,3.95
27.0833,86.5833,27.79,5.61,2.79
27.0833,86.75,28.8,6.43,3.8
27.0833,86.9167,24.88,3.5,0.0
27.0833,87.0833,28.05,6.35,3.05
27.0833,87.25,29.5,7.79,4.5
27.0833,87.4167,26.25,5.27,1.25
27.0833,87.5833,29.66,8.31,4.66
27.0833,87.75,27.03,6.2,2.03
27.0833,87.9167,22.44,2.16,0.0
27.0833,88.0833,22.65,2.52,0.0
27.0833,88.25,27.73,8.11,2.73
27.0833,88.4167,28.81,9.74,3.81
27.0833,88.5833,27.01,8.03,2.01
27.0833,88.75,24.6,5.58,0.0
27.0833,88.9167,26.32,7.95,1.32
27.0833,89.0833,23.43,3.74,0.0
27.0833,89.25,23.88,4.18,0.0
27.0833,89.4167,21.34,1.08,0.0
27.0833,89.5833,19.13,-2.42,0.0
27.0833,89.75,19.97,-1.3,0.0
27.0833,89.9167,23.23,3.08,0.0
27.0833,90.0833,27.28,7.47,2.28
27.0833,90.25,22.52,2.71,0.0
27.0833,90.4167,24.26,4.85,0.0
27.0833,90.5833,24.91,5.67,0.0
27.0833,90.75,26.69,6.88,1.69
27.0833,90.9167,25.87,6.09,0.87
27.0833,91.0833,24.94,5.26,0.0
27.0833,91.25,28.41,8.16,3.41
27.0833,91.4167,27.24,6.93,2.24
27.0833,91.5833,24.68,4.59,0.0
27.0833,91.75,20.71,0.43,0.0
27.0833,91.9167,23.56,3.64,0.0
27.0833,92.0833,24.36,4.38,0.0
27.0833,92.25,22.46,2.29,0.0
27.0833,92.4167,23.84,3.95,0.0
27.0833,92.5833,28.76,8.93,3.76
27.0833,92.75,30.83,10.5,5.83
27.0833,92.9167,29.39,9.19,4.39
27.0833,93.0833,28.37,7.87,3.37
27.0833,93.25,28.12,7.45,3.12
27.0833,93.4167,28.81,7.96,3.81
27.0833,93.5833,29.89,8.85,4.89
27.0833,93.75,31.75,9.96,6.75
27.0833,93.9167,32.34,10.0,7.34
27.0833,94.0833,32.18,9.79,7.18
27.0833,94.25,32.11,9.57,7.11
27.0833,94.4167,31.98,9.53,6.98
27.0833,94.5833,31.96,9.6,6.96
27.0833,94.75,32.29,9.6,7.29
27.0833,94.9167,32.23,9.52,7.23
27.0833,95.0833,32.11,9.45,7.11
27.0833,95.25,31.51,9.23,6.51
27.0833,95.4167,30.42,8.78,5.42
27.0833,95.5833,28.02,6.82,3.02
27.0833,95.75,27.24,5.8,2.24
27.0833,95.9167,25.99,4.74,0.99
27.0833,96.0833,26.86,5.33,1.86
27.0833,96.25,28.1,6.59,3.1
27.0833,96.4167,27.77,6.39,2.77
27.0833,96.5833,26.45,5.26,1.45
27.0833,96.75,24.08,2.97,0.0
27.0833,96.9167,22.62,1.35,0.0
26.9167,68.0833,43.46,5.94,18.46
26.9167,68.25,43.4,6.03,18.4
26.9167,68.4167,43.66,6.02,18.66
26.9167,68.5833,44.35,6.13,19.35
26.9167,68.75,44.82,6.24,19.82
26.9167,68.9167,44.08,6.37,19.08
26.9167,69.0833,44.52,6.39,19.52
26.9167,69.25,44.58,6.47,19.58
26.9167,69.4167,44.42,6.53,19.42
26.9167,69.5833,44.34,6.5,19.34
26.9167,69.75,44.28,6.47,19.28
26.9167,69.9167,44.18,6.57,19.18
26.9167,70.0833,43.89,6.8,18.89
26.9167,70.25,43.51,6.95,18.51
26.9167,70.4167,43.07,7.19,18.07
26.9167,70.5833,42.65,7.55,17.65
26.9167,70.75,42.51,7.93,17.51
26.9167,70.9167,42.2,8.28,17.2
26.9167,71.0833,42.53,7.83,17.53
26.9167,71.25,42.5,7.57,17.5
26.9167,71.4167,42.53,7.36,17.53
26.9167,71.5833,42.38,7.27,17.38
26.9167,71.75,42.19,7.38,17.19
26.9167,71.9167,41.92,7.59,16.92
26.9167,72.0833,41.73,7.39,16.73
26.9167,72.25,41.67,6.93,16.67
26.9167,72.4167,41.57,6.81,16.57
26.9167,72.5833,41.42,6.86,16.42
26.9167,72.75,41.34,6.84,16.34
26.9167,72.9167,41.43,6.89,16.43
26.9167,73.0833,41.5,6.91,16.5
26.9167,73.25,41.37,7.11,16.37
26.9167,73.4167,41.25,7.26,16.25
26.9167,73.5833,41.15,7.36,16.15
26.9167,73.75,41.04,7.32,16.04
26.9167,73.9167,41.06,7.17,16.06
26.9167,74.0833,41.2,6.81,16.2
26.9167,74.25,41.08,6.83,16.08
26.9167,74.4167,41.0,6.72,16.0
26.9167,74.5833,40.59,6.63,15.59
26.9167,74.75,40.08,6.75,15.08
26.9167,74.9167,40.36,6.9,15.36
26.9167,75.0833,40.48,7.14,15.48
26.9167,75.25,40.78,6.66,15.78
26.9167,75.4167,40.84,6.63,15.84
26.9167,75.5833,40.54,6.64,15.54
26.9167,75.75,40.07,7.49,15.07
26.9167,75.9167,40.53,7.25,15.53
26.9167,76.0833,40.72,7.13,15.72
26.9167,76.25,41.31,6.97,16.31
26.9167,76.4167,41.43,6.96,16.43
26.9167,76.5833,41.54,6.91,16.54
26.9167,76.75,41.6,7.07,16.6
26.9167,76.9167,42.0,7.03,17.0
26.9167,77.0833,41.91,7.09,16.91
26.9167,77.25,41.82,7.13,16.82
26.9167,77.4167,42.01,6.98,17.01
26.9167,77.5833,42.37,6.81,17.37
26.9167,77.75,42.41,6.73,17.41
26.9167,77.9167,42.28,6.75,17.28
26.9167,78.0833,42.21,6.79,17.21
26.9167,78.25,42.29,6.92,17.29
26.9167,78.4167,42.41,7.06,17.41
26.9167,78.5833,42.37,7.21,17.37
26.9167,78.75,42.41,7.32,17.41
26.9167,78.9167,42.46,7.48,17.46
26.9167,79.0833,42.42,7.63,17.42
26.9167,79.25,42.33,7.75,17.33
26.9167,79.4167,42.16,7.82,17.16
26.9167,79.5833,41.96,7.92,16.96
26.9167,79.75,41.8,7.98,16.8
26.9167,79.9167,41.26,7.99,16.26
26.9167,80.0833,41.3,8.17,16.3
26.9167,80.25,41.2,8.18,16.2
26.9167,80.4167,40.93,8.25,15.93
26.9167,80.5833,40.46,8.28,15.46
26.9167,80.75,39.9,8.3,14.9
26.9167,80.9167,40.37,8.55,15.37
26.9167,81.0833,40.02,8.46,15.02
26.9167,81.25,39.6,8.42,14.6
26.9167,81.4167,39.48,8.36,14.48
26.9167,81.5833,39.64,8.38,14.64
26.9167,81.75,39.82,8.24,14.82
26.9167,81.9167,39.76,8.16,14.76
26.9167,82.0833,39.28,8.09,14.28
26.9167,82.25,38.89,8.08,13.89
26.9167,82.4167,38.92,7.95,13.92
26.9167,82.5833,38.66,7.97,13.66
26.9167,82.75,38.59,8.12,13.59
26.9167,82.9167,38.55,8.17,13.55
26.9167,83.0833,38.27,8.34,13.27
26.9167,83.25,38.15,8.43,13.15
26.9167,83.4167,37.95,8.53,12.95
26.9167,83.5833,37.9,8.72,12.9
26.9167,83.75,37.53,8.79,12.53
26.9167,83.9167,37.16,8.94,12.16
26.9167,84.0833,37.18,9.0,12.18
26.9167,84.25,36.93,9.04,11.93
26.9167,84.4167,36.8,9.11,11.8
26.9167,84.5833,36.64,9.12,11.64
26.9167,84.75,36.46,9.12,11.46
26.9167,84.9167,36.2,9.07,11.2
26.9167,85.0833,35.78,8.93,10.78
26.9167,85.25,35.52,8.77,10.52
26.9167,85.4167,35.1,8.65,10.1
26.9167,85.5833,34.65,8.52,9.65
26.9167,85.75,34.12,8.15,9.12
26.9167,85.9167,33.61,7.91,8.61
26.9167,86.0833,33.2,8.08,8.2
26.9167,86.25,32.9,8.37,7.9
26.9167,86.4167,31.99,8.32,6.99
26.9167,86.5833,29.34,7.03,4.34
26.9167,86.75,29.49,7.44,4.49
26.9167,86.9167,29.35,7.56,4.35
26.9167,87.0833,30.35,8.66,5.35
26.9167,87.25,30.05,8.58,5.05
26.9167,87.4167,29.04,7.68,4.04
26.9167,87.5833,27.68,6.7,2.68
26.9167,87.75,27.74,7.24,2.74
26.9167,87.9167,28.06,7.95,3.06
26.9167,88.0833,26.11,6.11,1.11
26.9167,88.25,26.8,7.26,1.8
26.9167,88.4167,29.42,10.57,4.42
26.9167,88.5833,30.33,11.57,5.33
26.9167,88.75,30.98,12.32,5.98
26.9167,88.9167,30.9,12.67,5.9
26.9167,89.0833,28.75,10.94,3.75
26.9167,89.25,27.97,9.75,2.97
26.9167,89.4167,27.84,9.44,2.84
26.9167,89.5833,23.65,4.65,0.0
26.9167,89.75,22.87,3.75,0.0
26.9167,89.9167,26.94,7.85,1.94
26.9167,90.0833,28.1,9.06,3.1
26.9167,90.25,27.64,8.89,2.64
26.9167,90.4167,29.67,10.85,4.67
26.9167,90.5833,28.28,9.6,3.28
26.9167,90.75,26.5,7.71,1.5
26.9167,90.9167,29.06,9.65,4.06
26.9167,91.0833,28.86,9.35,3.86
26.9167,91.25,28.48,8.87,3.48
26.9167,91.4167,27.31,7.91,2.31
26.9167,91.5833,27.17,7.73,2.17
26.9167,91.75,28.41,9.0,3.41
26.9167,91.9167,28.77,9.46,3.77
26.9167,92.0833,29.69,10.44,4.69
26.9167,92.25,30.28,10.75,5.28
26.9167,92.4167,31.46,11.32,6.46
26.9167,92.5833,32.23,11.29,7.23
26.9167,92.75,32.43,11.1,7.43
26.9167,92.9167,32.22,10.92,7.22
26.9167,93.0833,31.96,10.54,6.96
26.9167,93.25,31.91,10.27,6.91
26.9167,93.4167,32.0,10.13,7.0
26.9167,93.5833,32.27,10.04,7.27
26.9167,93.75,32.46,9.86,7.46
26.9167,93.9167,32.05,9.84,7.05
26.9167,94.0833,31.8,9.74,6.8
26.9167,94.25,31.8,9.66,6.8
26.9167,94.4167,31.95,9.64,6.95
26.9167,94.5833,32.33,9.73,7.33
26.9167,94.75,32.34,9.69,7.34
26.9167,94.9167,31.72,9.46,6.72
26.9167,95.0833,31.33,9.24,6.33
26.9167,95.25,29.18,7.82,4.18
26.9167,95.4167,27.78,6.35,2.78
26.9167,95.5833,24.99,3.68,0.0
26.9167,95.75,24.92,3.6,0.0
26.9167,95.9167,25.9,4.65,0.9
26.9167,96.0833,26.33,5.21,1.33
26.9167,96.25,28.06,6.86,3.06
26.9167,96.4167,27.44,6.56,2.44
26.9167,96.5833,25.94,5.16,0.94
26.9167,96.75,25.24,4.44,0.24
26.9167,96.9167,24.47,3.6,0.0
26.75,68.0833,43.04,6.02,18.04
26.75,68.25,43.21,5.93,18.21
26.75,68.4167,44.28,5.86,19.28
26.75,68.5833,44.72,6.09,19.72
26.75,68.75,44.72,6.24,19.72
26.75,68.9167,43.76,6.39,18.76
26.75,69.0833,44.36,6.37,19.36
26.75,69.25,44.35,6.43,19.35
26.75,69.4167,44.3,6.54,19.3
26.75,69.5833,44.18,6.51,19.18
26.75,69.75,44.15,6.5,19.15
26.75,69.9167,44.05,6.61,19.05
26.75,70.0833,43.78,6.9,18.78
26.75,70.25,43.4,7.04,18.4
26.75,70.4167,42.94,7.3,17.94
26.75,70.5833,42.53,7.48,17.53
26.75,70.75,42.11,7.91,17.11
26.75,70.9167,41.93,7.99,16.93
26.75,71.0833,42.08,7.76,17.08
26.75,71.25,42.0,7.62,17.0
26.75,71.4167,41.94,7.44,16.94
26.75,71.5833,41.79,7.47,16.79
26.75,71.75,41.86,7.49,16.86
26.75,71.9167,41.98,7.52,16.98
26.75,72.0833,41.73,7.39,16.73
26.75,72.25,41.56,7.16,16.56
26.75,72.4167,41.54,7.07,16.54
26.75,72.5833,41.5,7.13,16.5
26.75,72.75,41.4,7.29,16.4
26.75,72.9167,41.22,7.48,16.22
26.75,73.0833,41.36,7.56,16.36
26.75,73.25,41.14,7.76,16.14
26.75,73.4167,41.19,7.67,16.19
26.75,73.5833,41.12,7.57,16.12
26.75,73.75,41.04,7.51,16.04
26.75,73.9167,41.05,7.34,16.05
26.75,74.0833,41.27,7.26,16.27
26.75,74.25,41.17,7.17,16.17
26.75,74.4167,40.76,6.94,15.76
26.75,74.5833,40.4,6.68,15.4
26.75,74.75,40.23,6.8,15.23
26.75,74.9167,40.57,6.94,15.57
26.75,75.0833,40.86,7.13,15.86
26.75,75.25,41.06,7.23,16.06
26.75,75.4167,41.18,7.22,16.18
26.75,75.5833,41.29,7.15,16.29
26.75,75.75,41.11,7.39,16.11
26.75,75.9167,41.2,7.25,16.2
26.75,76.0833,41.2,7.24,16.2
26.75,76.25,41.45,7.08,16.45
26.75,76.4167,40.99,7.18,15.99
26.75,76.5833,41.37,7.24,16.37
26.75,76.75,41.99,7.24,16.99
26.75,76.9167,42.2,7.06,17.2
26.75,77.0833,42.05,7.08,17.05
26.75,77.25,41.66,7.23,16.66
26.75,77.4167,41.96,7.36,16.96
26.75,77.5833,42.38,6.89,17.38
26.75,77.75,42.49,6.91,17.49
26.75,77.9167,42.54,7.04,17.54
26.75,78.0833,42.58,7.09,17.58
26.75,78.25,42.52,7.05,17.52
26.75,78.4167,42.68,7.15,17.68
26.75,78.5833,42.78,7.29,17.78
26.75,78.75,42.79,7.43,17.79
26.75,78.9167,42.55,7.62,17.55
26.75,79.0833,42.39,7.73,17.39
26.75,79.25,42.48,7.8,17.48
26.75,79.4167,42.29,7.88,17.29
26.75,79.5833,42.19,7.95,17.19
26.75,79.75,42.05,7.99,17.05
26.75,79.9167,41.82,8.05,16.82
26.75,80.0833,41.41,8.09,16.41
26.75,80.25,41.54,8.15,16.54
26.75,80.4167,41.05,8.2,16.05
26.75,80.5833,40.83,8.19,15.83
26.75,80.75,40.76,8.22,15.76
26.75,80.9167,40.71,8.46,15.71
26.75,81.0833,40.33,8.38,15.33
26.75,81.25,39.95,8.31,14.95
26.75,81.4167,39.78,8.29,14.78
26.75,81.5833,39.91,8.25,14.91
26.75,81.75,39.73,8.27,14.73
26.75,81.9167,39.72,8.2,14.72
26.75,82.0833,39.48,8.2,14.48
26.75,82.25,39.31,8.16,14.31
26.75,82.4167,39.27,8.11,14.27
26.75,82.5833,39.04,8.12,14.04
26.75,82.75,38.99,8.26,13.99
26.75,82.9167,38.87,8.27,13.87
26.75,83.0833,38.81,8.33,13.81
26.75,83.25,38.61,8.43,13.61
26.75,83.4167,38.12,8.64,13.12
26.75,83.5833,38.2,8.67,13.2
26.75,83.75,37.99,8.83,12.99
26.75,83.9167,37.79,8.89,12.79
26.75,84.0833,37.61,8.97,12.61
26.75,84.25,37.19,9.04,12.19
26.75,84.4167,36.97,9.05,11.97
26.75,84.5833,36.79,9.03,11.79
26.75,84.75,36.64,8.99,11.64
26.75,84.9167,36.52,8.92,11.52
26.75,85.0833,36.14,8.85,11.14
26.75,85.25,35.71,8.73,10.71
26.75,85.4167,35.28,8.54,10.28
26.75,85.5833,34.93,8.5,9.93
26.75,85.75,34.58,8.35,9.58
26.75,85.9167,34.36,8.31,9.36
26.75,86.0833,34.28,8.4,9.28
26.75,86.25,34.14,8.64,9.14
26.75,86.4167,33.98,8.9,8.98
26.75,86.5833,33.6,9.21,8.6
26.75,86.75,33.08,9.61,8.08
26.75,86.9167,33.93,9.99,8.93
26.75,87.0833,34.35,10.21,9.35
26.75,87.25,33.41,10.23,8.41
26.75,87.4167,31.76,9.66,6.76
26.75,87.5833,31.6,9.79,6.6
26.75,87.75,32.31,10.58,7.31
26.75,87.9167,32.03,10.72,7.03
26.75,88.0833,31.07,10.34,6.07
26.75,88.25,31.85,10.9,6.85
26.75,88.4167,32.22,11.38,7.22
26.75,88.5833,32.0,11.67,7.0
26.75,88.75,32.02,12.07,7.02
26.75,88.9167,31.9,12.35,6.9
26.75,89.0833,31.8,12.46,6.8
26.75,89.25,31.72,12.5,6.72
26.75,89.4167,32.07,12.27,7.07
26.75,89.5833,29.66,10.87,4.66
26.75,89.75,29.73,10.78,4.73
26.75,89.9167,30.91,11.57,5.91
26.75,90.0833,30.83,11.65,5.83
26.75,90.25,31.72,12.09,6.72
26.75,90.4167,32.05,12.08,7.05
26.75,90.5833,31.73,12.04,6.73
26.75,90.75,30.64,11.4,5.64
26.75,90.9167,31.11,11.52,6.11
26.75,91.0833,31.62,11.44,6.62
26.75,91.25,31.33,11.16,6.33
26.75,91.4167,31.37,11.22,6.37
26.75,91.5833,31.53,11.3,6.53
26.75,91.75,31.71,11.49,6.71
26.75,91.9167,31.94,11.62,6.94
26.75,92.0833,32.11,11.77,7.11
26.75,92.25,32.3,11.67,7.3
26.75,92.4167,32.44,11.44,7.44
26.75,92.5833,32.62,11.25,7.62
26.75,92.75,32.68,10.96,7.68
26.75,92.9167,32.58,10.74,7.58
26.75,93.0833,32.6,10.46,7.6
26.75,93.25,32.34,10.23,7.34
26.75,93.4167,32.34,9.96,7.34
26.75,93.5833,32.25,9.92,7.25
26.75,93.75,32.15,9.83,7.15
26.75,93.9167,32.12,9.76,7.12
26.75,94.0833,32.17,9.72,7.17
26.75,94.25,32.15,9.64,7.15
26.75,94.4167,32.12,9.66,7.12
26.75,94.5833,31.81,9.69,6.81
26.75,94.75,31.15,9.29,6.15
26.75,94.9167,29.67,8.13,4.67
26.75,95.0833,29.18,7.5,4.18
26.75,95.25,27.39,5.85,2.39
26.75,95.4167,25.13,3.74,0.13
26.75,95.5833,24.33,3.1,0.0
26.75,95.75,27.83,6.24,2.83
26.75,95.9167,25.27,4.32,0.27
26.75,96.0833,27.1,6.23,2.1
26.75,96.25,28.96,7.88,3.96
26.75,96.4167,29.57,8.61,4.57
26.75,96.5833,29.38,8.51,4.38
26.75,96.75,28.96,8.19,3.96
26.75,96.9167,28.37,7.84,3.37
26.5833,68.0833,42.93,6.25,17.93
26.5833,68.25,43.01,6.21,18.01
26.5833,68.4167,44.07,5.93,19.07
26.5833,68.5833,44.66,5.95,19.66
26.5833,68.75,44.44,6.14,19.44
26.5833,68.9167,43.45,6.41,18.45
26.5833,69.0833,44.13,6.5,19.13
26.5833,69.25,44.14,6.38,19.14
26.5833,69.4167,44.13,6.38,19.13
26.5833,69.5833,44.05,6.48,19.05
26.5833,69.75,43.99,6.56,18.99
26.5833,69.9167,43.9,6.64,18.9
26.5833,70.0833,43.67,7.03,18.67
26.5833,70.25,43.32,7.14,18.32
26.5833,70.4167,42.97,7.27,17.97
26.5833,70.5833,42.7,7.52,17.7
26.5833,70.75,42.46,7.69,17.46
26.5833,70.9167,42.13,7.77,17.13
26.5833,71.0833,42.04,7.74,17.04
26.5833,71.25,41.89,7.67,16.89
26.5833,71.4167,41.6,7.66,16.6
26.5833,71.5833,41.59,7.68,16.59
26.5833,71.75,41.8,7.66,16.8
26.5833,71.9167,41.98,7.53,16.98
26.5833,72.0833,41.81,7.37,16.81
26.5833,72.25,41.65,7.38,16.65
26.5833,72.4167,41.43,7.49,16.43
26.5833,72.5833,41.3,7.75,16.3
26.5833,72.75,41.39,7.75,16.39
26.5833,72.9167,41.22,7.96,16.22
26.5833,73.0833,41.43,8.05,16.43
26.5833,73.25,41.35,8.19,16.35
26.5833,73.4167,41.23,8.03,16.23
26.5833,73.5833,41.17,7.94,16.17
26.5833,73.75,41.04,8.0,16.04
26.5833,73.9167,41.06,7.74,16.06
26.5833,74.0833,41.11,7.53,16.11
26.5833,74.25,41.05,7.24,16.05
26.5833,74.4167,40.5,6.94,15.5
26.5833,74.5833,39.74,6.99,14.74
26.5833,74.75,40.1,6.98,15.1
26.5833,74.9167,40.46,7.34,15.46
26.5833,75.0833,41.06,7.34,16.06
26.5833,75.25,41.42,7.44,16.42
26.5833,75.4167,41.56,7.46,16.56
26.5833,75.5833,41.63,7.54,16.63
26.5833,75.75,41.55,7.52,16.55
26.5833,75.9167,41.4,7.54,16.4
26.5833,76.0833,41.71,7.35,16.71
26.5833,76.25,41.72,7.28,16.72
26.5833,76.4167,41.26,7.6,16.26
26.5833,76.5833,42.12,7.28,17.12
26.5833,76.75,42.16,7.16,17.16
26.5833,76.9167,41.97,7.13,16.97
26.5833,77.0833,41.65,7.29,16.65
26.5833,77.25,41.87,7.39,16.87
26.5833,77.4167,42.13,7.31,17.13
26.5833,77.5833,42.13,7.3,17.13
26.5833,77.75,42.25,7.42,17.25
26.5833,77.9167,42.48,7.18,17.48
26.5833,78.0833,42.64,7.03,17.64
26.5833,78.25,42.83,7.0,17.83
26.5833,78.4167,42.87,7.06,17.87
26.5833,78.5833,43.02,7.2,18.02
26.5833,78.75,42.98,7.46,17.98
26.5833,78.9167,42.97,7.59,17.97
26.5833,79.0833,42.5,7.82,17.5
26.5833,79.25,42.48,7.87,17.48
26.5833,79.4167,42.48,7.91,17.48
26.5833,79.5833,42.35,7.98,17.35
26.5833,79.75,42.16,8.0,17.16
26.5833,79.9167,42.03,8.04,17.03
26.5833,80.0833,41.82,8.09,16.82
26.5833,80.25,41.55,8.19,16.55
26.5833,80.4167,41.51,8.15,16.51
26.5833,80.5833,41.32,8.13,16.32
26.5833,80.75,41.23,8.22,16.23
26.5833,80.9167,41.23,8.2,16.23
26.5833,81.0833,40.59,8.33,15.59
26.5833,81.25,40.25,8.4,15.25
26.5833,81.4167,40.28,8.33,15.28
26.5833,81.5833,40.22,8.25,15.22
26.5833,81.75,40.15,8.17,15.15
26.5833,81.9167,39.97,8.24,14.97
26.5833,82.0833,39.75,8.2,14.75
26.5833,82.25,39.57,8.17,14.57
26.5833,82.4167,39.45,8.3,14.45
26.5833,82.5833,39.23,8.35,14.23
26.5833,82.75,39.19,8.39,14.19
26.5833,82.9167,39.2,8.46,14.2
26.5833,83.0833,39.19,8.54,14.19
26.5833,83.25,39.17,8.55,14.17
26.5833,83.4167,38.84,8.64,13.84
26.5833,83.5833,38.7,8.77,13.7
26.5833,83.75,38.51,8.91,13.51
26.5833,83.9167,38.32,8.96,13.32
26.5833,84.0833,38.13,8.99,13.13
26.5833,84.25,37.69,8.97,12.69
26.5833,84.4167,37.39,8.96,12.39
26.5833,84.5833,37.12,8.92,12.12
26.5833,84.75,36.83,8.95,11.83
26.5833,84.9167,36.55,8.88,11.55
26.5833,85.0833,36.46,8.75,11.46
26.5833,85.25,35.95,8.66,10.95
26.5833,85.4167,35.57,8.59,10.57
26.5833,85.5833,35.27,8.51,10.27
26.5833,85.75,35.02,8.46,10.02
26.5833,85.9167,34.82,8.45,9.82
26.5833,86.0833,34.53,8.57,9.53
26.5833,86.25,34.48,8.78,9.48
26.5833,86.4167,34.45,8.97,9.45
26.5833,86.5833,34.59,9.19,9.59
26.5833,86.75,34.5,9.52,9.5
26.5833,86.9167,34.59,9.72,9.59
26.5833,87.0833,34.56,9.95,9.56
26.5833,87.25,34.43,10.08,9.43
26.5833,87.4167,34.06,10.21,9.06
26.5833,87.5833,33.92,10.32,8.92
26.5833,87.75,33.78,10.42,8.78
26.5833,87.9167,33.58,10.53,8.58
26.5833,88.0833,33.25,10.58,8.25
26.5833,88.25,32.94,10.59,7.94
26.5833,88.4167,32.7,10.92,7.7
26.5833,88.5833,32.32,11.28,7.32
26.5833,88.75,32.17,11.7,7.17
26.5833,88.9167,32.09,11.96,7.09
26.5833,89.0833,32.05,12.05,7.05
26.5833,89.25,32.14,11.89,7.14
26.5833,89.4167,32.18,11.79,7.18
26.5833,89.5833,32.21,11.77,7.21
26.5833,89.75,32.38,11.72,7.38
26.5833,89.9167,32.39,11.65,7.39
26.5833,90.0833,32.27,11.78,7.27
26.5833,90.25,32.19,11.85,7.19
26.5833,90.4167,32.21,11.97,7.21
26.5833,90.5833,32.25,12.09,7.25
26.5833,90.75,31.92,11.96,6.92
26.5833,90.9167,31.72,11.74,6.72
26.5833,91.0833,31.9,11.58,6.9
26.5833,91.25,31.85,11.35,6.85
26.5833,91.4167,31.72,11.24,6.72
26.5833,91.5833,31.78,11.24,6.78
26.5833,91.75,31.82,11.28,6.82
26.5833,91.9167,31.9,11.42,6.9
26.5833,92.0833,32.05,11.52,7.05
26.5833,92.25,32.14,11.5,7.14
26.5833,92.4167,32.0,11.33,7.0
26.5833,92.5833,32.0,11.06,7.0
26.5833,92.75,32.11,10.86,7.11
26.5833,92.9167,32.35,10.62,7.35
26.5833,93.0833,31.77,10.32,6.77
26.5833,93.25,32.07,10.06,7.07
26.5833,93.4167,31.67,9.63,6.67
26.5833,93.5833,31.61,9.58,6.61
26.5833,93.75,32.29,9.7,7.29
26.5833,93.9167,32.31,9.65,7.31
26.5833,94.0833,32.28,9.6,7.28
26.5833,94.25,32.02,9.59,7.02
26.5833,94.4167,31.15,9.37,6.15
26.5833,94.5833,30.37,8.79,5.37
26.5833,94.75,29.29,7.81,4.29
26.5833,94.9167,28.94,7.27,3.94
26.5833,95.0833,26.87,5.37,1.87
26.5833,95.25,25.65,4.13,0.65
26.5833,95.4167,25.39,4.1,0.39
26.5833,95.5833,27.49,6.0,2.49
26.5833,95.75,27.01,5.74,2.01
26.5833,95.9167,25.44,4.81,0.44
26.5833,96.0833,27.67,7.21,2.67
26.5833,96.25,29.71,8.97,4.71
26.5833,96.4167,30.22,9.04,5.22
26.5833,96.5833,30.08,8.9,5.08
26.5833,96.75,29.83,8.8,4.83
26.5833,96.9167,29.05,8.64,4.05
26.4167,68.0833,43.41,6.48,18.41
26.4167,68.25,43.07,6.56,18.07
26.4167,68.4167,43.27,6.45,18.27
26.4167,68.5833,43.9,6.38,18.9
26.4167,68.75,43.85,6.45,18.85
26.4167,68.9167,42.98,6.61,17.98
26.4167,69.0833,43.86,6.58,18.86
26.4167,69.25,43.9,6.41,18.9
26.4167,69.4167,43.93,6.38,18.93
26.4167,69.5833,43.85,6.46,18.85
26.4167,69.75,43.81,6.54,18.81
26.4167,69.9167,43.76,6.71,18.76
26.4167,70.0833,43.46,7.01,18.46
26.4167,70.25,43.18,7.13,18.18
26.4167,70.4167,43.04,7.3,18.04
26.4167,70.5833,42.91,7.53,17.91
26.4167,70.75,42.73,7.64,17.73
26.4167,70.9167,42.48,7.68,17.48
26.4167,71.0833,42.16,7.7,17.16
26.4167,71.25,41.93,7.85,16.93
26.4167,71.4167,41.78,7.89,16.78
26.4167,71.5833,41.85,7.82,16.85
26.4167,71.75,41.97,7.8,16.97
26.4167,71.9167,42.11,7.65,17.11
26.4167,72.0833,42.01,7.7,17.01
26.4167,72.25,41.86,7.74,16.86
26.4167,72.4167,41.42,8.2,16.42
26.4167,72.5833,41.61,8.25,16.61
26.4167,72.75,41.65,8.34,16.65
26.4167,72.9167,41.21,8.41,16.21
26.4167,73.0833,41.47,8.56,16.47
26.4167,73.25,41.75,8.15,16.75
26.4167,73.4167,41.62,8.22,16.62
26.4167,73.5833,41.5,8.32,16.5
26.4167,73.75,41.11,8.29,16.11
26.4167,73.9167,41.16,7.96,16.16
26.4167,74.0833,41.12,7.64,16.12
26.4167,74.25,40.68,7.65,15.68
26.4167,74.4167,40.5,7.26,15.5
26.4167,74.5833,39.49,7.6,14.49
26.4167,74.75,40.05,7.43,15.05
26.4167,74.9167,40.79,7.41,15.79
26.4167,75.0833,41.1,7.54,16.1
26.4167,75.25,41.45,7.62,16.45
26.4167,75.4167,41.56,7.7,16.56
26.4167,75.5833,41.74,7.67,16.74
26.4167,75.75,41.67,7.68,16.67
26.4167,75.9167,41.53,7.75,16.53
26.4167,76.0833,41.82,7.62,16.82
26.4167,76.25,41.97,7.56,16.97
26.4167,76.4167,42.08,7.56,17.08
26.4167,76.5833,42.19,7.43,17.19
26.4167,76.75,41.9,7.53,16.9
26.4167,76.9167,41.73,7.48,16.73
26.4167,77.0833,41.65,7.55,16.65
26.4167,77.25,41.91,7.7,16.91
26.4167,77.4167,42.24,7.82,17.24
26.4167,77.5833,42.4,7.54,17.4
26.4167,77.75,42.5,7.15,17.5
26.4167,77.9167,42.57,7.12,17.57
26.4167,78.0833,42.46,7.29,17.46
26.4167,78.25,42.89,7.19,17.89
26.4167,78.4167,43.05,7.12,18.05
26.4167,78.5833,43.2,7.19,18.2
26.4167,78.75,43.19,7.52,18.19
26.4167,78.9167,43.09,7.72,18.09
26.4167,79.0833,42.93,7.85,17.93
26.4167,79.25,42.76,7.98,17.76
26.4167,79.4167,42.59,8.05,17.59
26.4167,79.5833,42.49,8.05,17.49
26.4167,79.75,42.43,8.0,17.43
26.4167,79.9167,42.17,8.11,17.17
26.4167,80.0833,42.04,8.17,17.04
26.4167,80.25,41.69,8.39,16.69
26.4167,80.4167,41.5,8.27,16.5
26.4167,80.5833,41.68,8.06,16.68
26.4167,80.75,41.45,8.16,16.45
26.4167,80.9167,41.41,8.22,16.41
26.4167,81.0833,40.98,8.36,15.98
26.4167,81.25,40.71,8.33,15.71
26.4167,81.4167,40.62,8.32,15.62
26.4167,81.5833,40.39,8.36,15.39
26.4167,81.75,40.42,8.26,15.42
26.4167,81.9167,40.3,8.27,15.3
26.4167,82.0833,40.14,8.28,15.14
26.4167,82.25,40.03,8.26,15.03
26.4167,82.4167,39.89,8.33,14.89
26.4167,82.5833,39.67,8.47,14.67
26.4167,82.75,39.47,8.61,14.47
26.4167,82.9167,39.55,8.64,14.55
26.4167,83.0833,39.46,8.71,14.46
26.4167,83.25,39.43,8.81,14.43
26.4167,83.4167,39.33,8.84,14.33
26.4167,83.5833,39.19,8.94,14.19
26.4167,83.75,39.06,9.02,14.06
26.4167,83.9167,38.83,9.04,13.83
26.4167,84.0833,38.49,8.97,13.49
26.4167,84.25,38.11,9.01,13.11
26.4167,84.4167,37.85,9.06,12.85
26.4167,84.5833,37.42,8.97,12.42
26.4167,84.75,37.15,8.96,12.15
26.4167,84.9167,36.89,8.83,11.89
26.4167,85.0833,36.58,8.72,11.58
26.4167,85.25,36.14,8.63,11.14
26.4167,85.4167,35.72,8.6,10.72
26.4167,85.5833,35.47,8.55,10.47
26.4167,85.75,35.23,8.52,10.23
26.4167,85.9167,35.0,8.61,10.0
26.4167,86.0833,34.79,8.75,9.79
26.4167,86.25,34.77,8.92,9.77
26.4167,86.4167,34.75,9.11,9.75
26.4167,86.5833,34.77,9.25,9.77
26.4167,86.75,34.65,9.45,9.65
26.4167,86.9167,34.75,9.58,9.75
26.4167,87.0833,34.81,9.71,9.81
26.4167,87.25,34.73,9.86,9.73
26.4167,87.4167,34.61,10.03,9.61
26.4167,87.5833,34.4,10.13,9.4
26.4167,87.75,34.12,10.24,9.12
26.4167,87.9167,33.86,10.34,8.86
26.4167,88.0833,33.58,10.44,8.58
26.4167,88.25,33.22,10.49,8.22
26.4167,88.4167,33.02,10.69,8.02
26.4167,88.5833,32.76,11.02,7.76
26.4167,88.75,32.57,11.24,7.57
26.4167,88.9167,32.39,11.4,7.39
26.4167,89.0833,32.22,11.52,7.22
26.4167,89.25,32.23,11.44,7.23
26.4167,89.4167,32.2,11.33,7.2
26.4167,89.5833,32.11,11.42,7.11
26.4167,89.75,32.08,11.52,7.08
26.4167,89.9167,32.12,11.42,7.12
26.4167,90.0833,32.07,11.71,7.07
26.4167,90.25,31.96,11.86,6.96
26.4167,90.4167,31.91,12.01,6.91
26.4167,90.5833,31.78,12.1,6.78
26.4167,90.75,31.73,12.01,6.73
26.4167,90.9167,31.65,11.86,6.65
26.4167,91.0833,31.69,11.66,6.69
26.4167,91.25,31.7,11.32,6.7
26.4167,91.4167,31.64,11.26,6.64
26.4167,91.5833,31.71,11.23,6.71
26.4167,91.75,31.77,11.12,6.77
26.4167,91.9167,31.9,11.18,6.9
26.4167,92.0833,31.74,11.23,6.74
26.4167,92.25,31.65,11.29,6.65
26.4167,92.4167,32.08,11.37,7.08
26.4167,92.5833,32.48,11.18,7.48
26.4167,92.75,32.51,10.81,7.51
26.4167,92.9167,32.19,10.28,7.19
26.4167,93.0833,30.84,9.42,5.84
26.4167,93.25,29.93,8.62,4.93
26.4167,93.4167,30.12,8.69,5.12
26.4167,93.5833,30.1,8.66,5.1
26.4167,93.75,31.42,9.3,6.42
26.4167,93.9167,32.28,9.56,7.28
26.4167,94.0833,32.34,9.58,7.34
26.4167,94.25,31.17,9.22,6.17
26.4167,94.4167,29.65,8.13,4.65
26.4167,94.5833,28.73,7.31,3.73
26.4167,94.75,27.88,6.5,2.88
26.4167,94.9167,27.65,6.24,2.65
26.4167,95.0833,23.77,2.73,0.0
26.4167,95.25,25.66,4.38,0.66
26.4167,95.4167,27.05,5.68,2.05
26.4167,95.5833,28.34,6.88,3.34
26.4167,95.75,26.57,5.73,1.57
26.4167,95.9167,28.71,7.88,3.71
26.4167,96.0833,30.26,8.99,5.26
26.4167,96.25,29.93,9.17,4.93
26.4167,96.4167,29.57,8.95,4.57
26.4167,96.5833,30.37,9.04,5.37
26.4167,96.75,30.29,8.97,5.29
26.4167,96.9167,29.77,8.97,4.77
26.25,68.0833,43.29,6.81,18.29
26.25,68.25,42.68,6.77,17.68
26.25,68.4167,43.23,6.78,18.23
26.25,68.5833,43.08,6.84,18.08
26.25,68.75,42.91,6.84,17.91
26.25,68.9167,42.52,6.92,17.52
26.25,69.0833,42.67,7.18,17.67
26.25,69.25,43.46,6.73,18.46
26.25,69.4167,43.69,6.56,18.69
26.25,69.5833,43.68,6.54,18.68
26.25,69.75,43.66,6.53,18.66
26.25,69.9167,43.61,6.75,18.61
26.25,70.0833,43.35,6.99,18.35
26.25,70.25,43.12,7.17,18.12
26.25,70.4167,42.99,7.3,17.99
26.25,70.5833,42.81,7.46,17.81
26.25,70.75,42.56,7.6,17.56
26.25,70.9167,42.17,7.66,17.17
26.25,71.0833,41.99,7.78,16.99
26.25,71.25,42.14,7.92,17.14
26.25,71.4167,42.13,7.95,17.13
26.25,71.5833,42.11,7.92,17.11
26.25,71.75,42.15,7.92,17.15
26.25,71.9167,42.23,7.92,17.23
26.25,72.0833,42.18,8.07,17.18
26.25,72.25,42.04,8.17,17.04
26.25,72.4167,42.0,8.53,17.0
26.25,72.5833,42.03,8.65,17.03
26.25,72.75,41.96,8.63,16.96
26.25,72.9167,41.25,9.35,16.25
26.25,73.0833,41.55,9.06,16.55
26.25,73.25,41.95,8.61,16.95
26.25,73.4167,41.7,8.62,16.7
26.25,73.5833,41.61,8.54,16.61
26.25,73.75,41.18,8.45,16.18
26.25,73.9167,41.26,8.1,16.26
26.25,74.0833,41.09,8.18,16.09
26.25,74.25,40.53,8.04,15.53
26.25,74.4167,40.36,7.54,15.36
26.25,74.5833,40.2,7.57,15.2
26.25,74.75,40.6,7.51,15.6
26.25,74.9167,40.96,7.66,15.96
26.25,75.0833,41.17,7.85,16.17
26.25,75.25,41.52,7.87,16.52
26.25,75.4167,41.62,8.03,16.62
26.25,75.5833,41.94,7.94,16.94
26.25,75.75,41.97,7.99,16.97
26.25,75.9167,41.94,8.01,16.94
26.25,76.0833,42.08,7.92,17.08
26.25,76.25,42.21,7.89,17.21
26.25,76.4167,42.29,7.66,17.29
26.25,76.5833,42.12,7.76,17.12
26.25,76.75,41.75,7.91,16.75
26.25,76.9167,41.63,8.04,16.63
26.25,77.0833,42.08,8.17,17.08
26.25,77.25,42.45,7.99,17.45
26.25,77.4167,42.34,7.64,17.34
26.25,77.5833,42.55,7.48,17.55
26.25,77.75,42.37,7.64,17.37
26.25,77.9167,42.12,7.76,17.12
26.25,78.0833,42.2,7.6,17.2
26.25,78.25,42.61,7.38,17.61
26.25,78.4167,43.13,7.21,18.13
26.25,78.5833,43.27,7.38,18.27
26.25,78.75,43.24,7.62,18.24
26.25,78.9167,43.06,7.77,18.06
26.25,79.0833,43.0,7.9,18.0
26.25,79.25,42.83,7.89,17.83
26.25,79.4167,42.87,7.99,17.87
26.25,79.5833,42.62,8.22,17.62
26.25,79.75,42.51,8.15,17.51
26.25,79.9167,42.38,8.19,17.38
26.25,80.0833,42.21,8.19,17.21
26.25,80.25,42.11,8.13,17.11
26.25,80.4167,41.99,8.13,16.99
26.25,80.5833,42.01,8.14,17.01
26.25,80.75,41.8,8.23,16.8
26.25,80.9167,41.68,8.25,16.68
26.25,81.0833,41.35,8.32,16.35
26.25,81.25,40.95,8.44,15.95
26.25,81.4167,40.94,8.39,15.94
26.25,81.5833,40.8,8.38,15.8
26.25,81.75,40.67,8.32,15.67
26.25,81.9167,40.5,8.32,15.5
26.25,82.0833,40.4,8.34,15.4
26.25,82.25,40.33,8.32,15.33
26.25,82.4167,40.29,8.39,15.29
26.25,82.5833,40.09,8.47,15.09
26.25,82.75,39.93,8.62,14.93
26.25,82.9167,39.98,8.78,14.98
26.25,83.0833,39.91,8.95,14.91
26.25,83.25,39.77,9.08,14.77
26.25,83.4167,39.57,9.17,14.57
26.25,83.5833,39.41,9.19,14.41
26.25,83.75,39.25,9.18,14.25
26.25,83.9167,39.18,9.16,14.18
26.25,84.0833,38.83,9.09,13.83
26.25,84.25,38.53,9.09,13.53
26.25,84.4167,38.21,9.13,13.21
26.25,84.5833,37.79,9.07,12.79
26.25,84.75,37.5,8.92,12.5
26.25,84.9167,37.11,8.91,12.11
26.25,85.0833,36.71,8.83,11.71
26.25,85.25,36.37,8.7,11.37
26.25,85.4167,36.03,8.66,11.03
26.25,85.5833,35.72,8.66,10.72
26.25,85.75,35.47,8.63,10.47
26.25,85.9167,35.24,8.77,10.24
26.25,86.0833,35.09,8.88,10.09
26.25,86.25,35.02,9.05,10.02
26.25,86.4167,35.04,9.2,10.04
26.25,86.5833,34.98,9.32,9.98
26.25,86.75,34.9,9.46,9.9
26.25,86.9167,35.02,9.49,10.02
26.25,87.0833,34.81,9.63,9.81
26.25,87.25,34.77,9.73,9.77
26.25,87.4167,34.79,9.89,9.79
26.25,87.5833,34.62,10.02,9.62
26.25,87.75,34.44,10.09,9.44
26.25,87.9167,34.24,10.16,9.24
26.25,88.0833,33.92,10.27,8.92
26.25,88.25,33.51,10.35,8.51
26.25,88.4167,33.14,10.52,8.14
26.25,88.5833,32.81,10.75,7.81
26.25,88.75,32.58,10.93,7.58
26.25,88.9167,32.45,11.02,7.45
26.25,89.0833,32.41,11.05,7.41
26.25,89.25,32.52,11.04,7.52
26.25,89.4167,32.41,10.99,7.41
26.25,89.5833,32.21,11.15,7.21
26.25,89.75,32.15,11.3,7.15
26.25,89.9167,32.08,11.12,7.08
26.25,90.0833,31.9,11.41,6.9
26.25,90.25,31.68,11.95,6.68
26.25,90.4167,31.54,12.04,6.54
26.25,90.5833,31.4,12.16,6.4
26.25,90.75,31.45,11.94,6.45
26.25,90.9167,31.44,11.79,6.44
26.25,91.0833,31.4,11.59,6.4
26.25,91.25,31.45,11.47,6.45
26.25,91.4167,31.56,11.2,6.56
26.25,91.5833,31.74,11.06,6.74
26.25,91.75,31.69,11.12,6.69
26.25,91.9167,31.2,11.08,6.2
26.25,92.0833,31.6,11.24,6.6
26.25,92.25,32.05,11.07,7.05
26.25,92.4167,32.28,10.95,7.28
26.25,92.5833,32.38,10.75,7.38
26.25,92.75,32.19,10.39,7.19
26.25,92.9167,31.19,9.78,6.19
26.25,93.0833,32.1,9.85,7.1
26.25,93.25,30.55,8.94,5.55
26.25,93.4167,28.68,7.58,3.68
26.25,93.5833,28.8,7.63,3.8
26.25,93.75,31.4,9.16,6.4
26.25,93.9167,32.38,9.52,7.38
26.25,94.0833,31.47,9.25,6.47
26.25,94.25,30.05,8.41,5.05
26.25,94.4167,28.31,6.87,3.31
26.25,94.5833,27.18,5.76,2.18
26.25,94.75,25.08,4.03,0.08
26.25,94.9167,23.79,2.85,0.0
26.25,95.0833,23.94,2.86,0.0
26.25,95.25,23.58,2.73,0.0
26.25,95.4167,26.49,5.43,1.49
26.25,95.5833,28.52,7.41,3.52
26.25,95.75,29.78,8.51,4.78
26.25,95.9167,29.42,8.52,4.42
26.25,96.0833,30.76,9.25,5.76
26.25,96.25,30.5,9.3,5.5
26.25,96.4167,29.29,8.8,4.29
26.25,96.5833,30.55,9.0,5.55
26.25,96.75,30.69,8.88,5.69
26.25,96.9167,30.03,8.98,5.03
26.0833,68.0833,43.16,7.29,18.16
26.0833,68.25,42.91,7.19,17.91
26.0833,68.4167,42.29,7.23,17.29
26.0833,68.5833,42.7,7.13,17.7
26.0833,68.75,42.2,7.35,17.2
26.0833,68.9167,42.22,7.51,17.22
26.0833,69.0833,41.59,8.01,16.59
26.0833,69.25,42.4,7.44,17.4
26.0833,69.4167,43.36,6.81,18.36
26.0833,69.5833,43.41,6.74,18.41
26.0833,69.75,43.41,6.7,18.41
26.0833,69.9167,43.39,6.72,18.39
26.0833,70.0833,43.21,6.98,18.21
26.0833,70.25,43.06,7.19,18.06
26.0833,70.4167,42.85,7.42,17.85
26.0833,70.5833,42.6,7.57,17.6
26.0833,70.75,42.3,7.63,17.3
26.0833,70.9167,42.06,7.71,17.06
26.0833,71.0833,41.84,7.79,16.84
26.0833,71.25,42.16,7.99,17.16
26.0833,71.4167,42.34,8.04,17.34
26.0833,71.5833,42.3,8.15,17.3
26.0833,71.75,42.34,8.16,17.34
26.0833,71.9167,42.36,8.35,17.36
26.0833,72.0833,42.38,8.59,17.38
26.0833,72.25,42.33,8.77,17.33
26.0833,72.4167,42.17,8.98,17.17
26.0833,72.5833,42.15,9.0,17.15
26.0833,72.75,42.13,8.96,17.13
26.0833,72.9167,42.16,8.93,17.16
26.0833,73.0833,41.85,9.06,16.85
26.0833,73.25,41.67,8.94,16.67
26.0833,73.4167,41.72,8.86,16.72
26.0833,73.5833,41.59,8.82,16.59
26.0833,73.75,41.28,8.69,16.28
26.0833,73.9167,41.34,8.27,16.34
26.0833,74.0833,40.77,8.53,15.77
26.0833,74.25,39.95,8.2,14.95
26.0833,74.4167,39.97,7.96,14.97
26.0833,74.5833,40.54,7.7,15.54
26.0833,74.75,40.83,7.94,15.83
26.0833,74.9167,41.19,7.95,16.19
26.0833,75.0833,41.42,8.06,16.42
26.0833,75.25,41.62,8.08,16.62
26.0833,75.4167,41.61,8.25,16.61
26.0833,75.5833,42.04,8.12,17.04
26.0833,75.75,41.95,8.19,16.95
26.0833,75.9167,42.14,8.18,17.14
26.0833,76.0833,42.31,8.04,17.31
26.0833,76.25,42.25,8.01,17.25
26.0833,76.4167,41.69,8.09,16.69
26.0833,76.5833,41.55,8.28,16.55
26.0833,76.75,42.03,8.09,17.03
26.0833,76.9167,42.37,8.28,17.37
26.0833,77.0833,42.25,8.13,17.25
26.0833,77.25,41.92,7.96,16.92
26.0833,77.4167,42.55,7.89,17.55
26.0833,77.5833,42.17,7.84,17.17
26.0833,77.75,41.95,7.69,16.95
26.0833,77.9167,42.06,7.52,17.06
26.0833,78.0833,42.28,7.36,17.28
26.0833,78.25,42.42,7.46,17.42
26.0833,78.4167,42.77,7.66,17.77
26.0833,78.5833,42.94,7.85,17.94
26.0833,78.75,43.15,7.91,18.15
26.0833,78.9167,43.15,7.92,18.15
26.0833,79.0833,42.81,7.91,17.81
26.0833,79.25,42.89,7.89,17.89
26.0833,79.4167,42.86,8.09,17.86
26.0833,79.5833,42.83,8.17,17.83
26.0833,79.75,42.63,8.27,17.63
26.0833,79.9167,42.57,8.37,17.57
26.0833,80.0833,42.55,8.36,17.55
26.0833,80.25,42.35,8.29,17.35
26.0833,80.4167,42.13,8.35,17.13
26.0833,80.5833,41.98,8.43,16.98
26.0833,80.75,42.0,8.43,17.0
26.0833,80.9167,41.86,8.41,16.86
26.0833,81.0833,41.51,8.48,16.51
26.0833,81.25,41.1,8.52,16.1
26.0833,81.4167,40.96,8.46,15.96
26.0833,81.5833,41.04,8.35,16.04
26.0833,81.75,40.89,8.33,15.89
26.0833,81.9167,40.7,8.37,15.7
26.0833,82.0833,40.64,8.41,15.64
26.0833,82.25,40.57,8.43,15.57
26.0833,82.4167,40.47,8.46,15.47
26.0833,82.5833,40.4,8.61,15.4
26.0833,82.75,40.33,8.78,15.33
26.0833,82.9167,40.3,8.94,15.3
26.0833,83.0833,40.39,9.19,15.39
26.0833,83.25,40.37,9.42,15.37
26.0833,83.4167,40.04,9.41,15.04
26.0833,83.5833,39.86,9.37,14.86
26.0833,83.75,39.74,9.31,14.74
26.0833,83.9167,39.47,9.33,14.47
26.0833,84.0833,39.22,9.28,14.22
26.0833,84.25,39.14,9.19,14.14
26.0833,84.4167,38.84,9.15,13.84
26.0833,84.5833,38.28,9.13,13.28
26.0833,84.75,37.86,9.09,12.86
26.0833,84.9167,37.57,8.88,12.57
26.0833,85.0833,37.12,8.93,12.12
26.0833,85.25,36.83,8.86,11.83
26.0833,85.4167,36.47,8.85,11.47
26.0833,85.5833,36.11,8.71,11.11
26.0833,85.75,35.86,8.74,10.86
26.0833,85.9167,35.63,8.89,10.63
26.0833,86.0833,35.57,8.99,10.57
26.0833,86.25,35.52,9.13,10.52
26.0833,86.4167,35.32,9.19,10.32
26.0833,86.5833,35.23,9.38,10.23
26.0833,86.75,35.51,9.31,10.51
26.0833,86.9167,35.38,9.35,10.38
26.0833,87.0833,35.03,9.47,10.03
26.0833,87.25,34.99,9.53,9.99
26.0833,87.4167,34.88,9.66,9.88
26.0833,87.5833,34.88,9.8,9.88
26.0833,87.75,34.56,9.82,9.56
26.0833,87.9167,34.12,9.92,9.12
26.0833,88.0833,34.1,10.04,9.1
26.0833,88.25,33.64,10.11,8.64
26.0833,88.4167,33.26,10.27,8.26
26.0833,88.5833,32.84,10.41,7.84
26.0833,88.75,32.8,10.58,7.8
26.0833,88.9167,32.54,10.77,7.54
26.0833,89.0833,32.6,10.77,7.6
26.0833,89.25,32.54,10.85,7.54
26.0833,89.4167,32.68,10.85,7.68
26.0833,89.5833,32.22,11.07,7.22
26.0833,89.75,32.13,11.23,7.13
26.0833,89.9167,32.08,11.33,7.08
26.0833,90.0833,31.98,11.65,6.98
26.0833,90.25,31.95,11.83,6.95
26.0833,90.4167,31.72,11.94,6.72
26.0833,90.5833,31.46,11.86,6.46
26.0833,90.75,31.64,11.74,6.64
26.0833,90.9167,31.58,11.62,6.58
26.0833,91.0833,31.67,11.56,6.67
26.0833,91.25,31.6,11.38,6.6
26.0833,91.4167,31.54,11.12,6.54
26.0833,91.5833,31.31,10.9,6.31
26.0833,91.75,30.75,10.66,5.75
26.0833,91.9167,31.15,10.67,6.15
26.0833,92.0833,30.93,10.58,5.93
26.0833,92.25,31.25,10.64,6.25
26.0833,92.4167,30.63,10.06,5.63
26.0833,92.5833,32.05,10.63,7.05
26.0833,92.75,32.45,10.3,7.45
26.0833,92.9167,32.47,10.0,7.47
26.0833,93.0833,32.71,9.59,7.71
26.0833,93.25,31.69,9.14,6.69
26.0833,93.4167,30.17,8.24,5.17
26.0833,93.5833,29.6,7.9,4.6
26.0833,93.75,32.17,9.13,7.17
26.0833,93.9167,32.35,9.36,7.35
26.0833,94.0833,30.57,8.7,5.57
26.0833,94.25,28.02,6.61,3.02
26.0833,94.4167,28.75,7.06,3.75
26.0833,94.5833,24.78,3.64,0.0
26.0833,94.75,24.52,3.29,0.0
26.0833,94.9167,26.23,4.64,1.23
26.0833,95.0833,22.95,2.03,0.0
26.0833,95.25,22.17,1.57,0.0
26.0833,95.4167,27.8,6.74,2.8
26.0833,95.5833,29.56,8.35,4.56
26.0833,95.75,31.55,9.33,6.55
26.0833,95.9167,28.96,8.31,3.96
26.0833,96.0833,28.72,8.1,3.72
26.0833,96.25,28.89,8.14,3.89
26.0833,96.4167,28.94,8.41,3.94
26.0833,96.5833,30.21,9.17,5.21
26.0833,96.75,30.38,9.15,5.38
26.0833,96.9167,28.13,8.03,3.13
25.9167,68.0833,42.25,7.66,17.25
25.9167,68.25,43.02,7.77,18.02
25.9167,68.4167,42.08,7.76,17.08
25.9167,68.5833,41.75,7.88,16.75
25.9167,68.75,41.78,7.75,16.78
25.9167,68.9167,42.05,7.76,17.05
25.9167,69.0833,41.67,7.8,16.67
25.9167,69.25,41.83,7.55,16.83
25.9167,69.4167,42.53,7.21,17.53
25.9167,69.5833,43.11,6.87,18.11
25.9167,69.75,43.16,6.74,18.16
25.9167,69.9167,43.17,6.74,18.17
25.9167,70.0833,43.05,6.98,18.05
25.9167,70.25,42.92,7.22,17.92
25.9167,70.4167,42.73,7.36,17.73
25.9167,70.5833,42.54,7.49,17.54
25.9167,70.75,42.31,7.59,17.31
25.9167,70.9167,42.04,7.68,17.04
25.9167,71.0833,41.94,7.81,16.94
25.9167,71.25,42.1,8.04,17.1
25.9167,71.4167,42.44,8.16,17.44
25.9167,71.5833,42.43,8.26,17.43
25.9167,71.75,42.39,8.46,17.39
25.9167,71.9167,42.45,8.72,17.45
25.9167,72.0833,42.43,8.94,17.43
25.9167,72.25,42.26,9.09,17.26
25.9167,72.4167,42.25,9.06,17.25
25.9167,72.5833,42.36,9.16,17.36
25.9167,72.75,42.27,9.18,17.27
25.9167,72.9167,42.05,9.2,17.05
25.9167,73.0833,41.9,9.22,16.9
25.9167,73.25,41.81,9.21,16.81
25.9167,73.4167,41.65,9.17,16.65
25.9167,73.5833,41.6,9.03,16.6
25.9167,73.75,41.44,8.74,16.44
25.9167,73.9167,41.0,8.78,16.0
25.9167,74.0833,39.78,8.62,14.78
25.9167,74.25,39.48,8.26,14.48
25.9167,74.4167,40.43,8.0,15.43
25.9167,74.5833,40.89,7.92,15.89
25.9167,74.75,41.08,8.07,16.08
25.9167,74.9167,41.31,8.13,16.31
25.9167,75.0833,41.49,8.25,16.49
25.9167,75.25,41.67,8.38,16.67
25.9167,75.4167,40.61,9.23,15.61
25.9167,75.5833,41.92,8.39,16.92
25.9167,75.75,41.99,8.46,16.99
25.9167,75.9167,42.19,8.24,17.19
25.9167,76.0833,42.3,8.18,17.3
25.9167,76.25,42.41,8.15,17.41
25.9167,76.4167,41.55,8.65,16.55
25.9167,76.5833,42.31,8.26,17.31
25.9167,76.75,42.54,8.28,17.54
25.9167,76.9167,42.43,8.26,17.43
25.9167,77.0833,41.79,8.15,16.79
25.9167,77.25,42.16,7.91,17.16
25.9167,77.4167,42.14,7.81,17.14
25.9167,77.5833,41.85,7.58,16.85
25.9167,77.75,41.91,7.74,16.91
25.9167,77.9167,42.13,7.47,17.13
25.9167,78.0833,42.93,7.58,17.93
25.9167,78.25,43.04,7.66,18.04
25.9167,78.4167,43.03,7.73,18.03
25.9167,78.5833,43.35,7.86,18.35
25.9167,78.75,43.45,8.01,18.45
25.9167,78.9167,43.16,7.98,18.16
25.9167,79.0833,42.94,7.94,17.94
25.9167,79.25,43.05,8.0,18.05
25.9167,79.4167,43.02,8.21,18.02
25.9167,79.5833,42.79,8.45,17.79
25.9167,79.75,42.83,8.46,17.83
25.9167,79.9167,42.77,8.48,17.77
25.9167,80.0833,42.76,8.63,17.76
25.9167,80.25,42.75,8.58,17.75
25.9167,80.4167,42.6,8.57,17.6
25.9167,80.5833,42.26,8.61,17.26
25.9167,80.75,42.13,8.6,17.13
25.9167,80.9167,42.03,8.55,17.03
25.9167,81.0833,41.89,8.53,16.89
25.9167,81.25,41.5,8.57,16.5
25.9167,81.4167,40.8,8.68,15.8
25.9167,81.5833,40.96,8.53,15.96
25.9167,81.75,41.02,8.45,16.02
25.9167,81.9167,40.97,8.42,15.97
25.9167,82.0833,40.85,8.48,15.85
25.9167,82.25,40.78,8.51,15.78
25.9167,82.4167,40.78,8.58,15.78
25.9167,82.5833,40.69,8.67,15.69
25.9167,82.75,40.62,8.88,15.62
25.9167,82.9167,40.64,9.07,15.64
25.9167,83.0833,40.69,9.28,15.69
25.9167,83.25,40.7,9.44,15.7
25.9167,83.4167,40.57,9.42,15.57
25.9167,83.5833,40.28,9.47,15.28
25.9167,83.75,40.1,9.39,15.1
25.9167,83.9167,39.81,9.39,14.81
25.9167,84.0833,39.61,9.39,14.61
25.9167,84.25,39.27,9.35,14.27
25.9167,84.4167,39.13,9.24,14.13
25.9167,84.5833,38.84,9.14,13.84
25.9167,84.75,38.38,9.01,13.38
25.9167,84.9167,37.99,8.87,12.99
25.9167,85.0833,37.55,8.9,12.55
25.9167,85.25,37.13,8.88,12.13
25.9167,85.4167,36.85,8.88,11.85
25.9167,85.5833,36.53,8.82,11.53
25.9167,85.75,36.3,8.89,11.3
25.9167,85.9167,36.2,8.91,11.2
25.9167,86.0833,36.16,9.1,11.16
25.9167,86.25,35.86,9.36,10.86
25.9167,86.4167,35.6,9.36,10.6
25.9167,86.5833,35.85,9.42,10.85
25.9167,86.75,35.93,9.35,10.93
25.9167,86.9167,35.56,9.37,10.56
25.9167,87.0833,35.32,9.41,10.32
25.9167,87.25,35.08,9.42,10.08
25.9167,87.4167,35.0,9.49,10.0
25.9167,87.5833,35.05,9.63,10.05
25.9167,87.75,34.81,9.69,9.81
25.9167,87.9167,34.16,9.82,9.16
25.9167,88.0833,34.11,9.9,9.11
25.9167,88.25,33.56,9.95,8.56
25.9167,88.4167,33.5,10.04,8.5
25.9167,88.5833,33.11,10.12,8.11
25.9167,88.75,32.98,10.35,7.98
25.9167,88.9167,32.81,10.5,7.81
25.9167,89.0833,32.81,10.62,7.81
25.9167,89.25,32.79,10.77,7.79
25.9167,89.4167,32.68,10.88,7.68
25.9167,89.5833,32.51,11.09,7.51
25.9167,89.75,32.48,11.25,7.48
25.9167,89.9167,32.61,11.48,7.61
25.9167,90.0833,32.45,11.64,7.45
25.9167,90.25,32.23,11.65,7.23
25.9167,90.4167,31.52,11.74,6.52
25.9167,90.5833,31.35,11.75,6.35
25.9167,90.75,31.11,11.63,6.11
25.9167,90.9167,30.58,11.35,5.58
25.9167,91.0833,31.21,11.31,6.21
25.9167,91.25,30.94,11.16,5.94
25.9167,91.4167,30.98,11.06,5.98
25.9167,91.5833,29.78,10.13,4.78
25.9167,91.75,29.4,9.72,4.4
25.9167,91.9167,28.63,9.04,3.63
25.9167,92.0833,28.18,8.45,3.18
25.9167,92.25,28.43,8.41,3.43
25.9167,92.4167,29.17,8.68,4.17
25.9167,92.5833,30.48,9.42,5.48
25.9167,92.75,32.09,9.86,7.09
25.9167,92.9167,32.6,9.68,7.6
25.9167,93.0833,32.48,9.28,7.48
25.9167,93.25,31.99,8.88,6.99
25.9167,93.4167,32.03,8.71,7.03
25.9167,93.5833,31.83,8.8,6.83
25.9167,93.75,32.33,9.15,7.33
25.9167,93.9167,31.76,9.03,6.76
25.9167,94.0833,28.73,7.46,3.73
25.9167,94.25,27.65,6.25,2.65
25.9167,94.4167,26.84,5.53,1.84
25.9167,94.5833,24.67,3.62,0.0
25.9167,94.75,25.86,4.56,0.86
25.9167,94.9167,25.82,4.41,0.82
25.9167,95.0833,21.21,0.69,0.0
25.9167,95.25,23.22,2.76,0.0
25.9167,95.4167,27.18,6.7,2.18
25.9167,95.5833,31.17,9.22,6.17
25.9167,95.75,31.66,9.46,6.66
25.9167,95.9167,30.66,9.16,5.66
25.9167,96.0833,27.16,6.89,2.16
25.9167,96.25,28.14,7.44,3.14
25.9167,96.4167,27.38,7.12,2.38
25.9167,96.5833,30.4,9.21,5.4
25.9167,96.75,29.4,8.66,4.4
25.9167,96.9167,28.23,7.83,3.23
25.75,68.0833,41.94,8.26,16.94
25.75,68.25,42.19,8.49,17.19
25.75,68.4167,42.24,8.27,17.24
25.75,68.5833,41.34,8.3,16.34
25.75,68.75,41.53,8.16,16.53
25.75,68.9167,41.52,8.14,16.52
25.75,69.0833,41.6,7.83,16.6
25.75,69.25,41.87,7.82,16.87
25.75,69.4167,41.88,7.48,16.88
25.75,69.5833,42.69,7.04,17.69
25.75,69.75,42.88,6.74,17.88
25.75,69.9167,42.88,6.8,17.88
25.75,70.0833,42.82,7.03,17.82
25.75,70.25,42.73,7.18,17.73
25.75,70.4167,42.59,7.29,17.59
25.75,70.5833,42.44,7.45,17.44
25.75,70.75,42.26,7.53,17.26
25.75,70.9167,42.06,7.7,17.06
25.75,71.0833,41.9,7.92,16.9
25.75,71.25,41.82,8.44,16.82
25.75,71.4167,42.19,8.59,17.19
25.75,71.5833,42.36,8.41,17.36
25.75,71.75,42.42,8.65,17.42
25.75,71.9167,42.51,8.95,17.51
25.75,72.0833,42.3,9.28,17.3
25.75,72.25,42.06,9.48,17.06
25.75,72.4167,42.06,9.5,17.06
25.75,72.5833,42.33,9.46,17.33
25.75,72.75,42.21,9.34,17.21
25.75,72.9167,42.04,9.4,17.04
25.75,73.0833,41.87,9.48,16.87
25.75,73.25,41.75,9.39,16.75
25.75,73.4167,41.6,9.31,16.6
25.75,73.5833,41.57,9.14,16.57
25.75,73.75,41.46,8.86,16.46
25.75,73.9167,39.67,8.91,14.67
25.75,74.0833,39.06,8.25,14.06
25.75,74.25,39.86,8.21,14.86
25.75,74.4167,40.63,8.01,15.63
25.75,74.5833,41.01,8.16,16.01
25.75,74.75,41.18,8.31,16.18
25.75,74.9167,41.42,8.35,16.42
25.75,75.0833,41.68,8.41,16.68
25.75,75.25,41.7,8.73,16.7
25.75,75.4167,41.7,8.82,16.7
25.75,75.5833,42.06,8.83,17.06
25.75,75.75,42.26,8.76,17.26
25.75,75.9167,42.45,8.57,17.45
25.75,76.0833,42.48,8.47,17.48
25.75,76.25,42.36,8.74,17.36
25.75,76.4167,42.56,8.51,17.56
25.75,76.5833,42.78,8.16,17.78
25.75,76.75,42.68,8.43,17.68
25.75,76.9167,42.12,8.32,17.12
25.75,77.0833,41.47,7.91,16.47
25.75,77.25,42.05,7.92,17.05
25.75,77.4167,41.78,7.64,16.78
25.75,77.5833,41.94,7.64,16.94
25.75,77.75,42.06,7.83,17.06
25.75,77.9167,42.24,8.18,17.24
25.75,78.0833,42.95,7.95,17.95
25.75,78.25,43.01,7.95,18.01
25.75,78.4167,43.16,8.0,18.16
25.75,78.5833,43.6,8.07,18.6
25.75,78.75,43.62,8.07,18.62
25.75,78.9167,43.27,8.09,18.27
25.75,79.0833,43.21,8.25,18.21
25.75,79.25,43.28,8.35,18.28
25.75,79.4167,43.1,8.39,18.1
25.75,79.5833,43.08,8.28,18.08
25.75,79.75,43.02,8.38,18.02
25.75,79.9167,42.8,8.57,17.8
25.75,80.0833,42.93,8.61,17.93
25.75,80.25,43.02,8.73,18.02
25.75,80.4167,42.96,8.83,17.96
25.75,80.5833,42.71,8.82,17.71
25.75,80.75,42.41,8.74,17.41
25.75,80.9167,42.27,8.71,17.27
25.75,81.0833,42.08,8.61,17.08
25.75,81.25,41.85,8.56,16.85
25.75,81.4167,41.13,8.69,16.13
25.75,81.5833,40.98,8.67,15.98
25.75,81.75,41.01,8.54,16.01
25.75,81.9167,40.88,8.54,15.88
25.75,82.0833,40.89,8.57,15.89
25.75,82.25,40.94,8.59,15.94
25.75,82.4167,40.97,8.69,15.97
25.75,82.5833,40.9,8.77,15.9
25.75,82.75,40.77,8.99,15.77
25.75,82.9167,40.89,9.06,15.89
25.75,83.0833,40.89,9.23,15.89
25.75,83.25,40.88,9.39,15.88
25.75,83.4167,40.7,9.52,15.7
25.75,83.5833,40.56,9.53,15.56
25.75,83.75,40.44,9.5,15.44
25.75,83.9167,40.28,9.41,15.28
25.75,84.0833,40.06,9.46,15.06
25.75,84.25,39.81,9.35,14.81
25.75,84.4167,39.5,9.26,14.5
25.75,84.5833,39.2,9.22,14.2
25.75,84.75,38.75,9.1,13.75
25.75,84.9167,38.49,8.91,13.49
25.75,85.0833,38.26,8.84,13.26
25.75,85.25,37.6,9.02,12.6
25.75,85.4167,37.4,9.04,12.4
25.75,85.5833,37.17,9.07,12.17
25.75,85.75,36.88,9.0,11.88
25.75,85.9167,36.76,9.07,11.76
25.75,86.0833,36.71,9.23,11.71
25.75,86.25,36.53,9.36,11.53
25.75,86.4167,36.14,9.35,11.14
25.75,86.5833,36.22,9.51,11.22
25.75,86.75,35.89,9.4,10.89
25.75,86.9167,35.72,9.37,10.72
25.75,87.0833,35.54,9.32,10.54
25.75,87.25,35.39,9.31,10.39
25.75,87.4167,35.28,9.45,10.28
25.75,87.5833,35.13,9.57,10.13
25.75,87.75,34.94,9.6,9.94
25.75,87.9167,34.5,9.8,9.5
25.75,88.0833,34.38,9.82,9.38
25.75,88.25,34.19,9.83,9.19
25.75,88.4167,33.72,9.95,8.72
25.75,88.5833,33.45,9.99,8.45
25.75,88.75,33.21,10.24,8.21
25.75,88.9167,33.03,10.49,8.03
25.75,89.0833,33.07,10.61,8.07
25.75,89.25,33.03,10.83,8.03
25.75,89.4167,32.89,11.01,7.89
25.75,89.5833,32.76,11.23,7.76
25.75,89.75,32.9,11.53,7.9
25.75,89.9167,33.01,11.66,8.01
25.75,90.0833,32.52,11.51,7.52
25.75,90.25,31.74,11.35,6.74
25.75,90.4167,31.02,11.17,6.02
25.75,90.5833,31.26,11.19,6.26
25.75,90.75,30.14,10.84,5.14
25.75,90.9167,28.64,9.92,3.64
25.75,91.0833,27.54,9.23,2.54
25.75,91.25,26.96,8.7,1.96
25.75,91.4167,27.58,9.03,2.58
25.75,91.5833,27.13,8.41,2.13
25.75,91.75,27.57,8.35,2.57
25.75,91.9167,27.21,7.89,2.21
25.75,92.0833,26.88,7.43,1.88
25.75,92.25,27.36,7.52,2.36
25.75,92.4167,27.62,7.57,2.62
25.75,92.5833,28.89,8.32,3.89
25.75,92.75,31.01,9.32,6.01
25.75,92.9167,32.18,9.29,7.18
25.75,93.0833,32.01,9.03,7.01
25.75,93.25,31.78,8.7,6.78
25.75,93.4167,31.65,8.59,6.65
25.75,93.5833,31.91,8.69,6.91
25.75,93.75,31.39,8.69,6.39
25.75,93.9167,28.86,7.41,3.86
25.75,94.0833,26.88,5.92,1.88
25.75,94.25,27.59,6.03,2.59
25.75,94.4167,25.28,4.28,0.28
25.75,94.5833,25.02,4.18,0.02
25.75,94.75,27.3,5.77,2.3
25.75,94.9167,24.04,3.08,0.0
25.75,95.0833,19.71,-0.21,0.0
25.75,95.25,25.64,5.33,0.64
25.75,95.4167,30.96,9.2,5.96
25.75,95.5833,31.78,9.63,6.78
25.75,95.75,31.54,9.62,6.54
25.75,95.9167,31.17,9.44,6.17
25.75,96.0833,27.96,7.44,2.96
25.75,96.25,28.65,7.78,3.65
25.75,96.4167,30.48,8.97,5.48
25.75,96.5833,31.13,9.48,6.13
25.75,96.75,30.17,9.23,5.17
25.75,96.9167,27.49,7.1,2.49
25.5833,68.0833,41.45,9.06,16.45
25.5833,68.25,41.85,9.69,16.85
25.5833,68.4167,41.39,9.04,16.39
25.5833,68.5833,40.95,8.68,15.95
25.5833,68.75,40.99,8.41,15.99
25.5833,68.9167,41.18,8.43,16.18
25.5833,69.0833,41.41,8.3,16.41
25.5833,69.25,41.56,7.95,16.56
25.5833,69.4167,41.93,7.57,16.93
25.5833,69.5833,41.99,7.26,16.99
25.5833,69.75,42.31,6.98,17.31
25.5833,69.9167,42.47,6.92,17.47
25.5833,70.0833,42.61,7.02,17.61
25.5833,70.25,42.56,7.15,17.56
25.5833,70.4167,42.44,7.28,17.44
25.5833,70.5833,42.34,7.41,17.34
25.5833,70.75,42.22,7.47,17.22
25.5833,70.9167,42.08,7.61,17.08
25.5833,71.0833,42.06,7.98,17.06
25.5833,71.25,41.96,8.56,16.96
25.5833,71.4167,42.43,8.53,17.43
25.5833,71.5833,42.54,8.72,17.54
25.5833,71.75,42.54,8.97,17.54
25.5833,71.9167,42.46,9.24,17.46
25.5833,72.0833,42.28,9.25,17.28
25.5833,72.25,41.32,9.76,16.32
25.5833,72.4167,40.85,10.13,15.85
25.5833,72.5833,42.15,9.54,17.15
25.5833,72.75,42.09,9.59,17.09
25.5833,72.9167,41.88,9.81,16.88
25.5833,73.0833,41.82,9.62,16.82
25.5833,73.25,41.76,9.3,16.76
25.5833,73.4167,41.6,9.27,16.6
25.5833,73.5833,41.52,9.17,16.52
25.5833,73.75,40.92,9.29,15.92
25.5833,73.9167,38.69,8.14,13.69
25.5833,74.0833,39.43,8.0,14.43
25.5833,74.25,40.05,8.11,15.05
25.5833,74.4167,40.63,8.19,15.63
25.5833,74.5833,40.93,8.41,15.93
25.5833,74.75,41.29,8.53,16.29
25.5833,74.9167,41.48,8.64,16.48
25.5833,75.0833,41.71,8.71,16.71
25.5833,75.25,41.69,9.12,16.69
25.5833,75.4167,41.86,9.16,16.86
25.5833,75.5833,42.04,9.15,17.04
25.5833,75.75,42.1,9.36,17.1
25.5833,75.9167,42.33,9.33,17.33
25.5833,76.0833,42.52,9.15,17.52
25.5833,76.25,42.86,8.93,17.86
25.5833,76.4167,42.97,8.54,17.97
25.5833,76.5833,42.87,8.3,17.87
25.5833,76.75,42.68,8.52,17.68
25.5833,76.9167,42.15,8.43,17.15
25.5833,77.0833,41.61,8.01,16.61
25.5833,77.25,42.13,8.28,17.13
25.5833,77.4167,41.86,7.64,16.86
25.5833,77.5833,41.85,7.58,16.85
25.5833,77.75,42.06,7.95,17.06
25.5833,77.9167,42.52,8.42,17.52
25.5833,78.0833,43.24,8.26,18.24
25.5833,78.25,43.35,8.19,18.35
25.5833,78.4167,43.45,8.3,18.45
25.5833,78.5833,43.55,8.42,18.55
25.5833,78.75,43.65,8.38,18.65
25.5833,78.9167,43.45,8.4,18.45
25.5833,79.0833,43.67,8.25,18.67
25.5833,79.25,43.43,8.33,18.43
25.5833,79.4167,43.0,8.29,18.0
25.5833,79.5833,42.92,8.38,17.92
25.5833,79.75,42.77,8.66,17.77
25.5833,79.9167,43.2,8.53,18.2
25.5833,80.0833,43.26,8.64,18.26
25.5833,80.25,43.26,8.87,18.26
25.5833,80.4167,43.12,8.93,18.12
25.5833,80.5833,42.95,8.92,17.95
25.5833,80.75,42.83,8.83,17.83
25.5833,80.9167,42.75,8.79,17.75
25.5833,81.0833,42.22,8.74,17.22
25.5833,81.25,41.78,8.69,16.78
25.5833,81.4167,41.6,8.72,16.6
25.5833,81.5833,41.34,8.7,16.34
25.5833,81.75,41.07,8.68,16.07
25.5833,81.9167,40.99,8.69,15.99
25.5833,82.0833,41.01,8.74,16.01
25.5833,82.25,41.09,8.74,16.09
25.5833,82.4167,41.11,8.78,16.11
25.5833,82.5833,41.07,8.82,16.07
25.5833,82.75,40.89,8.96,15.89
25.5833,82.9167,40.93,9.07,15.93
25.5833,83.0833,40.98,9.28,15.98
25.5833,83.25,40.94,9.5,15.94
25.5833,83.4167,40.95,9.55,15.95
25.5833,83.5833,40.77,9.78,15.77
25.5833,83.75,40.8,9.64,15.8
25.5833,83.9167,40.64,9.71,15.64
25.5833,84.0833,40.63,9.58,15.63
25.5833,84.25,40.43,9.48,15.43
25.5833,84.4167,40.17,9.41,15.17
25.5833,84.5833,39.93,9.27,14.93
25.5833,84.75,39.52,9.13,14.52
25.5833,84.9167,39.08,8.99,14.08
25.5833,85.0833,38.57,9.11,13.57
25.5833,85.25,38.13,9.14,13.13
25.5833,85.4167,38.11,9.07,13.11
25.5833,85.5833,37.95,9.14,12.95
25.5833,85.75,37.67,9.24,12.67
25.5833,85.9167,37.62,9.27,12.62
25.5833,86.0833,37.52,9.38,12.52
25.5833,86.25,37.35,9.53,12.35
25.5833,86.4167,37.08,9.56,12.08
25.5833,86.5833,36.67,9.54,11.67
25.5833,86.75,36.19,9.47,11.19
25.5833,86.9167,35.98,9.37,10.98
25.5833,87.0833,35.86,9.26,10.86
25.5833,87.25,35.62,9.29,10.62
25.5833,87.4167,35.36,9.42,10.36
25.5833,87.5833,35.42,9.55,10.42
25.5833,87.75,35.08,9.68,10.08
25.5833,87.9167,35.02,9.75,10.02
25.5833,88.0833,34.62,9.83,9.62
25.5833,88.25,34.53,9.85,9.53
25.5833,88.4167,34.34,9.96,9.34
25.5833,88.5833,33.67,10.05,8.67
25.5833,88.75,33.45,10.21,8.45
25.5833,88.9167,33.29,10.4,8.29
25.5833,89.0833,33.51,10.6,8.51
25.5833,89.25,33.26,10.83,8.26
25.5833,89.4167,33.06,11.1,8.06
25.5833,89.5833,33.16,11.31,8.16
25.5833,89.75,33.38,11.69,8.38
25.5833,89.9167,33.33,11.69,8.33
25.5833,90.0833,32.74,11.65,7.74
25.5833,90.25,30.25,10.54,5.25
25.5833,90.4167,29.44,10.09,4.44
25.5833,90.5833,30.57,10.63,5.57
25.5833,90.75,30.21,10.39,5.21
25.5833,90.9167,27.93,8.91,2.93
25.5833,91.0833,25.86,7.65,0.86
25.5833,91.25,24.26,5.91,0.0
25.5833,91.4167,23.53,5.12,0.0
25.5833,91.5833,23.32,4.89,0.0
25.5833,91.75,23.74,5.1,0.0
25.5833,91.9167,24.32,5.56,0.0
25.5833,92.0833,25.77,6.55,0.77
25.5833,92.25,25.6,6.28,0.6
25.5833,92.4167,26.5,6.81,1.5
25.5833,92.5833,27.86,7.49,2.86
25.5833,92.75,29.84,8.71,4.84
25.5833,92.9167,31.44,9.09,6.44
25.5833,93.0833,31.47,8.73,6.47
25.5833,93.25,30.73,8.53,5.73
25.5833,93.4167,30.9,8.51,5.9
25.5833,93.5833,30.14,7.99,5.14
25.5833,93.75,28.08,6.81,3.08
25.5833,93.9167,23.66,3.49,0.0
25.5833,94.0833,21.64,1.46,0.0
25.5833,94.25,24.36,3.65,0.0
25.5833,94.4167,25.85,4.82,0.85
25.5833,94.5833,27.09,5.7,2.09
25.5833,94.75,24.04,3.63,0.0
25.5833,94.9167,25.56,5.09,0.56
25.5833,95.0833,26.94,6.26,1.94
25.5833,95.25,30.49,8.8,5.49
25.5833,95.4167,32.08,9.77,7.08
25.5833,95.5833,31.9,9.73,6.9
25.5833,95.75,31.78,9.68,6.78
25.5833,95.9167,31.63,9.57,6.63
25.5833,96.0833,31.04,9.37,6.04
25.5833,96.25,30.6,8.82,5.6
25.5833,96.4167,31.05,9.35,6.05
25.5833,96.5833,31.66,9.75,6.66
25.5833,96.75,31.73,9.56,6.73
25.5833,96.9167,28.4,7.8,3.4
25.4167,68.0833,40.99,9.57,15.99
25.4167,68.25,41.21,10.18,16.21
25.4167,68.4167,41.16,9.98,16.16
25.4167,68.5833,40.74,9.29,15.74
25.4167,68.75,40.67,8.91,15.67
25.4167,68.9167,40.94,8.51,15.94
25.4167,69.0833,41.33,8.4,16.33
25.4167,69.25,41.2,8.2,16.2
25.4167,69.4167,41.63,7.8,16.63
25.4167,69.5833,41.62,7.44,16.62
25.4167,69.75,41.94,7.13,16.94
25.4167,69.9167,42.31,7.05,17.31
25.4167,70.0833,42.43,7.12,17.43
25.4167,70.25,42.4,7.23,17.4
25.4167,70.4167,42.3,7.3,17.3
25.4167,70.5833,42.25,7.47,17.25
25.4167,70.75,42.16,7.61,17.16
25.4167,70.9167,42.02,7.82,17.02
25.4167,71.0833,42.08,8.23,17.08
25.4167,71.25,42.39,8.44,17.39
25.4167,71.4167,42.55,8.75,17.55
25.4167,71.5833,42.67,9.01,17.67
25.4167,71.75,42.63,9.19,17.63
25.4167,71.9167,42.46,9.34,17.46
25.4167,72.0833,42.01,9.51,17.01
25.4167,72.25,41.4,9.75,16.4
25.4167,72.4167,41.51,9.94,16.51
25.4167,72.5833,41.92,9.71,16.92
25.4167,72.75,42.07,9.54,17.07
25.4167,72.9167,42.02,9.64,17.02
25.4167,73.0833,41.87,9.39,16.87
25.4167,73.25,41.67,9.45,16.67
25.4167,73.4167,41.4,9.43,16.4
25.4167,73.5833,41.09,9.35,16.09
25.4167,73.75,38.92,8.97,13.92
25.4167,73.9167,38.52,8.14,13.52
25.4167,74.0833,39.73,8.11,14.73
25.4167,74.25,40.43,8.16,15.43
25.4167,74.4167,40.74,8.32,15.74
25.4167,74.5833,40.92,8.71,15.92
25.4167,74.75,41.31,8.71,16.31
25.4167,74.9167,41.57,8.95,16.57
25.4167,75.0833,41.63,9.19,16.63
25.4167,75.25,41.75,9.39,16.75
25.4167,75.4167,41.52,9.71,16.52
25.4167,75.5833,42.23,9.62,17.23
25.4167,75.75,42.73,9.55,17.73
25.4167,75.9167,42.98,9.38,17.98
25.4167,76.0833,43.05,9.27,18.05
25.4167,76.25,42.95,9.05,17.95
25.4167,76.4167,43.13,8.76,18.13
25.4167,76.5833,42.9,8.75,17.9
25.4167,76.75,42.89,9.08,17.89
25.4167,76.9167,42.3,8.72,17.3
25.4167,77.0833,41.6,8.29,16.6
25.4167,77.25,42.61,8.6,17.61
25.4167,77.4167,41.98,8.17,16.98
25.4167,77.5833,41.83,7.74,16.83
25.4167,77.75,41.92,8.1,16.92
25.4167,77.9167,42.36,8.46,17.36
25.4167,78.0833,43.13,8.39,18.13
25.4167,78.25,43.38,8.34,18.38
25.4167,78.4167,43.51,8.44,18.51
25.4167,78.5833,43.47,8.82,18.47
25.4167,78.75,43.54,8.65,18.54
25.4167,78.9167,43.63,8.35,18.63
25.4167,79.0833,43.66,8.33,18.66
25.4167,79.25,43.47,8.29,18.47
25.4167,79.4167,43.19,8.25,18.19
25.4167,79.5833,43.2,8.35,18.2
25.4167,79.75,42.97,8.45,17.97
25.4167,79.9167,43.01,8.68,18.01
25.4167,80.0833,43.27,8.68,18.27
25.4167,80.25,43.25,9.01,18.25
25.4167,80.4167,42.86,9.13,17.86
25.4167,80.5833,42.85,9.04,17.85
25.4167,80.75,42.75,8.99,17.75
25.4167,80.9167,42.75,8.91,17.75
25.4167,81.0833,42.5,8.85,17.5
25.4167,81.25,41.91,8.91,16.91
25.4167,81.4167,41.65,8.84,16.65
25.4167,81.5833,41.52,8.77,16.52
25.4167,81.75,41.4,8.91,16.4
25.4167,81.9167,41.24,9.06,16.24
25.4167,82.0833,41.32,8.82,16.32
25.4167,82.25,41.22,8.9,16.22
25.4167,82.4167,41.18,8.92,16.18
25.4167,82.5833,41.21,8.98,16.21
25.4167,82.75,41.07,9.0,16.07
25.4167,82.9167,40.98,9.23,15.98
25.4167,83.0833,41.03,9.5,16.03
25.4167,83.25,41.13,9.61,16.13
25.4167,83.4167,41.17,9.7,16.17
25.4167,83.5833,41.14,9.86,16.14
25.4167,83.75,41.16,9.82,16.16
25.4167,83.9167,41.25,9.88,16.25
25.4167,84.0833,41.08,9.85,16.08
25.4167,84.25,40.81,9.77,15.81
25.4167,84.4167,40.58,9.67,15.58
25.4167,84.5833,40.29,9.49,15.29
25.4167,84.75,39.97,9.32,14.97
25.4167,84.9167,39.71,9.17,14.71
25.4167,85.0833,39.39,8.98,14.39
25.4167,85.25,39.11,8.96,14.11
25.4167,85.4167,38.88,9.01,13.88
25.4167,85.5833,38.7,9.18,13.7
25.4167,85.75,38.64,9.29,13.64
25.4167,85.9167,38.42,9.46,13.42
25.4167,86.0833,38.14,9.66,13.14
25.4167,86.25,37.93,9.59,12.93
25.4167,86.4167,37.69,9.81,12.69
25.4167,86.5833,37.37,9.91,12.37
25.4167,86.75,36.94,9.66,11.94
25.4167,86.9167,36.66,9.61,11.66
25.4167,87.0833,36.5,9.48,11.5
25.4167,87.25,36.46,9.49,11.46
25.4167,87.4167,36.15,9.49,11.15
25.4167,87.5833,35.56,9.67,10.56
25.4167,87.75,35.12,9.78,10.12
25.4167,87.9167,34.89,9.9,9.89
25.4167,88.0833,34.83,9.88,9.83
25.4167,88.25,35.09,9.96,10.09
25.4167,88.4167,34.82,10.0,9.82
25.4167,88.5833,34.62,10.16,9.62
25.4167,88.75,34.44,10.21,9.44
25.4167,88.9167,33.64,10.38,8.64
25.4167,89.0833,33.62,10.66,8.62
25.4167,89.25,33.64,10.94,8.64
25.4167,89.4167,33.39,11.24,8.39
25.4167,89.5833,33.43,11.44,8.43
25.4167,89.75,33.69,11.72,8.69
25.4167,89.9167,33.41,11.61,8.41
25.4167,90.0833,33.05,11.63,8.05
25.4167,90.25,31.81,11.24,6.81
25.4167,90.4167,29.58,10.33,4.58
25.4167,90.5833,29.83,10.62,4.83
25.4167,90.75,30.56,10.75,5.56
25.4167,90.9167,29.42,9.85,4.42
25.4167,91.0833,27.77,8.89,2.77
25.4167,91.25,24.72,6.36,0.0
25.4167,91.4167,23.41,4.83,0.0
25.4167,91.5833,23.13,4.59,0.0
25.4167,91.75,22.97,4.45,0.0
25.4167,91.9167,24.64,6.06,0.0
25.4167,92.0833,24.75,5.82,0.0
25.4167,92.25,25.05,5.66,0.05
25.4167,92.4167,26.02,6.19,1.02
25.4167,92.5833,27.4,6.98,2.4
25.4167,92.75,28.01,7.34,3.01
25.4167,92.9167,29.81,8.51,4.81
25.4167,93.0833,31.17,8.83,6.17
25.4167,93.25,30.48,8.39,5.48
25.4167,93.4167,29.16,7.53,4.16
25.4167,93.5833,26.8,6.17,1.8
25.4167,93.75,27.05,6.08,2.05
25.4167,93.9167,24.08,3.95,0.0
25.4167,94.0833,25.06,4.18,0.06
25.4167,94.25,23.38,3.06,0.0
25.4167,94.4167,25.93,4.79,0.93
25.4167,94.5833,25.01,4.24,0.01
25.4167,94.75,22.82,2.62,0.0
25.4167,94.9167,26.49,5.73,1.49
25.4167,95.0833,30.27,8.59,5.27
25.4167,95.25,32.44,9.65,7.44
25.4167,95.4167,32.19,9.88,7.19
25.4167,95.5833,32.0,9.76,7.0
25.4167,95.75,31.97,9.76,6.97
25.4167,95.9167,32.1,9.85,7.1
25.4167,96.0833,30.92,9.42,5.92
25.4167,96.25,29.54,8.44,4.54
25.4167,96.4167,31.4,9.56,6.4
25.4167,96.5833,31.12,9.46,6.12
25.4167,96.75,31.32,9.68,6.32
25.4167,96.9167,31.05,9.43,6.05
25.25,68.0833,40.49,9.99,15.49
25.25,68.25,40.77,10.17,15.77
25.25,68.4167,40.59,10.26,15.59
25.25,68.5833,40.39,9.59,15.39
25.25,68.75,40.92,9.01,15.92
25.25,68.9167,40.63,8.75,15.63
25.25,69.0833,41.01,8.66,16.01
25.25,69.25,41.06,8.33,16.06
25.25,69.4167,41.29,8.05,16.29
25.25,69.5833,41.66,7.53,16.66
25.25,69.75,41.85,7.36,16.85
25.25,69.9167,42.18,7.3,17.18
25.25,70.0833,42.28,7.27,17.28
25.25,70.25,42.22,7.36,17.22
25.25,70.4167,42.14,7.43,17.14
25.25,70.5833,42.12,7.56,17.12
25.25,70.75,42.15,7.77,17.15
25.25,70.9167,42.17,7.98,17.17
25.25,71.0833,42.32,8.31,17.32
25.25,71.25,42.5,8.66,17.5
25.25,71.4167,42.61,9.04,17.61
25.25,71.5833,42.74,9.16,17.74
25.25,71.75,42.57,9.39,17.57
25.25,71.9167,42.35,9.57,17.35
25.25,72.0833,42.14,9.63,17.14
25.25,72.25,42.17,9.64,17.17
25.25,72.4167,42.13,9.79,17.13
25.25,72.5833,41.79,10.07,16.79
25.25,72.75,41.55,10.09,16.55
25.25,72.9167,41.39,9.87,16.39
25.25,73.0833,41.45,9.78,16.45
25.25,73.25,41.27,9.63,16.27
25.25,73.4167,41.01,9.43,16.01
25.25,73.5833,39.29,9.38,14.29
25.25,73.75,38.07,8.05,13.07
25.25,73.9167,39.38,8.25,14.38
25.25,74.0833,40.22,8.22,15.22
25.25,74.25,40.56,8.34,15.56
25.25,74.4167,40.83,8.63,15.83
25.25,74.5833,41.08,8.86,16.08
25.25,74.75,41.31,8.9,16.31
25.25,74.9167,41.45,9.08,16.45
25.25,75.0833,41.42,9.25,16.42
25.25,75.25,41.3,9.54,16.3
25.25,75.4167,41.34,9.84,16.34
25.25,75.5833,42.33,10.16,17.33
25.25,75.75,42.78,10.01,17.78
25.25,75.9167,42.78,9.77,17.78
25.25,76.0833,43.09,9.43,18.09
25.25,76.25,43.0,9.27,18.0
25.25,76.4167,43.19,8.97,18.19
25.25,76.5833,42.97,9.05,17.97
25.25,76.75,42.92,9.49,17.92
25.25,76.9167,42.52,9.07,17.52
25.25,77.0833,41.76,8.67,16.76
25.25,77.25,42.79,8.92,17.79
25.25,77.4167,42.31,8.54,17.31
25.25,77.5833,42.04,8.08,17.04
25.25,77.75,42.06,8.53,17.06
25.25,77.9167,42.4,8.41,17.4
25.25,78.0833,42.76,8.47,17.76
25.25,78.25,43.01,8.54,18.01
25.25,78.4167,43.27,8.57,18.27
25.25,78.5833,43.28,8.92,18.28
25.25,78.75,43.33,8.73,18.33
25.25,78.9167,43.25,8.63,18.25
25.25,79.0833,43.32,8.48,18.32
25.25,79.25,43.17,8.45,18.17
25.25,79.4167,43.17,8.28,18.17
25.25,79.5833,42.77,8.33,17.77
25.25,79.75,42.73,8.41,17.73
25.25,79.9167,42.83,8.65,17.83
25.25,80.0833,43.18,8.76,18.18
25.25,80.25,43.26,9.0,18.26
25.25,80.4167,42.73,9.25,17.73
25.25,80.5833,42.71,9.16,17.71
25.25,80.75,42.76,9.15,17.76
25.25,80.9167,42.57,9.04,17.57
25.25,81.0833,42.52,9.02,17.52
25.25,81.25,42.41,8.98,17.41
25.25,81.4167,42.08,9.05,17.08
25.25,81.5833,41.82,9.09,16.82
25.25,81.75,41.72,8.98,16.72
25.25,81.9167,41.6,9.0,16.6
25.25,82.0833,41.64,9.06,16.64
25.25,82.25,41.49,9.18,16.49
25.25,82.4167,41.5,9.14,16.5
25.25,82.5833,41.37,9.23,16.37
25.25,82.75,41.26,9.2,16.26
25.25,82.9167,41.14,9.53,16.14
25.25,83.0833,41.23,9.81,16.23
25.25,83.25,41.46,9.7,16.46
25.25,83.4167,41.5,9.76,16.5
25.25,83.5833,41.48,9.89,16.48
25.25,83.75,41.7,10.05,16.7
25.25,83.9167,41.72,10.08,16.72
25.25,84.0833,41.55,10.07,16.55
25.25,84.25,41.24,10.04,16.24
25.25,84.4167,40.93,9.88,15.93
25.25,84.5833,40.55,9.74,15.55
25.25,84.75,40.36,9.55,15.36
25.25,84.9167,40.16,9.33,15.16
25.25,85.0833,39.85,9.22,14.85
25.25,85.25,39.66,9.23,14.66
25.25,85.4167,39.4,9.3,14.4
25.25,85.5833,39.16,9.42,14.16
25.25,85.75,39.12,9.52,14.12
25.25,85.9167,39.26,9.45,14.26
25.25,86.0833,38.9,9.78,13.9
25.25,86.25,38.58,9.96,13.58
25.25,86.4167,38.03,10.03,13.03
25.25,86.5833,37.7,10.12,12.7
25.25,86.75,37.69,9.93,12.69
25.25,86.9167,37.43,9.88,12.43
25.25,87.0833,37.21,9.7,12.21
25.25,87.25,36.99,9.6,11.99
25.25,87.4167,36.87,9.32,11.87
25.25,87.5833,36.2,9.6,11.2
25.25,87.75,35.94,10.01,10.94
25.25,87.9167,35.38,9.97,10.38
25.25,88.0833,35.18,10.03,10.18
25.25,88.25,35.81,9.99,10.81
25.25,88.4167,35.1,10.08,10.1
25.25,88.5833,35.13,10.22,10.13
25.25,88.75,34.74,10.34,9.74
25.25,88.9167,34.23,10.49,9.23
25.25,89.0833,33.64,10.72,8.64
25.25,89.25,33.7,11.05,8.7
25.25,89.4167,33.61,11.26,8.61
25.25,89.5833,33.77,11.6,8.77
25.25,89.75,33.87,11.62,8.87
25.25,89.9167,33.44,11.76,8.44
25.25,90.0833,33.26,11.73,8.26
25.25,90.25,33.12,11.71,8.12
25.25,90.4167,32.64,11.66,7.64
25.25,90.5833,32.16,11.58,7.16
25.25,90.75,31.08,11.19,6.08
25.25,90.9167,30.04,10.65,5.04
25.25,91.0833,30.14,10.42,5.14
25.25,91.25,29.28,9.93,4.28
25.25,91.4167,28.4,9.47,3.4
25.25,91.5833,27.62,8.88,2.62
25.25,91.75,27.21,8.4,2.21
25.25,91.9167,27.91,8.66,2.91
25.25,92.0833,28.11,8.44,3.11
25.25,92.25,27.54,7.83,2.54
25.25,92.4167,27.7,7.68,2.7
25.25,92.5833,26.07,6.57,1.07
25.25,92.75,25.78,5.94,0.78
25.25,92.9167,28.4,7.64,3.4
25.25,93.0833,29.79,8.41,4.79
25.25,93.25,27.69,7.23,2.69
25.25,93.4167,26.0,6.04,1.0
25.25,93.5833,27.3,6.44,2.3
25.25,93.75,25.43,5.05,0.43
25.25,93.9167,23.87,3.7,0.0
25.25,94.0833,25.6,4.81,0.6
25.25,94.25,25.07,4.42,0.07
25.25,94.4167,25.01,3.94,0.01
25.25,94.5833,23.3,2.85,0.0
25.25,94.75,23.92,3.57,0.0
25.25,94.9167,26.71,6.15,1.71
25.25,95.0833,32.42,9.72,7.42
25.25,95.25,32.65,9.92,7.65
25.25,95.4167,32.09,9.85,7.09
25.25,95.5833,31.89,9.78,6.89
25.25,95.75,32.4,9.89,7.4
25.25,95.9167,32.46,9.84,7.46
25.25,96.0833,31.38,9.55,6.38
25.25,96.25,30.86,9.38,5.86
25.25,96.4167,32.31,9.85,7.31
25.25,96.5833,30.19,8.82,5.19
25.25,96.75,31.75,9.57,6.75
25.25,96.9167,32.5,10.08,7.5
25.0833,68.0833,39.5,10.55,14.5
25.0833,68.25,40.11,10.36,15.11
25.0833,68.4167,39.96,10.13,14.96
25.0833,68.5833,40.07,9.81,15.07
25.0833,68.75,40.65,9.48,15.65
25.0833,68.9167,40.68,9.05,15.68
25.0833,69.0833,40.93,8.88,15.93
25.0833,69.25,41.05,8.49,16.05
25.0833,69.4167,41.13,8.2,16.13
25.0833,69.5833,41.48,7.77,16.48
25.0833,69.75,41.86,7.69,16.86
25.0833,69.9167,42.03,7.51,17.03
25.0833,70.0833,42.05,7.48,17.05
25.0833,70.25,42.01,7.48,17.01
25.0833,70.4167,42.02,7.57,17.02
25.0833,70.5833,42.08,7.8,17.08
25.0833,70.75,42.2,7.97,17.2
25.0833,70.9167,42.29,8.25,17.29
25.0833,71.0833,42.38,8.59,17.38
25.0833,71.25,42.53,8.95,17.53
25.0833,71.4167,42.68,9.26,17.68
25.0833,71.5833,42.63,9.44,17.63
25.0833,71.75,42.57,9.64,17.57
25.0833,71.9167,42.42,9.79,17.42
25.0833,72.0833,42.27,9.71,17.27
25.0833,72.25,42.24,9.86,17.24
25.0833,72.4167,42.05,9.93,17.05
25.0833,72.5833,42.04,10.0,17.04
25.0833,72.75,41.81,10.0,16.81
25.0833,72.9167,40.98,10.0,15.98
25.0833,73.0833,40.89,9.97,15.89
25.0833,73.25,40.67,9.64,15.67
25.0833,73.4167,38.53,9.02,13.53
25.0833,73.5833,36.47,8.07,11.47
25.0833,73.75,38.37,8.41,13.37
25.0833,73.9167,39.83,8.4,14.83
25.0833,74.0833,40.46,8.48,15.46
25.0833,74.25,40.56,8.69,15.56
25.0833,74.4167,40.9,8.83,15.9
25.0833,74.5833,40.98,9.01,15.98
25.0833,74.75,41.13,9.28,16.13
25.0833,74.9167,40.87,9.47,15.87
25.0833,75.0833,41.22,9.48,16.22
25.0833,75.25,41.04,9.28,16.04
25.0833,75.4167,41.0,9.51,16.0
25.0833,75.5833,41.43,9.92,16.43
25.0833,75.75,42.06,10.33,17.06
25.0833,75.9167,42.64,10.17,17.64
25.0833,76.0833,43.28,9.49,18.28
25.0833,76.25,43.08,9.54,18.08
25.0833,76.4167,43.17,9.14,18.17
25.0833,76.5833,43.14,9.18,18.14
25.0833,76.75,42.93,9.63,17.93
25.0833,76.9167,42.55,9.29,17.55
25.0833,77.0833,42.13,8.88,17.13
25.0833,77.25,42.5,9.04,17.5
25.0833,77.4167,42.56,8.96,17.56
25.0833,77.5833,42.28,8.38,17.28
25.0833,77.75,42.18,8.35,17.18
25.0833,77.9167,42.28,8.45,17.28
25.0833,78.0833,42.64,8.67,17.64
25.0833,78.25,42.73,9.12,17.73
25.0833,78.4167,42.64,9.23,17.64
25.0833,78.5833,43.04,9.07,18.04
25.0833,78.75,43.0,8.76,18.0
25.0833,78.9167,43.15,8.68,18.15
25.0833,79.0833,43.23,8.59,18.23
25.0833,79.25,43.12,8.45,18.12
25.0833,79.4167,42.88,8.27,17.88
25.0833,79.5833,42.65,8.19,17.65
25.0833,79.75,42.65,8.44,17.65
25.0833,79.9167,42.97,8.66,17.97
25.0833,80.0833,43.18,8.86,18.18
25.0833,80.25,43.22,9.08,18.22
25.0833,80.4167,42.97,9.2,17.97
25.0833,80.5833,42.49,9.11,17.49
25.0833,80.75,42.07,8.99,17.07
25.0833,80.9167,41.9,9.02,16.9
25.0833,81.0833,42.08,9.05,17.08
25.0833,81.25,41.99,9.15,16.99
25.0833,81.4167,42.29,9.18,17.29
25.0833,81.5833,42.27,9.07,17.27
25.0833,81.75,42.07,9.19,17.07
25.0833,81.9167,42.09,9.17,17.09
25.0833,82.0833,41.93,9.15,16.93
25.0833,82.25,41.8,9.12,16.8
25.0833,82.4167,41.73,9.28,16.73
25.0833,82.5833,41.54,9.44,16.54
25.0833,82.75,41.66,9.46,16.66
25.0833,82.9167,41.52,9.74,16.52
25.0833,83.0833,41.7,9.79,16.7
25.0833,83.25,41.64,9.94,16.64
25.0833,83.4167,41.69,10.01,16.69
25.0833,83.5833,41.68,10.09,16.68
25.0833,83.75,41.9,10.21,16.9
25.0833,83.9167,41.98,10.27,16.98
25.0833,84.0833,41.78,10.39,16.78
25.0833,84.25,41.5,10.34,16.5
25.0833,84.4167,41.14,10.16,16.14
25.0833,84.5833,40.92,9.91,15.92
25.0833,84.75,40.75,9.65,15.75
25.0833,84.9167,40.52,9.45,15.52
25.0833,85.0833,40.25,9.44,15.25
25.0833,85.25,40.14,9.45,15.14
25.0833,85.4167,39.75,9.66,14.75
25.0833,85.5833,39.62,9.72,14.62
25.0833,85.75,39.62,9.82,14.62
25.0833,85.9167,39.67,9.96,14.67
25.0833,86.0833,39.45,10.13,14.45
25.0833,86.25,38.34,10.32,13.34
25.0833,86.4167,37.64,10.19,12.64
25.0833,86.5833,38.44,10.25,13.44
25.0833,86.75,38.25,10.05,13.25
25.0833,86.9167,38.03,9.87,13.03
25.0833,87.0833,37.96,9.71,12.96
25.0833,87.25,37.67,9.63,12.67
25.0833,87.4167,37.18,9.59,12.18
25.0833,87.5833,36.59,9.55,11.59
25.0833,87.75,36.36,10.04,11.36
25.0833,87.9167,35.93,10.18,10.93
25.0833,88.0833,35.8,10.25,10.8
25.0833,88.25,35.77,10.27,10.77
25.0833,88.4167,35.26,10.36,10.26
25.0833,88.5833,35.07,10.37,10.07
25.0833,88.75,34.27,10.48,9.27
25.0833,88.9167,34.22,10.65,9.22
25.0833,89.0833,33.84,10.91,8.84
25.0833,89.25,33.74,11.13,8.74
25.0833,89.4167,33.92,11.34,8.92
25.0833,89.5833,34.07,11.63,9.07
25.0833,89.75,33.81,11.72,8.81
25.0833,89.9167,33.58,11.69,8.58
25.0833,90.0833,33.17,12.02,8.17
25.0833,90.25,33.1,11.94,8.1
25.0833,90.4167,32.9,11.87,7.9
25.0833,90.5833,32.56,11.87,7.56
25.0833,90.75,32.29,11.76,7.29
25.0833,90.9167,32.11,11.86,7.11
25.0833,91.0833,31.81,12.22,6.81
25.0833,91.25,31.76,11.59,6.76
25.0833,91.4167,31.68,11.21,6.68
25.0833,91.5833,31.55,10.97,6.55
25.0833,91.75,31.53,10.91,6.53
25.0833,91.9167,31.59,10.74,6.59
25.0833,92.0833,31.72,10.74,6.72
25.0833,92.25,31.13,10.56,6.13
25.0833,92.4167,30.22,9.94,5.22
25.0833,92.5833,28.67,8.94,3.67
25.0833,92.75,28.05,8.31,3.05
25.0833,92.9167,28.61,8.65,3.61
25.0833,93.0833,27.86,8.1,2.86
25.0833,93.25,28.63,8.19,3.63
25.0833,93.4167,28.87,8.11,3.87
25.0833,93.5833,26.4,6.33,1.4
25.0833,93.75,25.31,5.32,0.31
25.0833,93.9167,24.71,4.45,0.0
25.0833,94.0833,27.53,5.9,2.53
25.0833,94.25,25.52,4.56,0.52
25.0833,94.4167,23.76,3.34,0.0
25.0833,94.5833,23.74,3.64,0.0
25.0833,94.75,25.49,5.12,0.49
25.0833,94.9167,31.62,9.38,6.62
25.0833,95.0833,32.87,10.03,7.87
25.0833,95.25,32.22,9.94,7.22
25.0833,95.4167,31.82,9.79,6.82
25.0833,95.5833,32.32,9.97,7.32
25.0833,95.75,31.15,9.36,6.15
25.0833,95.9167,31.63,9.6,6.63
25.0833,96.0833,31.82,9.57,6.82
25.0833,96.25,32.07,10.0,7.07
25.0833,96.4167,31.33,9.65,6.33
25.0833,96.5833,31.79,9.52,6.79
25.0833,96.75,30.69,9.29,5.69
25.0833,96.9167,31.69,10.17,6.69
24.9167,68.0833,38.45,10.74,13.45
24.9167,68.25,39.49,10.08,14.49
24.9167,68.4167,39.64,10.16,14.64
24.9167,68.5833,40.01,9.87,15.01
24.9167,68.75,40.28,9.68,15.28
24.9167,68.9167,40.3,9.45,15.3
24.9167,69.0833,40.71,9.08,15.71
24.9167,69.25,40.85,8.65,15.85
24.9167,69.4167,40.95,8.28,15.95
24.9167,69.5833,41.54,8.1,16.54
24.9167,69.75,41.79,7.86,16.79
24.9167,69.9167,41.81,7.82,16.81
24.9167,70.0833,41.88,7.76,16.88
24.9167,70.25,41.9,7.81,16.9
24.9167,70.4167,41.96,7.91,16.96
24.9167,70.5833,42.07,8.07,17.07
24.9167,70.75,42.22,8.25,17.22
24.9167,70.9167,42.42,8.55,17.42
24.9167,71.0833,42.53,8.86,17.53
24.9167,71.25,42.66,9.18,17.66
24.9167,71.4167,42.64,9.48,17.64
24.9167,71.5833,42.68,9.68,17.68
24.9167,71.75,42.72,9.83,17.72
24.9167,71.9167,42.57,9.93,17.57
24.9167,72.0833,42.32,10.01,17.32
24.9167,72.25,41.87,10.09,16.87
24.9167,72.4167,40.99,10.4,15.99
24.9167,72.5833,41.47,10.18,16.47
24.9167,72.75,41.16,10.15,16.16
24.9167,72.9167,40.07,10.21,15.07
24.9167,73.0833,40.49,9.78,15.49
24.9167,73.25,39.21,9.69,14.21
24.9167,73.4167,36.9,8.35,11.9
24.9167,73.5833,37.44,8.39,12.44
24.9167,73.75,38.9,8.58,13.9
24.9167,73.9167,39.8,8.57,14.8
24.9167,74.0833,40.43,8.62,15.43
24.9167,74.25,40.68,8.84,15.68
24.9167,74.4167,40.75,8.91,15.75
24.9167,74.5833,40.73,9.33,15.73
24.9167,74.75,40.13,9.66,15.13
24.9167,74.9167,40.42,9.55,15.42
24.9167,75.0833,41.03,9.41,16.03
24.9167,75.25,41.57,9.61,16.57
24.9167,75.4167,41.71,9.89,16.71
24.9167,75.5833,41.19,10.65,16.19
24.9167,75.75,41.73,10.01,16.73
24.9167,75.9167,42.38,9.94,17.38
24.9167,76.0833,43.07,10.02,18.07
24.9167,76.25,43.18,9.46,18.18
24.9167,76.4167,43.09,9.51,18.09
24.9167,76.5833,43.21,9.35,18.21
24.9167,76.75,43.06,9.83,18.06
24.9167,76.9167,42.67,9.49,17.67
24.9167,77.0833,42.33,9.16,17.33
24.9167,77.25,42.13,9.14,17.13
24.9167,77.4167,42.43,8.96,17.43
24.9167,77.5833,42.26,8.44,17.26
24.9167,77.75,42.13,8.38,17.13
24.9167,77.9167,42.16,8.61,17.16
24.9167,78.0833,42.59,9.0,17.59
24.9167,78.25,42.83,9.08,17.83
24.9167,78.4167,42.8,9.09,17.8
24.9167,78.5833,42.83,9.05,17.83
24.9167,78.75,42.93,8.76,17.93
24.9167,78.9167,42.83,8.82,17.83
24.9167,79.0833,43.02,8.77,18.02
24.9167,79.25,42.87,8.67,17.87
24.9167,79.4167,42.73,8.38,17.73
24.9167,79.5833,42.46,8.3,17.46
24.9167,79.75,42.83,8.5,17.83
24.9167,79.9167,43.03,8.85,18.03
24.9167,80.0833,43.17,9.22,18.17
24.9167,80.25,42.89,9.26,17.89
24.9167,80.4167,42.01,9.12,17.01
24.9167,80.5833,41.57,8.77,16.57
24.9167,80.75,41.48,8.56,16.48
24.9167,80.9167,41.26,8.64,16.26
24.9167,81.0833,41.14,8.68,16.14
24.9167,81.25,41.3,9.12,16.3
24.9167,81.4167,42.1,9.3,17.1
24.9167,81.5833,41.7,8.98,16.7
24.9167,81.75,41.52,8.92,16.52
24.9167,81.9167,42.24,9.34,17.24
24.9167,82.0833,41.95,9.34,16.95
24.9167,82.25,41.92,9.21,16.92
24.9167,82.4167,41.54,9.35,16.54
24.9167,82.5833,41.22,9.18,16.22
24.9167,82.75,41.2,9.1,16.2
24.9167,82.9167,41.05,9.25,16.05
24.9167,83.0833,40.89,9.41,15.89
24.9167,83.25,40.68,9.74,15.68
24.9167,83.4167,40.77,9.94,15.77
24.9167,83.5833,40.93,10.26,15.93
24.9167,83.75,41.56,10.44,16.56
24.9167,83.9167,41.78,10.52,16.78
24.9167,84.0833,41.41,10.78,16.41
24.9167,84.25,41.48,10.65,16.48
24.9167,84.4167,41.52,10.31,16.52
24.9167,84.5833,41.27,9.98,16.27
24.9167,84.75,41.06,9.68,16.06
24.9167,84.9167,40.77,9.48,15.77
24.9167,85.0833,40.51,9.5,15.51
24.9167,85.25,40.32,9.83,15.32
24.9167,85.4167,40.04,9.9,15.04
24.9167,85.5833,40.04,9.92,15.04
24.9167,85.75,40.04,10.09,15.04
24.9167,85.9167,39.6,10.29,14.6
24.9167,86.0833,39.22,10.4,14.22
24.9167,86.25,39.53,10.47,14.53
24.9167,86.4167,39.13,10.41,14.13
24.9167,86.5833,38.8,10.38,13.8
24.9167,86.75,38.27,10.38,13.27
24.9167,86.9167,38.17,10.17,13.17
24.9167,87.0833,38.11,9.92,13.11
24.9167,87.25,37.9,9.82,12.9
24.9167,87.4167,36.88,9.62,11.88
24.9167,87.5833,37.28,9.83,12.28
24.9167,87.75,37.11,10.15,12.11
24.9167,87.9167,36.1,10.52,11.1
24.9167,88.0833,35.94,10.46,10.94
24.9167,88.25,35.57,10.6,10.57
24.9167,88.4167,35.53,10.55,10.53
24.9167,88.5833,34.88,10.51,9.88
24.9167,88.75,34.49,10.68,9.49
24.9167,88.9167,34.44,10.82,9.44
24.9167,89.0833,34.04,10.93,9.04
24.9167,89.25,33.99,11.21,8.99
24.9167,89.4167,34.13,11.46,9.13
24.9167,89.5833,34.16,11.72,9.16
24.9167,89.75,33.9,11.56,8.9
24.9167,89.9167,33.58,11.56,8.58
24.9167,90.0833,33.35,11.51,8.35
24.9167,90.25,33.06,11.68,8.06
24.9167,90.4167,32.65,11.81,7.65
24.9167,90.5833,32.46,11.7,7.46
24.9167,90.75,32.27,11.66,7.27
24.9167,90.9167,32.16,11.63,7.16
24.9167,91.0833,32.06,11.84,7.06
24.9167,91.25,31.82,11.87,6.82
24.9167,91.4167,31.71,11.58,6.71
24.9167,91.5833,31.61,11.13,6.61
24.9167,91.75,31.6,10.95,6.6
24.9167,91.9167,31.58,10.85,6.58
24.9167,92.0833,31.65,10.85,6.65
24.9167,92.25,31.74,10.76,6.74
24.9167,92.4167,31.81,10.81,6.81
24.9167,92.5833,31.91,10.8,6.91
24.9167,92.75,31.89,10.63,6.89
24.9167,92.9167,31.81,10.39,6.81
24.9167,93.0833,31.7,10.17,6.7
24.9167,93.25,30.73,9.66,5.73
24.9167,93.4167,29.01,8.34,4.01
24.9167,93.5833,28.26,7.56,3.26
24.9167,93.75,25.46,5.45,0.46
24.9167,93.9167,28.68,6.42,3.68
24.9167,94.0833,28.71,6.3,3.71
24.9167,94.25,26.68,5.7,1.68
24.9167,94.4167,26.58,5.71,1.58
24.9167,94.5833,28.55,7.1,3.55
24.9167,94.75,29.99,8.37,4.99
24.9167,94.9167,33.46,10.34,8.46
24.9167,95.0833,33.15,10.32,8.15
24.9167,95.25,32.81,10.24,7.81
24.9167,95.4167,33.12,10.2,8.12
24.9167,95.5833,32.42,9.95,7.42
24.9167,95.75,30.07,8.66,5.07
24.9167,95.9167,30.6,8.93,5.6
24.9167,96.0833,31.08,9.14,6.08
24.9167,96.25,30.04,8.6,5.04
24.9167,96.4167,32.18,9.55,7.18
24.9167,96.5833,30.53,9.15,5.53
24.9167,96.75,31.86,9.89,6.86
24.9167,96.9167,31.86,10.15,6.86
24.75,68.0833,38.48,10.51,13.48
24.75,68.25,38.9,10.35,13.9
24.75,68.4167,39.49,10.3,14.49
24.75,68.5833,39.75,9.96,14.75
24.75,68.75,39.98,9.86,14.98
24.75,68.9167,39.75,9.84,14.75
24.75,69.0833,40.01,9.62,15.01
24.75,69.25,40.53,8.83,15.53
24.75,69.4167,41.1,8.5,16.1
24.75,69.5833,41.48,8.37,16.48
24.75,69.75,41.59,8.25,16.59
24.75,69.9167,41.62,8.11,16.62
24.75,70.0833,41.7,8.07,16.7
24.75,70.25,41.82,8.11,16.82
24.75,70.4167,41.94,8.23,16.94
24.75,70.5833,42.08,8.38,17.08
24.75,70.75,42.28,8.59,17.28
24.75,70.9167,42.46,8.89,17.46
24.75,71.0833,42.63,9.26,17.63
24.75,71.25,42.63,9.5,17.63
24.75,71.4167,42.81,9.71,17.81
24.75,71.5833,42.68,9.76,17.68
24.75,71.75,42.66,10.0,17.66
24.75,71.9167,42.4,9.98,17.4
24.75,72.0833,41.9,10.02,16.9
24.75,72.25,41.21,9.99,16.21
24.75,72.4167,39.95,10.49,14.95
24.75,72.5833,40.89,10.28,15.89
24.75,72.75,39.79,10.19,14.79
24.75,72.9167,39.86,10.07,14.86
24.75,73.0833,39.51,9.99,14.51
24.75,73.25,38.22,9.48,13.22
24.75,73.4167,36.6,8.58,11.6
24.75,73.5833,37.4,8.49,12.4
24.75,73.75,38.68,8.74,13.68
24.75,73.9167,40.16,8.5,15.16
24.75,74.0833,40.52,8.67,15.52
24.75,74.25,40.65,8.84,15.65
24.75,74.4167,40.73,9.03,15.73
24.75,74.5833,40.51,9.38,15.51
24.75,74.75,40.28,9.71,15.28
24.75,74.9167,40.28,9.55,15.28
24.75,75.0833,40.88,9.91,15.88
24.75,75.25,41.15,10.13,16.15
24.75,75.4167,40.72,10.64,15.72
24.75,75.5833,40.23,11.22,15.23
24.75,75.75,41.71,10.03,16.71
24.75,75.9167,42.6,9.79,17.6
24.75,76.0833,42.45,10.36,17.45
24.75,76.25,43.11,9.83,18.11
24.75,76.4167,42.84,9.96,17.84
24.75,76.5833,42.98,9.79,17.98
24.75,76.75,43.11,9.56,18.11
24.75,76.9167,42.86,9.76,17.86
24.75,77.0833,42.6,9.54,17.6
24.75,77.25,42.29,9.3,17.29
24.75,77.4167,42.14,8.84,17.14
24.75,77.5833,42.2,8.65,17.2
24.75,77.75,42.16,8.56,17.16
24.75,77.9167,42.16,9.09,17.16
24.75,78.0833,42.32,9.42,17.32
24.75,78.25,41.75,9.93,16.75
24.75,78.4167,42.74,9.12,17.74
24.75,78.5833,42.9,8.94,17.9
24.75,78.75,42.77,8.89,17.77
24.75,78.9167,42.62,8.95,17.62
24.75,79.0833,42.57,8.89,17.57
24.75,79.25,42.86,8.79,17.86
24.75,79.4167,42.68,8.58,17.68
24.75,79.5833,42.46,8.39,17.46
24.75,79.75,42.69,8.73,17.69
24.75,79.9167,42.58,9.07,17.58
24.75,80.0833,42.03,9.0,17.03
24.75,80.25,41.53,8.64,16.53
24.75,80.4167,41.66,8.61,16.66
24.75,80.5833,41.7,8.6,16.7
24.75,80.75,41.84,8.59,16.84
24.75,80.9167,41.93,8.52,16.93
24.75,81.0833,41.81,8.65,16.81
24.75,81.25,41.8,8.71,16.8
24.75,81.4167,41.62,8.54,16.62
24.75,81.5833,41.44,8.34,16.44
24.75,81.75,41.24,8.35,16.24
24.75,81.9167,41.02,8.59,16.02
24.75,82.0833,40.85,8.64,15.85
24.75,82.25,41.29,9.31,16.29
24.75,82.4167,41.61,9.37,16.61
24.75,82.5833,41.27,9.2,16.27
24.75,82.75,41.04,8.83,16.04
24.75,82.9167,40.87,8.68,15.87
24.75,83.0833,40.76,8.88,15.76
24.75,83.25,40.6,9.1,15.6
24.75,83.4167,40.4,9.23,15.4
24.75,83.5833,40.05,9.16,15.05
24.75,83.75,40.03,9.66,15.03
24.75,83.9167,39.91,9.96,14.91
24.75,84.0833,41.27,10.84,16.27
24.75,84.25,41.71,10.5,16.71
24.75,84.4167,41.61,10.29,16.61
24.75,84.5833,41.36,10.17,16.36
24.75,84.75,41.2,9.86,16.2
24.75,84.9167,40.88,9.68,15.88
24.75,85.0833,40.65,9.78,15.65
24.75,85.25,40.48,9.86,15.48
24.75,85.4167,40.34,9.91,15.34
24.75,85.5833,39.84,10.1,14.84
24.75,85.75,39.33,10.11,14.33
24.75,85.9167,38.95,10.11,13.95
24.75,86.0833,38.97,10.23,13.97
24.75,86.25,39.65,10.56,14.65
24.75,86.4167,39.07,10.46,14.07
24.75,86.5833,38.62,10.24,13.62
24.75,86.75,38.39,10.21,13.39
24.75,86.9167,38.25,10.24,13.25
24.75,87.0833,38.1,10.1,13.1
24.75,87.25,37.87,9.97,12.87
24.75,87.4167,37.0,9.78,12.0
24.75,87.5833,37.12,10.01,12.12
24.75,87.75,37.65,10.33,12.65
24.75,87.9167,36.94,10.55,11.94
24.75,88.0833,36.38,10.41,11.38
24.75,88.25,35.89,10.62,10.89
24.75,88.4167,35.59,10.56,10.59
24.75,88.5833,35.07,10.77,10.07
24.75,88.75,34.81,10.91,9.81
24.75,88.9167,34.44,11.33,9.44
24.75,89.0833,34.2,11.04,9.2
24.75,89.25,34.14,11.08,9.14
24.75,89.4167,34.25,11.41,9.25
24.75,89.5833,34.17,11.58,9.17
24.75,89.75,34.2,11.44,9.2
24.75,89.9167,33.52,11.5,8.52
24.75,90.0833,33.57,11.23,8.57
24.75,90.25,33.03,11.5,8.03
24.75,90.4167,32.86,11.64,7.86
24.75,90.5833,32.52,11.52,7.52
24.75,90.75,32.45,11.36,7.45
24.75,90.9167,32.33,11.5,7.33
24.75,91.0833,32.18,11.76,7.18
24.75,91.25,32.01,11.73,7.01
24.75,91.4167,31.88,11.46,6.88
24.75,91.5833,31.78,11.07,6.78
24.75,91.75,31.75,10.8,6.75
24.75,91.9167,31.68,10.93,6.68
24.75,92.0833,31.69,10.84,6.69
24.75,92.25,31.58,10.61,6.58
24.75,92.4167,31.76,10.76,6.76
24.75,92.5833,31.81,10.83,6.81
24.75,92.75,31.88,10.97,6.88
24.75,92.9167,32.21,10.82,7.21
24.75,93.0833,31.75,10.5,6.75
24.75,93.25,29.83,9.37,4.83
24.75,93.4167,29.02,8.54,4.02
24.75,93.5833,28.46,7.83,3.46
24.75,93.75,27.2,6.45,2.2
24.75,93.9167,29.49,7.05,4.49
24.75,94.0833,28.74,6.55,3.74
24.75,94.25,27.4,6.43,2.4
24.75,94.4167,28.75,7.32,3.75
24.75,94.5833,30.79,8.76,5.79
24.75,94.75,32.63,10.04,7.63
24.75,94.9167,33.89,10.43,8.89
24.75,95.0833,33.81,10.33,8.81
24.75,95.25,33.37,10.27,8.37
24.75,95.4167,33.12,10.11,8.12
24.75,95.5833,32.63,10.04,7.63
24.75,95.75,32.85,9.78,7.85
24.75,95.9167,31.47,9.28,6.47
24.75,96.0833,30.06,8.6,5.06
24.75,96.25,31.18,8.92,6.18
24.75,96.4167,31.61,9.2,6.61
24.75,96.5833,32.6,10.06,7.6
24.75,96.75,32.74,10.09,7.74
24.75,96.9167,31.5,9.71,6.5
24.5833,68.0833,38.15,10.78,13.15
24.5833,68.25,38.56,10.73,13.56
24.5833,68.4167,39.13,10.46,14.13
24.5833,68.5833,39.49,10.13,14.49
24.5833,68.75,39.76,9.95,14.76
24.5833,68.9167,39.54,9.82,14.54
24.5833,69.0833,39.82,9.56,14.82
24.5833,69.25,40.47,8.91,15.47
24.5833,69.4167,41.05,8.85,16.05
24.5833,69.5833,41.24,8.67,16.24
24.5833,69.75,41.32,8.52,16.32
24.5833,69.9167,41.41,8.42,16.41
24.5833,70.0833,41.54,8.4,16.54
24.5833,70.25,41.7,8.46,16.7
24.5833,70.4167,41.9,8.59,16.9
24.5833,70.5833,42.08,8.74,17.08
24.5833,70.75,42.11,8.99,17.11
24.5833,70.9167,42.15,9.49,17.15
24.5833,71.0833,41.76,10.46,16.76
24.5833,71.25,42.19,10.33,17.19
24.5833,71.4167,42.58,9.82,17.58
24.5833,71.5833,42.69,10.01,17.69
24.5833,71.75,42.42,10.03,17.42
24.5833,71.9167,41.67,9.83,16.67
24.5833,72.0833,41.14,9.79,16.14
24.5833,72.25,41.03,9.89,16.03
24.5833,72.4167,40.88,10.29,15.88
24.5833,72.5833,41.04,10.34,16.04
24.5833,72.75,37.05,9.97,12.05
24.5833,72.9167,40.22,10.42,15.22
24.5833,73.0833,39.55,10.37,14.55
24.5833,73.25,38.31,9.93,13.31
24.5833,73.4167,37.88,9.22,12.88
24.5833,73.5833,37.72,8.86,12.72
24.5833,73.75,38.78,9.17,13.78
24.5833,73.9167,39.97,8.88,14.97
24.5833,74.0833,40.39,8.86,15.39
24.5833,74.25,40.55,8.95,15.55
24.5833,74.4167,40.57,9.07,15.57
24.5833,74.5833,40.47,9.34,15.47
24.5833,74.75,40.76,9.4,15.76
24.5833,74.9167,40.69,9.48,15.69
24.5833,75.0833,40.79,9.61,15.79
24.5833,75.25,40.84,9.72,15.84
24.5833,75.4167,41.11,10.03,16.11
24.5833,75.5833,40.08,11.06,15.08
24.5833,75.75,41.52,9.97,16.52
24.5833,75.9167,42.64,9.6,17.64
24.5833,76.0833,42.67,10.0,17.67
24.5833,76.25,42.64,10.14,17.64
24.5833,76.4167,42.9,10.01,17.9
24.5833,76.5833,42.8,10.2,17.8
24.5833,76.75,43.02,9.9,18.02
24.5833,76.9167,42.9,10.0,17.9
24.5833,77.0833,42.72,9.71,17.72
24.5833,77.25,42.29,9.66,17.29
24.5833,77.4167,42.15,9.12,17.15
24.5833,77.5833,42.1,8.97,17.1
24.5833,77.75,42.27,8.88,17.27
24.5833,77.9167,42.6,8.95,17.6
24.5833,78.0833,42.61,9.42,17.61
24.5833,78.25,41.99,10.15,16.99
24.5833,78.4167,42.64,9.21,17.64
24.5833,78.5833,42.87,9.01,17.87
24.5833,78.75,42.75,8.9,17.75
24.5833,78.9167,42.57,8.99,17.57
24.5833,79.0833,42.69,9.05,17.69
24.5833,79.25,42.68,8.93,17.68
24.5833,79.4167,42.1,8.82,17.1
24.5833,79.5833,42.03,8.74,17.03
24.5833,79.75,42.07,9.15,17.07
24.5833,79.9167,41.69,8.96,16.69
24.5833,80.0833,41.66,8.73,16.66
24.5833,80.25,42.18,8.7,17.18
24.5833,80.4167,42.29,8.44,17.29
24.5833,80.5833,42.24,8.43,17.24
24.5833,80.75,42.12,8.61,17.12
24.5833,80.9167,42.07,8.92,17.07
24.5833,81.0833,41.99,8.76,16.99
24.5833,81.25,41.8,8.72,16.8
24.5833,81.4167,41.66,8.59,16.66
24.5833,81.5833,41.48,8.52,16.48
24.5833,81.75,41.2,8.62,16.2
24.5833,81.9167,41.09,8.95,16.09
24.5833,82.0833,41.28,9.16,16.28
24.5833,82.25,41.46,9.42,16.46
24.5833,82.4167,41.47,9.4,16.47
24.5833,82.5833,41.3,9.47,16.3
24.5833,82.75,41.48,9.48,16.48
24.5833,82.9167,41.16,9.72,16.16
24.5833,83.0833,40.64,9.5,15.64
24.5833,83.25,40.08,9.41,15.08
24.5833,83.4167,40.03,9.43,15.03
24.5833,83.5833,39.93,9.43,14.93
24.5833,83.75,40.02,9.69,15.02
24.5833,83.9167,40.75,10.58,15.75
24.5833,84.0833,41.45,10.5,16.45
24.5833,84.25,41.51,10.4,16.51
24.5833,84.4167,41.08,10.23,16.08
24.5833,84.5833,40.65,10.16,15.65
24.5833,84.75,41.12,10.06,16.12
24.5833,84.9167,41.0,9.93,16.0
24.5833,85.0833,40.79,9.81,15.79
24.5833,85.25,40.43,9.85,15.43
24.5833,85.4167,39.68,9.92,14.68
24.5833,85.5833,39.04,9.85,14.04
24.5833,85.75,38.97,9.74,13.97
24.5833,85.9167,39.37,10.03,14.37
24.5833,86.0833,38.82,9.92,13.82
24.5833,86.25,38.88,10.18,13.88
24.5833,86.4167,38.67,10.13,13.67
24.5833,86.5833,38.52,10.12,13.52
24.5833,86.75,38.45,10.15,13.45
24.5833,86.9167,38.14,10.18,13.14
24.5833,87.0833,37.83,10.17,12.83
24.5833,87.25,37.63,10.03,12.63
24.5833,87.4167,36.93,10.02,11.93
24.5833,87.5833,37.74,10.38,12.74
24.5833,87.75,37.87,10.47,12.87
24.5833,87.9167,37.39,10.52,12.39
24.5833,88.0833,36.75,10.65,11.75
24.5833,88.25,36.24,10.72,11.24
24.5833,88.4167,35.92,10.59,10.92
24.5833,88.5833,35.13,10.87,10.13
24.5833,88.75,35.02,10.93,10.02
24.5833,88.9167,34.73,11.08,9.73
24.5833,89.0833,34.41,11.38,9.41
24.5833,89.25,34.34,11.24,9.34
24.5833,89.4167,34.26,11.15,9.26
24.5833,89.5833,34.22,11.27,9.22
24.5833,89.75,34.53,11.29,9.53
24.5833,89.9167,33.63,11.42,8.63
24.5833,90.0833,33.55,11.11,8.55
24.5833,90.25,33.22,11.33,8.22
24.5833,90.4167,32.94,11.49,7.94
24.5833,90.5833,32.7,11.28,7.7
24.5833,90.75,32.48,11.23,7.48
24.5833,90.9167,32.39,11.4,7.39
24.5833,91.0833,32.25,11.57,7.25
24.5833,91.25,32.17,11.4,7.17
24.5833,91.4167,32.12,11.22,7.12
24.5833,91.5833,32.25,10.54,7.25
24.5833,91.75,32.06,10.7,7.06
24.5833,91.9167,31.91,10.55,6.91
24.5833,92.0833,31.87,10.8,6.87
24.5833,92.25,31.81,10.49,6.81
24.5833,92.4167,31.93,10.69,6.93
24.5833,92.5833,31.99,10.75,6.99
24.5833,92.75,31.82,10.76,6.82
24.5833,92.9167,32.07,10.86,7.07
24.5833,93.0833,30.93,10.37,5.93
24.5833,93.25,30.05,9.71,5.05
24.5833,93.4167,28.97,8.76,3.97
24.5833,93.5833,26.89,7.05,1.89
24.5833,93.75,27.86,7.35,2.86
24.5833,93.9167,29.06,7.53,4.06
24.5833,94.0833,28.96,6.57,3.96
24.5833,94.25,27.89,6.98,2.89
24.5833,94.4167,31.09,8.92,6.09
24.5833,94.5833,32.47,9.87,7.47
24.5833,94.75,33.5,10.48,8.5
24.5833,94.9167,33.63,10.39,8.63
24.5833,95.0833,33.46,10.3,8.46
24.5833,95.25,32.91,10.06,7.91
24.5833,95.4167,32.18,9.84,7.18
24.5833,95.5833,32.94,10.01,7.94
24.5833,95.75,31.56,9.31,6.56
24.5833,95.9167,31.79,9.66,6.79
24.5833,96.0833,32.77,10.11,7.77
24.5833,96.25,32.14,9.6,7.14
24.5833,96.4167,30.99,9.36,5.99
24.5833,96.5833,33.09,10.26,8.09
24.5833,96.75,31.64,9.51,6.64
24.5833,96.9167,31.29,9.14,6.29
24.4167,68.0833,37.94,11.09,12.94
24.4167,68.25,38.43,11.02,13.43
24.4167,68.4167,39.08,10.82,14.08
24.4167,68.5833,39.07,10.89,14.07
24.4167,68.75,39.16,10.59,14.16
24.4167,68.9167,39.38,10.08,14.38
24.4167,69.0833,39.83,9.58,14.83
24.4167,69.25,40.32,9.34,15.32
24.4167,69.4167,40.57,9.24,15.57
24.4167,69.5833,40.75,9.05,15.75
24.4167,69.75,40.93,8.99,15.93
24.4167,69.9167,41.07,8.94,16.07
24.4167,70.0833,41.23,9.09,16.23
24.4167,70.25,41.35,9.21,16.35
24.4167,70.4167,41.27,9.62,16.27
24.4167,70.5833,41.47,9.65,16.47
24.4167,70.75,41.41,9.66,16.41
24.4167,70.9167,41.85,10.0,16.85
24.4167,71.0833,41.52,10.77,16.52
24.4167,71.25,41.21,10.88,16.21
24.4167,71.4167,42.46,10.16,17.46
24.4167,71.5833,42.51,10.09,17.51
24.4167,71.75,41.88,10.06,16.88
24.4167,71.9167,41.44,9.95,16.44
24.4167,72.0833,41.16,9.96,16.16
24.4167,72.25,41.22,10.29,16.22
24.4167,72.4167,40.76,10.88,15.76
24.4167,72.5833,40.4,10.81,15.4
24.4167,72.75,40.2,10.83,15.2
24.4167,72.9167,39.39,10.67,14.39
24.4167,73.0833,40.42,10.65,15.42
24.4167,73.25,38.7,10.21,13.7
24.4167,73.4167,38.59,9.59,13.59
24.4167,73.5833,38.3,9.38,13.3
24.4167,73.75,39.71,9.96,14.71
24.4167,73.9167,40.61,9.96,15.61
24.4167,74.0833,40.72,9.95,15.72
24.4167,74.25,40.38,9.53,15.38
24.4167,74.4167,40.35,9.2,15.35
24.4167,74.5833,40.32,9.51,15.32
24.4167,74.75,40.64,9.46,15.64
24.4167,74.9167,41.03,9.39,16.03
24.4167,75.0833,41.48,9.36,16.48
24.4167,75.25,41.58,9.63,16.58
24.4167,75.4167,41.12,10.29,16.12
24.4167,75.5833,41.24,10.31,16.24
24.4167,75.75,42.24,9.64,17.24
24.4167,75.9167,42.62,9.58,17.62
24.4167,76.0833,42.85,9.75,17.85
24.4167,76.25,42.94,10.02,17.94
24.4167,76.4167,42.75,10.4,17.75
24.4167,76.5833,43.16,10.43,18.16
24.4167,76.75,43.03,10.55,18.03
24.4167,76.9167,42.79,10.24,17.79
24.4167,77.0833,42.74,9.97,17.74
24.4167,77.25,42.21,9.94,17.21
24.4167,77.4167,42.07,9.25,17.07
24.4167,77.5833,42.21,9.26,17.21
24.4167,77.75,42.44,9.22,17.44
24.4167,77.9167,42.66,9.48,17.66
24.4167,78.0833,42.83,9.47,17.83
24.4167,78.25,42.65,9.63,17.65
24.4167,78.4167,42.25,9.63,17.25
24.4167,78.5833,42.41,9.37,17.41
24.4167,78.75,42.49,9.15,17.49
24.4167,78.9167,42.62,9.14,17.62
24.4167,79.0833,42.5,9.12,17.5
24.4167,79.25,42.17,9.14,17.17
24.4167,79.4167,41.76,8.98,16.76
24.4167,79.5833,41.8,8.97,16.8
24.4167,79.75,42.04,8.98,17.04
24.4167,79.9167,42.65,8.97,17.65
24.4167,80.0833,42.75,8.71,17.75
24.4167,80.25,42.56,8.63,17.56
24.4167,80.4167,42.07,8.76,17.07
24.4167,80.5833,41.27,8.42,16.27
24.4167,80.75,41.54,8.78,16.54
24.4167,80.9167,41.98,8.8,16.98
24.4167,81.0833,41.92,8.82,16.92
24.4167,81.25,41.6,9.03,16.6
24.4167,81.4167,41.41,9.14,16.41
24.4167,81.5833,41.63,9.29,16.63
24.4167,81.75,41.78,9.33,16.78
24.4167,81.9167,41.59,9.35,16.59
24.4167,82.0833,41.48,9.38,16.48
24.4167,82.25,41.53,9.47,16.53
24.4167,82.4167,40.82,9.3,15.82
24.4167,82.5833,40.97,9.27,15.97
24.4167,82.75,41.29,9.48,16.29
24.4167,82.9167,41.37,9.93,16.37
24.4167,83.0833,41.3,10.03,16.3
24.4167,83.25,41.26,10.03,16.26
24.4167,83.4167,41.22,10.11,16.22
24.4167,83.5833,41.06,10.14,16.06
24.4167,83.75,41.39,10.43,16.39
24.4167,83.9167,41.05,10.36,16.05
24.4167,84.0833,41.04,10.14,16.04
24.4167,84.25,41.09,10.18,16.09
24.4167,84.4167,40.81,10.05,15.81
24.4167,84.5833,41.0,10.03,16.0
24.4167,84.75,40.9,10.07,15.9
24.4167,84.9167,40.57,9.99,15.57
24.4167,85.0833,40.22,9.7,15.22
24.4167,85.25,39.54,9.41,14.54
24.4167,85.4167,39.14,9.65,14.14
24.4167,85.5833,39.21,9.69,14.21
24.4167,85.75,39.09,9.78,14.09
24.4167,85.9167,38.94,9.94,13.94
24.4167,86.0833,38.8,9.96,13.8
24.4167,86.25,38.65,10.03,13.65
24.4167,86.4167,38.67,10.17,13.67
24.4167,86.5833,38.71,10.36,13.71
24.4167,86.75,38.37,10.37,13.37
24.4167,86.9167,37.98,10.39,12.98
24.4167,87.0833,38.07,10.47,13.07
24.4167,87.25,37.79,10.43,12.79
24.4167,87.4167,37.5,10.34,12.5
24.4167,87.5833,38.15,10.54,13.15
24.4167,87.75,38.05,10.66,13.05
24.4167,87.9167,37.04,10.78,12.04
24.4167,88.0833,36.94,10.84,11.94
24.4167,88.25,36.76,10.82,11.76
24.4167,88.4167,36.23,10.83,11.23
24.4167,88.5833,35.87,10.88,10.87
24.4167,88.75,35.47,10.74,10.47
24.4167,88.9167,35.31,10.68,10.31
24.4167,89.0833,35.15,10.82,10.15
24.4167,89.25,34.93,11.04,9.93
24.4167,89.4167,34.24,11.3,9.24
24.4167,89.5833,34.21,11.06,9.21
24.4167,89.75,34.48,11.18,9.48
24.4167,89.9167,33.7,11.17,8.7
24.4167,90.0833,33.45,11.11,8.45
24.4167,90.25,33.44,11.02,8.44
24.4167,90.4167,33.12,11.45,8.12
24.4167,90.5833,32.84,11.22,7.84
24.4167,90.75,32.72,11.11,7.72
24.4167,90.9167,32.55,11.42,7.55
24.4167,91.0833,32.38,11.37,7.38
24.4167,91.25,32.35,11.13,7.35
24.4167,91.4167,32.43,10.81,7.43
24.4167,91.5833,32.48,10.18,7.48
24.4167,91.75,32.47,10.1,7.47
24.4167,91.9167,32.49,10.1,7.49
24.4167,92.0833,32.05,10.31,7.05
24.4167,92.25,32.13,10.43,7.13
24.4167,92.4167,31.88,10.65,6.88
24.4167,92.5833,31.87,10.74,6.87
24.4167,92.75,31.54,10.83,6.54
24.4167,92.9167,30.9,10.63,5.9
24.4167,93.0833,30.54,10.31,5.54
24.4167,93.25,30.35,9.8,5.35
24.4167,93.4167,28.5,8.4,3.5
24.4167,93.5833,26.52,6.61,1.52
24.4167,93.75,28.74,7.1,3.74
24.4167,93.9167,29.1,7.15,4.1
24.4167,94.0833,27.65,6.41,2.65
24.4167,94.25,29.25,8.1,4.25
24.4167,94.4167,33.31,10.06,8.31
24.4167,94.5833,32.31,10.01,7.31
24.4167,94.75,33.85,10.75,8.85
24.4167,94.9167,33.99,10.54,8.99
24.4167,95.0833,33.3,10.28,8.3
24.4167,95.25,32.36,9.89,7.36
24.4167,95.4167,32.63,9.65,7.63
24.4167,95.5833,33.12,9.81,8.12
24.4167,95.75,31.85,9.64,6.85
24.4167,95.9167,33.55,10.43,8.55
24.4167,96.0833,33.96,10.36,8.96
24.4167,96.25,31.74,9.62,6.74
24.4167,96.4167,32.98,10.16,7.98
24.4167,96.5833,33.61,10.5,8.61
24.4167,96.75,33.18,10.41,8.18
24.4167,96.9167,32.28,9.9,7.28
24.25,68.0833,37.68,11.52,12.68
24.25,68.25,37.9,11.42,12.9
24.25,68.4167,38.4,11.48,13.4
24.25,68.5833,37.62,11.48,12.62
24.25,68.75,36.9,11.22,11.9
24.25,68.9167,38.5,11.26,13.5
24.25,69.0833,39.03,10.97,14.03
24.25,69.25,39.66,10.35,14.66
24.25,69.4167,39.92,10.37,14.92
24.25,69.5833,40.17,10.29,15.17
24.25,69.75,40.53,9.76,15.53
24.25,69.9167,40.72,9.59,15.72
24.25,70.0833,40.0,10.69,15.0
24.25,70.25,39.58,10.65,14.58
24.25,70.4167,39.95,10.35,14.95
24.25,70.5833,40.92,10.14,15.92
24.25,70.75,41.3,10.16,16.3
24.25,70.9167,41.49,10.46,16.49
24.25,71.0833,41.51,10.68,16.51
24.25,71.25,41.49,10.94,16.49
24.25,71.4167,42.51,10.17,17.51
24.25,71.5833,42.29,10.13,17.29
24.25,71.75,41.48,10.12,16.48
24.25,71.9167,41.32,10.12,16.32
24.25,72.0833,40.62,10.17,15.62
24.25,72.25,40.72,10.36,15.72
24.25,72.4167,41.31,10.46,16.31
24.25,72.5833,40.34,10.75,15.34
24.25,72.75,39.8,10.81,14.8
24.25,72.9167,40.56,10.95,15.56
24.25,73.0833,40.95,10.8,15.95
24.25,73.25,38.62,10.41,13.62
24.25,73.4167,38.38,9.52,13.38
24.25,73.5833,38.95,9.79,13.95
24.25,73.75,40.12,10.51,15.12
24.25,73.9167,40.86,10.66,15.86
24.25,74.0833,40.93,10.53,15.93
24.25,74.25,40.52,10.01,15.52
24.25,74.4167,40.51,10.12,15.51
24.25,74.5833,40.36,10.13,15.36
24.25,74.75,40.56,9.82,15.56
24.25,74.9167,40.78,9.44,15.78
24.25,75.0833,41.48,9.38,16.48
24.25,75.25,41.68,9.58,16.68
24.25,75.4167,41.61,9.89,16.61
24.25,75.5833,41.99,9.57,16.99
24.25,75.75,42.19,9.64,17.19
24.25,75.9167,42.43,9.71,17.43
24.25,76.0833,42.64,10.02,17.64
24.25,76.25,42.81,10.27,17.81
24.25,76.4167,42.74,10.7,17.74
24.25,76.5833,42.9,10.95,17.9
24.25,76.75,43.11,10.93,18.11
24.25,76.9167,42.76,10.76,17.76
24.25,77.0833,42.66,10.24,17.66
24.25,77.25,42.34,10.27,17.34
24.25,77.4167,42.14,9.44,17.14
24.25,77.5833,42.24,9.49,17.24
24.25,77.75,42.56,9.68,17.56
24.25,77.9167,42.82,9.6,17.82
24.25,78.0833,42.91,9.63,17.91
24.25,78.25,42.85,9.51,17.85
24.25,78.4167,42.72,9.41,17.72
24.25,78.5833,42.26,9.71,17.26
24.25,78.75,41.84,9.64,16.84
24.25,78.9167,41.98,9.66,16.98
24.25,79.0833,42.19,9.37,17.19
24.25,79.25,42.01,9.06,17.01
24.25,79.4167,41.95,9.16,16.95
24.25,79.5833,42.47,9.31,17.47
24.25,79.75,42.96,9.01,17.96
24.25,79.9167,42.83,8.8,17.83
24.25,80.0833,42.48,8.97,17.48
24.25,80.25,42.38,8.97,17.38
24.25,80.4167,41.88,8.78,16.88
24.25,80.5833,41.02,8.48,16.02
24.25,80.75,41.67,9.02,16.67
24.25,80.9167,41.76,9.07,16.76
24.25,81.0833,41.31,9.38,16.31
24.25,81.25,40.75,9.77,15.75
24.25,81.4167,41.65,9.48,16.65
24.25,81.5833,41.35,9.38,16.35
24.25,81.75,41.08,9.21,16.08
24.25,81.9167,41.09,9.32,16.09
24.25,82.0833,41.06,9.43,16.06
24.25,82.25,41.01,9.41,16.01
24.25,82.4167,40.8,9.23,15.8
24.25,82.5833,40.74,9.29,15.74
24.25,82.75,40.88,9.77,15.88
24.25,82.9167,40.43,10.15,15.43
24.25,83.0833,40.72,9.9,15.72
24.25,83.25,41.11,9.95,16.11
24.25,83.4167,40.94,9.88,15.94
24.25,83.5833,40.99,10.02,15.99
24.25,83.75,41.29,10.28,16.29
24.25,83.9167,41.34,10.34,16.34
24.25,84.0833,40.91,10.03,15.91
24.25,84.25,40.44,10.02,15.44
24.25,84.4167,40.18,9.83,15.18
24.25,84.5833,40.14,9.7,15.14
24.25,84.75,40.05,9.78,15.05
24.25,84.9167,39.56,9.45,14.56
24.25,85.0833,39.45,9.31,14.45
24.25,85.25,39.28,9.48,14.28
24.25,85.4167,39.13,9.71,14.13
24.25,85.5833,39.38,9.96,14.38
24.25,85.75,39.48,10.15,14.48
24.25,85.9167,39.41,10.36,14.41
24.25,86.0833,39.25,10.44,14.25
24.25,86.25,38.95,10.4,13.95
24.25,86.4167,38.8,10.43,13.8
24.25,86.5833,38.84,10.63,13.84
24.25,86.75,38.55,10.67,13.55
24.25,86.9167,38.03,10.68,13.03
24.25,87.0833,38.07,10.68,13.07
24.25,87.25,38.01,10.83,13.01
24.25,87.4167,37.99,10.69,12.99
24.25,87.5833,38.13,10.75,13.13
24.25,87.75,37.82,10.88,12.82
24.25,87.9167,36.97,11.03,11.97
24.25,88.0833,36.67,11.1,11.67
24.25,88.25,36.77,11.08,11.77
24.25,88.4167,36.62,10.77,11.62
24.25,88.5833,36.32,10.64,11.32
24.25,88.75,35.92,10.66,10.92
24.25,88.9167,35.66,10.4,10.66
24.25,89.0833,35.47,10.42,10.47
24.25,89.25,35.2,10.68,10.2
24.25,89.4167,34.46,10.84,9.46
24.25,89.5833,34.07,10.68,9.07
24.25,89.75,34.36,10.86,9.36
24.25,89.9167,33.71,10.71,8.71
24.25,90.0833,33.33,10.88,8.33
24.25,90.25,33.46,10.9,8.46
24.25,90.4167,33.43,10.99,8.43
24.25,90.5833,33.08,11.18,8.08
24.25,90.75,32.76,10.99,7.76
24.25,90.9167,32.58,11.24,7.58
24.25,91.0833,32.48,11.2,7.48
24.25,91.25,32.77,10.47,7.77
24.25,91.4167,32.84,10.09,7.84
24.25,91.5833,32.77,9.75,7.77
24.25,91.75,32.62,9.66,7.62
24.25,91.9167,32.32,9.91,7.32
24.25,92.0833,32.23,10.26,7.23
24.25,92.25,32.08,10.34,7.08
24.25,92.4167,31.71,10.47,6.71
24.25,92.5833,31.72,10.77,6.72
24.25,92.75,30.76,10.65,5.76
24.25,92.9167,30.28,10.32,5.28
24.25,93.0833,29.96,9.82,4.96
24.25,93.25,28.35,8.59,3.35
24.25,93.4167,27.47,7.59,2.47
24.25,93.5833,27.87,7.19,2.87
24.25,93.75,27.9,6.91,2.9
24.25,93.9167,28.54,6.91,3.54
24.25,94.0833,27.09,6.65,2.09
24.25,94.25,32.02,9.6,7.02
24.25,94.4167,33.44,10.26,8.44
24.25,94.5833,32.53,10.22,7.53
24.25,94.75,34.06,10.77,9.06
24.25,94.9167,33.7,10.51,8.7
24.25,95.0833,32.69,10.16,7.69
24.25,95.25,32.8,9.81,7.8
24.25,95.4167,33.4,9.85,8.4
24.25,95.5833,32.45,9.31,7.45
24.25,95.75,30.18,8.56,5.18
24.25,95.9167,33.62,10.48,8.62
24.25,96.0833,34.51,10.56,9.51
24.25,96.25,32.75,10.18,7.75
24.25,96.4167,34.15,10.55,9.15
24.25,96.5833,34.38,10.4,9.38
24.25,96.75,34.36,10.4,9.36
24.25,96.9167,33.76,10.33,8.76
24.0833,68.0833,35.62,12.26,10.62
24.0833,68.25,36.32,12.08,11.32
24.0833,68.4167,36.84,11.84,11.84
24.0833,68.5833,36.68,11.57,11.68
24.0833,68.75,36.59,11.44,11.59
24.0833,68.9167,36.62,11.47,11.62
24.0833,69.0833,36.79,11.27,11.79
24.0833,69.25,38.07,11.09,13.07
24.0833,69.4167,39.63,10.62,14.63
24.0833,69.5833,40.11,10.29,15.11
24.0833,69.75,39.93,10.88,14.93
24.0833,69.9167,39.69,11.02,14.69
24.0833,70.0833,39.16,11.2,14.16
24.0833,70.25,39.06,10.92,14.06
24.0833,70.4167,39.41,10.49,14.41
24.0833,70.5833,40.21,10.4,15.21
24.0833,70.75,41.0,10.47,16.0
24.0833,70.9167,41.2,10.47,16.2
24.0833,71.0833,41.39,10.66,16.39
24.0833,71.25,41.88,10.69,16.88
24.0833,71.4167,42.22,10.29,17.22
24.0833,71.5833,42.12,10.29,17.12
24.0833,71.75,41.65,10.31,16.65
24.0833,71.9167,41.23,10.32,16.23
24.0833,72.0833,41.34,10.37,16.34
24.0833,72.25,41.48,10.45,16.48
24.0833,72.4167,41.45,10.45,16.45
24.0833,72.5833,40.62,10.42,15.62
24.0833,72.75,40.47,10.8,15.47
24.0833,72.9167,40.93,11.13,15.93
24.0833,73.0833,41.25,10.82,16.25
24.0833,73.25,38.77,10.78,13.77
24.0833,73.4167,39.51,10.27,14.51
24.0833,73.5833,40.11,10.71,15.11
24.0833,73.75,40.58,10.86,15.58
24.0833,73.9167,41.44,10.72,16.44
24.0833,74.0833,41.5,11.03,16.5
24.0833,74.25,41.18,10.96,16.18
24.0833,74.4167,41.65,10.7,16.65
24.0833,74.5833,41.22,10.58,16.22
24.0833,74.75,40.57,9.65,15.57
24.0833,74.9167,40.72,9.38,15.72
24.0833,75.0833,41.21,9.44,16.21
24.0833,75.25,41.64,9.36,16.64
24.0833,75.4167,41.88,9.56,16.88
24.0833,75.5833,42.0,9.85,17.0
24.0833,75.75,42.03,9.79,17.03
24.0833,75.9167,42.17,9.99,17.17
24.0833,76.0833,42.63,10.2,17.63
24.0833,76.25,42.76,10.49,17.76
24.0833,76.4167,42.81,10.67,17.81
24.0833,76.5833,42.82,11.04,17.82
24.0833,76.75,42.79,11.24,17.79
24.0833,76.9167,42.92,10.92,17.92
24.0833,77.0833,42.77,10.58,17.77
24.0833,77.25,42.38,10.47,17.38
24.0833,77.4167,42.09,9.74,17.09
24.0833,77.5833,42.23,9.77,17.23
24.0833,77.75,42.54,9.77,17.54
24.0833,77.9167,42.88,9.79,17.88
24.0833,78.0833,42.83,9.83,17.83
24.0833,78.25,42.73,9.74,17.73
24.0833,78.4167,42.56,9.62,17.56
24.0833,78.5833,42.08,9.8,17.08
24.0833,78.75,41.93,9.71,16.93
24.0833,78.9167,42.25,9.52,17.25
24.0833,79.0833,42.32,9.62,17.32
24.0833,79.25,42.37,9.71,17.37
24.0833,79.4167,42.86,9.41,17.86
24.0833,79.5833,43.1,9.12,18.1
24.0833,79.75,42.96,9.12,17.96
24.0833,79.9167,42.19,9.05,17.19
24.0833,80.0833,42.44,8.82,17.44
24.0833,80.25,42.44,8.81,17.44
24.0833,80.4167,42.27,9.17,17.27
24.0833,80.5833,41.49,9.16,16.49
24.0833,80.75,41.93,9.21,16.93
24.0833,80.9167,41.68,9.64,16.68
24.0833,81.0833,41.11,10.15,16.11
24.0833,81.25,40.55,10.04,15.55
24.0833,81.4167,41.58,9.44,16.58
24.0833,81.5833,41.19,9.38,16.19
24.0833,81.75,40.78,9.27,15.78
24.0833,81.9167,41.25,9.54,16.25
24.0833,82.0833,41.0,9.45,16.0
24.0833,82.25,40.72,9.41,15.72
24.0833,82.4167,40.53,9.63,15.53
24.0833,82.5833,41.05,10.1,16.05
24.0833,82.75,39.38,11.55,14.38
24.0833,82.9167,39.62,11.0,14.62
24.0833,83.0833,40.67,9.71,15.67
24.0833,83.25,41.18,9.86,16.18
24.0833,83.4167,40.76,9.74,15.76
24.0833,83.5833,40.64,9.79,15.64
24.0833,83.75,40.94,9.99,15.94
24.0833,83.9167,41.22,10.16,16.22
24.0833,84.0833,41.12,10.19,16.12
24.0833,84.25,40.99,10.09,15.99
24.0833,84.4167,40.54,9.91,15.54
24.0833,84.5833,39.92,9.75,14.92
24.0833,84.75,39.22,9.39,14.22
24.0833,84.9167,38.84,9.19,13.84
24.0833,85.0833,38.66,9.27,13.66
24.0833,85.25,38.39,9.18,13.39
24.0833,85.4167,38.23,9.27,13.23
24.0833,85.5833,38.25,9.56,13.25
24.0833,85.75,38.77,10.15,13.77
24.0833,85.9167,39.28,10.52,14.28
24.0833,86.0833,39.07,10.59,14.07
24.0833,86.25,39.32,10.78,14.32
24.0833,86.4167,39.22,10.91,14.22
24.0833,86.5833,38.89,10.94,13.89
24.0833,86.75,38.71,11.0,13.71
24.0833,86.9167,38.36,10.91,13.36
24.0833,87.0833,38.15,10.97,13.15
24.0833,87.25,37.84,11.16,12.84
24.0833,87.4167,37.94,11.07,12.94
24.0833,87.5833,38.19,11.08,13.19
24.0833,87.75,37.56,11.09,12.56
24.0833,87.9167,37.24,11.27,12.24
24.0833,88.0833,36.59,11.55,11.59
24.0833,88.25,37.0,11.35,12.0
24.0833,88.4167,36.93,10.91,11.93
24.0833,88.5833,36.66,10.62,11.66
24.0833,88.75,36.5,10.49,11.5
24.0833,88.9167,35.97,10.49,10.97
24.0833,89.0833,35.51,10.43,10.51
24.0833,89.25,35.18,10.68,10.18
24.0833,89.4167,35.0,10.76,10.0
24.0833,89.5833,34.48,10.81,9.48
24.0833,89.75,34.35,10.9,9.35
24.0833,89.9167,33.76,10.7,8.76
24.0833,90.0833,33.39,10.87,8.39
24.0833,90.25,33.44,11.27,8.44
24.0833,90.4167,33.44,11.18,8.44
24.0833,90.5833,33.07,11.29,8.07
24.0833,90.75,32.83,11.1,7.83
24.0833,90.9167,32.71,11.03,7.71
24.0833,91.0833,32.6,10.88,7.6
24.0833,91.25,32.83,10.56,7.83
24.0833,91.4167,32.88,9.89,7.88
24.0833,91.5833,32.82,9.86,7.82
24.0833,91.75,32.33,9.85,7.33
24.0833,91.9167,32.26,10.09,7.26
24.0833,92.0833,32.28,10.26,7.28
24.0833,92.25,31.94,10.4,6.94
24.0833,92.4167,31.49,10.56,6.49
24.0833,92.5833,31.4,10.68,6.4
24.0833,92.75,30.0,10.27,5.0
24.0833,92.9167,29.91,10.12,4.91
24.0833,93.0833,29.04,9.3,4.04
24.0833,93.25,28.06,8.23,3.06
24.0833,93.4167,27.31,7.5,2.31
24.0833,93.5833,28.02,7.2,3.02
24.0833,93.75,27.09,6.7,2.09
24.0833,93.9167,26.58,6.24,1.58
24.0833,94.0833,28.75,8.02,3.75
24.0833,94.25,33.56,10.27,8.56
24.0833,94.4167,33.29,10.44,8.29
24.0833,94.5833,33.83,10.79,8.83
24.0833,94.75,33.68,10.59,8.68
24.0833,94.9167,33.25,10.34,8.25
24.0833,95.0833,32.6,9.98,7.6
24.0833,95.25,33.43,9.89,8.43
24.0833,95.4167,34.28,10.03,9.28
24.0833,95.5833,31.7,8.91,6.7
24.0833,95.75,30.91,8.82,5.91
24.0833,95.9167,33.95,10.46,8.95
24.0833,96.0833,34.51,10.5,9.51
24.0833,96.25,33.54,10.57,8.54
24.0833,96.4167,34.9,10.37,9.9
24.0833,96.5833,34.52,10.21,9.52
24.0833,96.75,33.98,10.11,8.98
24.0833,96.9167,32.91,10.08,7.91
23.9167,68.0833,35.1,12.32,10.1
23.9167,68.25,35.48,12.25,10.48
23.9167,68.4167,35.78,12.09,10.78
23.9167,68.5833,36.22,11.9,11.22
23.9167,68.75,37.1,12.03,12.1
23.9167,68.9167,37.54,12.11,12.54
23.9167,69.0833,36.88,11.68,11.88
23.9167,69.25,38.08,11.37,13.08
23.9167,69.4167,38.18,10.9,13.18
23.9167,69.5833,38.58,10.7,13.58
23.9167,69.75,39.41,10.56,14.41
23.9167,69.9167,39.11,10.93,14.11
23.9167,70.0833,39.24,11.18,14.24
23.9167,70.25,39.42,10.89,14.42
23.9167,70.4167,39.72,10.68,14.72
23.9167,70.5833,40.07,10.42,15.07
23.9167,70.75,40.69,10.47,15.69
23.9167,70.9167,41.13,10.67,16.13
23.9167,71.0833,41.49,10.69,16.49
23.9167,71.25,41.85,10.68,16.85
23.9167,71.4167,42.05,10.57,17.05
23.9167,71.5833,42.24,10.51,17.24
23.9167,71.75,42.07,10.37,17.07
23.9167,71.9167,41.94,10.32,16.94
23.9167,72.0833,42.02,10.44,17.02
23.9167,72.25,42.01,10.49,17.01
23.9167,72.4167,41.65,10.48,16.65
23.9167,72.5833,41.25,10.45,16.25
23.9167,72.75,41.13,10.77,16.13
23.9167,72.9167,41.2,10.93,16.2
23.9167,73.0833,41.16,10.71,16.16
23.9167,73.25,39.83,10.85,14.83
23.9167,73.4167,39.93,10.53,14.93
23.9167,73.5833,40.33,10.73,15.33
23.9167,73.75,40.88,11.04,15.88
23.9167,73.9167,41.15,11.16,16.15
23.9167,74.0833,41.7,11.09,16.7
23.9167,74.25,41.92,11.4,16.92
23.9167,74.4167,41.85,11.17,16.85
23.9167,74.5833,41.26,10.77,16.26
23.9167,74.75,40.86,9.99,15.86
23.9167,74.9167,40.66,9.15,15.66
23.9167,75.0833,41.13,9.13,16.13
23.9167,75.25,41.43,9.34,16.43
23.9167,75.4167,41.8,9.54,16.8
23.9167,75.5833,41.93,9.73,16.93
23.9167,75.75,41.89,9.88,16.89
23.9167,75.9167,41.98,9.96,16.98
23.9167,76.0833,42.38,10.22,17.38
23.9167,76.25,42.82,10.46,17.82
23.9167,76.4167,42.75,10.68,17.75
23.9167,76.5833,42.81,10.77,17.81
23.9167,76.75,42.94,11.09,17.94
23.9167,76.9167,42.87,10.78,17.87
23.9167,77.0833,42.66,10.71,17.66
23.9167,77.25,42.46,10.62,17.46
23.9167,77.4167,42.16,10.27,17.16
23.9167,77.5833,42.43,10.25,17.43
23.9167,77.75,42.74,10.2,17.74
23.9167,77.9167,42.88,10.12,17.88
23.9167,78.0833,42.76,10.2,17.76
23.9167,78.25,42.62,10.0,17.62
23.9167,78.4167,42.16,10.06,17.16
23.9167,78.5833,41.97,9.83,16.97
23.9167,78.75,41.72,10.01,16.72
23.9167,78.9167,42.25,9.61,17.25
23.9167,79.0833,42.58,9.86,17.58
23.9167,79.25,42.99,9.5,17.99
23.9167,79.4167,43.02,9.45,18.02
23.9167,79.5833,42.91,9.36,17.91
23.9167,79.75,42.72,9.64,17.72
23.9167,79.9167,42.2,9.01,17.2
23.9167,80.0833,42.14,8.87,17.14
23.9167,80.25,42.22,8.96,17.22
23.9167,80.4167,42.17,9.1,17.17
23.9167,80.5833,42.23,9.1,17.23
23.9167,80.75,42.22,9.2,17.22
23.9167,80.9167,41.88,9.31,16.88
23.9167,81.0833,41.65,9.39,16.65
23.9167,81.25,41.53,9.47,16.53
23.9167,81.4167,41.42,9.52,16.42
23.9167,81.5833,41.02,9.66,16.02
23.9167,81.75,40.26,9.53,15.26
23.9167,81.9167,40.01,9.55,15.01
23.9167,82.0833,39.5,9.33,14.5
23.9167,82.25,40.37,9.6,15.37
23.9167,82.4167,39.73,9.64,14.73
23.9167,82.5833,41.19,10.09,16.19
23.9167,82.75,41.06,10.07,16.06
23.9167,82.9167,40.76,9.59,15.76
23.9167,83.0833,40.34,9.57,15.34
23.9167,83.25,40.38,9.65,15.38
23.9167,83.4167,40.03,9.61,15.03
23.9167,83.5833,39.8,9.61,14.8
23.9167,83.75,39.87,9.57,14.87
23.9167,83.9167,40.38,9.69,15.38
23.9167,84.0833,40.45,10.01,15.45
23.9167,84.25,40.54,10.04,15.54
23.9167,84.4167,39.93,9.84,14.93
23.9167,84.5833,39.38,9.61,14.38
23.9167,84.75,38.96,9.39,13.96
23.9167,84.9167,38.69,9.45,13.69
23.9167,85.0833,38.57,9.78,13.57
23.9167,85.25,38.27,9.68,13.27
23.9167,85.4167,38.2,9.8,13.2
23.9167,85.5833,37.93,9.92,12.93
23.9167,85.75,38.4,10.58,13.4
23.9167,85.9167,39.03,10.77,14.03
23.9167,86.0833,38.76,10.94,13.76
23.9167,86.25,38.79,11.01,13.79
23.9167,86.4167,38.83,11.31,13.83
23.9167,86.5833,39.05,11.38,14.05
23.9167,86.75,38.71,11.64,13.71
23.9167,86.9167,38.69,11.32,13.69
23.9167,87.0833,38.47,11.22,13.47
23.9167,87.25,38.34,11.14,13.34
23.9167,87.4167,38.22,11.23,13.22
23.9167,87.5833,37.71,11.19,12.71
23.9167,87.75,37.43,11.17,12.43
23.9167,87.9167,37.31,11.35,12.31
23.9167,88.0833,37.17,11.44,12.17
23.9167,88.25,37.11,11.3,12.11
23.9167,88.4167,37.26,10.85,12.26
23.9167,88.5833,36.8,10.68,11.8
23.9167,88.75,36.46,10.5,11.46
23.9167,88.9167,36.07,10.48,11.07
23.9167,89.0833,35.69,10.58,10.69
23.9167,89.25,35.53,10.74,10.53
23.9167,89.4167,35.36,10.76,10.36
23.9167,89.5833,34.95,10.89,9.95
23.9167,89.75,34.32,10.97,9.32
23.9167,89.9167,33.84,10.76,8.84
23.9167,90.0833,33.54,10.94,8.54
23.9167,90.25,33.53,11.36,8.53
23.9167,90.4167,33.51,11.71,8.51
23.9167,90.5833,33.03,11.64,8.03
23.9167,90.75,32.92,11.35,7.92
23.9167,90.9167,32.84,11.24,7.84
23.9167,91.0833,32.78,11.03,7.78
23.9167,91.25,32.93,10.7,7.93
23.9167,91.4167,32.96,9.98,7.96
23.9167,91.5833,32.61,9.98,7.61
23.9167,91.75,32.19,10.02,7.19
23.9167,91.9167,32.19,10.18,7.19
23.9167,92.0833,31.99,10.33,6.99
23.9167,92.25,31.63,10.48,6.63
23.9167,92.4167,30.73,10.45,5.73
23.9167,92.5833,30.87,10.58,5.87
23.9167,92.75,30.04,10.28,5.04
23.9167,92.9167,28.89,9.51,3.89
23.9167,93.0833,28.58,9.02,3.58
23.9167,93.25,26.59,7.46,1.59
23.9167,93.4167,27.56,7.58,2.56
23.9167,93.5833,26.54,6.57,1.54
23.9167,93.75,26.8,6.62,1.8
23.9167,93.9167,25.44,5.9,0.44
23.9167,94.0833,30.16,9.04,5.16
23.9167,94.25,34.16,10.74,9.16
23.9167,94.4167,33.43,10.57,8.43
23.9167,94.5833,34.49,11.04,9.49
23.9167,94.75,33.37,10.48,8.37
23.9167,94.9167,33.1,10.24,8.1
23.9167,95.0833,32.86,9.98,7.86
23.9167,95.25,34.29,10.28,9.29
23.9167,95.4167,34.48,10.17,9.48
23.9167,95.5833,33.02,9.67,8.02
23.9167,95.75,34.83,10.47,9.83
23.9167,95.9167,34.37,10.42,9.37
23.9167,96.0833,34.52,10.69,9.52
23.9167,96.25,34.31,10.77,9.31
23.9167,96.4167,35.1,10.48,10.1
23.9167,96.5833,34.15,10.41,9.15
23.9167,96.75,33.21,10.05,8.21
23.9167,96.9167,32.21,9.4,7.21
23.75,68.0833,34.9,12.65,9.9
23.75,68.25,35.1,12.51,10.1
23.75,68.4167,35.3,12.41,10.3
23.75,68.5833,36.41,11.94,11.41
23.75,68.75,37.58,11.43,12.58
23.75,68.9167,38.01,11.58,13.01
23.75,69.0833,38.6,11.71,13.6
23.75,69.25,39.43,10.8,14.43
23.75,69.4167,39.78,10.39,14.78
23.75,69.5833,40.1,10.12,15.1
23.75,69.75,40.12,10.05,15.12
23.75,69.9167,39.67,10.73,14.67
23.75,70.0833,38.57,11.1,13.57
23.75,70.25,39.42,10.94,14.42
23.75,70.4167,39.49,10.81,14.49
23.75,70.5833,40.38,10.34,15.38
23.75,70.75,41.06,10.11,16.06
23.75,70.9167,41.28,10.5,16.28
23.75,71.0833,41.54,10.47,16.54
23.75,71.25,41.7,10.53,16.7
23.75,71.4167,42.13,10.32,17.13
23.75,71.5833,41.96,10.51,16.96
23.75,71.75,42.07,10.5,17.07
23.75,71.9167,42.35,10.43,17.35
23.75,72.0833,42.24,10.4,17.24
23.75,72.25,42.15,10.49,17.15
23.75,72.4167,41.83,10.58,16.83
23.75,72.5833,41.41,10.61,16.41
23.75,72.75,41.46,10.6,16.46
23.75,72.9167,41.66,10.77,16.66
23.75,73.0833,41.09,10.94,16.09
23.75,73.25,40.85,11.08,15.85
23.75,73.4167,40.46,11.09,15.46
23.75,73.5833,40.39,10.76,15.39
23.75,73.75,40.7,11.09,15.7
23.75,73.9167,41.16,11.42,16.16
23.75,74.0833,41.79,11.29,16.79
23.75,74.25,41.44,11.35,16.44
23.75,74.4167,41.3,11.2,16.3
23.75,74.5833,41.63,11.1,16.63
23.75,74.75,40.88,10.13,15.88
23.75,74.9167,40.41,9.05,15.41
23.75,75.0833,40.95,9.1,15.95
23.75,75.25,41.46,9.32,16.46
23.75,75.4167,41.61,9.39,16.61
23.75,75.5833,41.76,9.58,16.76
23.75,75.75,41.83,9.84,16.83
23.75,75.9167,41.81,9.93,16.81
23.75,76.0833,42.09,10.32,17.09
23.75,76.25,42.63,10.4,17.63
23.75,76.4167,42.84,10.63,17.84
23.75,76.5833,42.77,10.64,17.77
23.75,76.75,42.91,10.77,17.91
23.75,76.9167,42.86,10.72,17.86
23.75,77.0833,42.36,10.77,17.36
23.75,77.25,42.56,10.58,17.56
23.75,77.4167,42.38,10.37,17.38
23.75,77.5833,42.63,10.26,17.63
23.75,77.75,42.81,10.25,17.81
23.75,77.9167,42.8,10.26,17.8
23.75,78.0833,42.64,10.35,17.64
23.75,78.25,42.45,10.15,17.45
23.75,78.4167,42.01,10.21,17.01
23.75,78.5833,41.87,9.92,16.87
23.75,78.75,41.76,10.12,16.76
23.75,78.9167,42.14,10.1,17.14
23.75,79.0833,42.51,10.1,17.51
23.75,79.25,42.79,9.77,17.79
23.75,79.4167,42.69,9.91,17.69
23.75,79.5833,42.76,9.81,17.76
23.75,79.75,42.45,9.67,17.45
23.75,79.9167,41.92,8.97,16.92
23.75,80.0833,41.62,9.04,16.62
23.75,80.25,42.0,9.01,17.0
23.75,80.4167,42.02,8.91,17.02
23.75,80.5833,41.99,8.86,16.99
23.75,80.75,42.17,8.94,17.17
23.75,80.9167,41.27,9.1,16.27
23.75,81.0833,41.34,9.26,16.34
23.75,81.25,41.88,9.37,16.88
23.75,81.4167,41.11,9.5,16.11
23.75,81.5833,41.05,9.58,16.05
23.75,81.75,40.63,9.63,15.63
23.75,81.9167,39.82,9.54,14.82
23.75,82.0833,39.1,9.48,14.1
23.75,82.25,39.17,9.48,14.17
23.75,82.4167,38.6,9.35,13.6
23.75,82.5833,38.94,9.67,13.94
23.75,82.75,40.39,10.1,15.39
23.75,82.9167,40.02,9.9,15.02
23.75,83.0833,39.82,9.73,14.82
23.75,83.25,39.58,9.59,14.58
23.75,83.4167,39.16,9.63,14.16
23.75,83.5833,39.78,9.68,14.78
23.75,83.75,39.79,9.6,14.79
23.75,83.9167,39.76,9.91,14.76
23.75,84.0833,39.68,10.04,14.68
23.75,84.25,39.47,9.91,14.47
23.75,84.4167,39.51,9.94,14.51
23.75,84.5833,39.66,9.95,14.66
23.75,84.75,38.79,9.74,13.79
23.75,84.9167,39.02,9.9,14.02
23.75,85.0833,38.92,10.28,13.92
23.75,85.25,38.92,10.51,13.92
23.75,85.4167,39.2,10.67,14.2
23.75,85.5833,39.18,10.95,14.18
23.75,85.75,38.72,11.29,13.72
23.75,85.9167,39.41,11.25,14.41
23.75,86.0833,39.51,11.44,14.51
23.75,86.25,39.56,11.46,14.56
23.75,86.4167,39.43,11.84,14.43
23.75,86.5833,39.12,11.59,14.12
23.75,86.75,38.86,12.0,13.86
23.75,86.9167,38.85,11.72,13.85
23.75,87.0833,38.62,11.53,13.62
23.75,87.25,38.47,11.39,13.47
23.75,87.4167,38.03,11.33,13.03
23.75,87.5833,37.42,11.3,12.42
23.75,87.75,37.6,11.32,12.6
23.75,87.9167,37.28,11.44,12.28
23.75,88.0833,37.12,11.47,12.12
23.75,88.25,37.18,11.29,12.18
23.75,88.4167,37.29,10.96,12.29
23.75,88.5833,36.78,10.85,11.78
23.75,88.75,36.37,10.68,11.37
23.75,88.9167,36.02,10.58,11.02
23.75,89.0833,35.65,10.56,10.65
23.75,89.25,35.7,10.62,10.7
23.75,89.4167,35.46,10.82,10.46
23.75,89.5833,34.91,11.04,9.91
23.75,89.75,34.48,11.21,9.48
23.75,89.9167,33.96,11.28,8.96
23.75,90.0833,33.72,11.16,8.72
23.75,90.25,33.58,11.34,8.58
23.75,90.4167,33.74,12.2,8.74
23.75,90.5833,33.11,11.77,8.11
23.75,90.75,32.93,11.56,7.93
23.75,90.9167,32.97,11.25,7.97
23.75,91.0833,32.83,11.28,7.83
23.75,91.25,32.92,10.77,7.92
23.75,91.4167,32.86,10.24,7.86
23.75,91.5833,32.33,10.29,7.33
23.75,91.75,32.16,10.19,7.16
23.75,91.9167,31.94,10.23,6.94
23.75,92.0833,31.66,10.46,6.66
23.75,92.25,31.37,10.62,6.37
23.75,92.4167,30.43,10.47,5.43
23.75,92.5833,30.07,10.3,5.07
23.75,92.75,29.6,10.03,4.6
23.75,92.9167,28.79,9.44,3.79
23.75,93.0833,27.98,8.55,2.98
23.75,93.25,26.66,7.53,1.66
23.75,93.4167,26.62,6.98,1.62
23.75,93.5833,25.08,5.9,0.08
23.75,93.75,25.8,5.95,0.8
23.75,93.9167,25.49,6.13,0.49
23.75,94.0833,31.07,9.62,6.07
23.75,94.25,33.57,10.69,8.57
23.75,94.4167,34.78,11.16,9.78
23.75,94.5833,33.89,10.9,8.89
23.75,94.75,33.21,10.4,8.21
23.75,94.9167,32.66,9.99,7.66
23.75,95.0833,34.07,10.34,9.07
23.75,95.25,35.2,10.68,10.2
23.75,95.4167,35.17,10.62,10.17
23.75,95.5833,35.57,10.6,10.57
23.75,95.75,36.11,10.55,11.11
23.75,95.9167,34.74,10.46,9.74
23.75,96.0833,35.43,10.95,10.43
23.75,96.25,35.69,10.58,10.69
23.75,96.4167,35.12,10.46,10.12
23.75,96.5833,34.42,10.48,9.42
23.75,96.75,33.45,10.09,8.45
23.75,96.9167,33.63,9.82,8.63
23.5833,68.25,34.66,12.67,9.66
23.5833,68.4167,34.82,12.36,9.82
23.5833,68.5833,36.37,11.78,11.37
23.5833,68.75,37.23,11.67,12.23
23.5833,68.9167,37.45,11.49,12.45
23.5833,69.0833,38.06,11.34,13.06
23.5833,69.25,38.81,10.91,13.81
23.5833,69.4167,39.43,10.41,14.43
23.5833,69.5833,39.87,10.19,14.87
23.5833,69.75,40.12,9.82,15.12
23.5833,69.9167,40.13,10.31,15.13
23.5833,70.0833,39.19,11.34,14.19
23.5833,70.25,39.51,11.07,14.51
23.5833,70.4167,39.9,10.34,14.9
23.5833,70.5833,40.38,9.95,15.38
23.5833,70.75,40.68,9.97,15.68
23.5833,70.9167,41.03,10.42,16.03
23.5833,71.0833,41.34,10.76,16.34
23.5833,71.25,41.54,10.56,16.54
23.5833,71.4167,41.76,10.6,16.76
23.5833,71.5833,41.71,10.71,16.71
23.5833,71.75,41.81,10.7,16.81
23.5833,71.9167,42.02,10.59,17.02
23.5833,72.0833,42.23,10.46,17.23
23.5833,72.25,42.22,10.6,17.22
23.5833,72.4167,41.66,10.68,16.66
23.5833,72.5833,41.28,10.5,16.28
23.5833,72.75,41.42,10.65,16.42
23.5833,72.9167,41.4,10.85,16.4
23.5833,73.0833,41.27,10.98,16.27
23.5833,73.25,41.18,11.08,16.18
23.5833,73.4167,41.1,11.15,16.1
23.5833,73.5833,41.09,11.2,16.09
23.5833,73.75,41.01,11.17,16.01
23.5833,73.9167,41.37,11.46,16.37
23.5833,74.0833,41.4,11.44,16.4
23.5833,74.25,41.28,11.4,16.28
23.5833,74.4167,41.26,11.29,16.26
23.5833,74.5833,40.75,11.52,15.75
23.5833,74.75,40.92,10.37,15.92
23.5833,74.9167,40.22,8.99,15.22
23.5833,75.0833,40.9,9.02,15.9
23.5833,75.25,41.34,9.18,16.34
23.5833,75.4167,41.43,9.27,16.43
23.5833,75.5833,41.7,9.41,16.7
23.5833,75.75,41.62,9.61,16.62
23.5833,75.9167,41.78,9.85,16.78
23.5833,76.0833,41.95,10.28,16.95
23.5833,76.25,42.35,10.35,17.35
23.5833,76.4167,42.52,10.43,17.52
23.5833,76.5833,42.62,10.51,17.62
23.5833,76.75,42.68,10.55,17.68
23.5833,76.9167,42.53,10.47,17.53
23.5833,77.0833,42.5,10.6,17.5
23.5833,77.25,42.44,10.52,17.44
23.5833,77.4167,42.4,10.28,17.4
23.5833,77.5833,42.46,10.36,17.46
23.5833,77.75,42.72,10.41,17.72
23.5833,77.9167,42.78,10.33,17.78
23.5833,78.0833,42.21,10.59,17.21
23.5833,78.25,42.07,10.24,17.07
23.5833,78.4167,41.88,10.17,16.88
23.5833,78.5833,41.6,9.98,16.6
23.5833,78.75,41.96,10.07,16.96
23.5833,78.9167,42.29,10.25,17.29
23.5833,79.0833,42.45,10.06,17.45
23.5833,79.25,42.44,10.22,17.44
23.5833,79.4167,42.68,10.17,17.68
23.5833,79.5833,42.64,9.95,17.64
23.5833,79.75,42.06,9.61,17.06
23.5833,79.9167,42.14,9.29,17.14
23.5833,80.0833,42.1,8.98,17.1
23.5833,80.25,41.86,8.84,16.86
23.5833,80.4167,41.21,8.89,16.21
23.5833,80.5833,41.84,8.83,16.84
23.5833,80.75,41.74,8.84,16.74
23.5833,80.9167,41.36,8.83,16.36
23.5833,81.0833,41.04,9.13,16.04
23.5833,81.25,41.47,9.49,16.47
23.5833,81.4167,41.15,9.55,16.15
23.5833,81.5833,40.49,9.61,15.49
23.5833,81.75,40.14,9.59,15.14
23.5833,81.9167,39.17,9.47,14.17
23.5833,82.0833,38.2,9.03,13.2
23.5833,82.25,38.06,8.97,13.06
23.5833,82.4167,38.02,9.04,13.02
23.5833,82.5833,38.06,9.21,13.06
23.5833,82.75,39.1,10.01,14.1
23.5833,82.9167,39.0,9.84,14.0
23.5833,83.0833,39.39,9.63,14.39
23.5833,83.25,39.1,9.42,14.1
23.5833,83.4167,38.71,9.25,13.71
23.5833,83.5833,38.46,9.29,13.46
23.5833,83.75,39.21,9.53,14.21
23.5833,83.9167,37.71,9.32,12.71
23.5833,84.0833,37.9,9.39,12.9
23.5833,84.25,37.39,9.35,12.39
23.5833,84.4167,37.68,9.37,12.68
23.5833,84.5833,37.13,9.26,12.13
23.5833,84.75,38.01,9.37,13.01
23.5833,84.9167,38.08,9.5,13.08
23.5833,85.0833,37.92,9.63,12.92
23.5833,85.25,37.99,10.22,12.99
23.5833,85.4167,38.18,10.52,13.18
23.5833,85.5833,38.98,10.89,13.98
23.5833,85.75,39.1,10.98,14.1
23.5833,85.9167,38.83,10.93,13.83
23.5833,86.0833,39.49,11.41,14.49
23.5833,86.25,39.62,11.63,14.62
23.5833,86.4167,39.62,11.8,14.62
23.5833,86.5833,39.38,11.86,14.38
23.5833,86.75,38.93,11.96,13.93
23.5833,86.9167,38.86,11.84,13.86
23.5833,87.0833,38.7,11.75,13.7
23.5833,87.25,38.47,11.7,13.47
23.5833,87.4167,38.14,11.24,13.14
23.5833,87.5833,37.85,11.26,12.85
23.5833,87.75,37.91,11.28,12.91
23.5833,87.9167,37.19,11.5,12.19
23.5833,88.0833,36.92,11.63,11.92
23.5833,88.25,37.13,11.43,12.13
23.5833,88.4167,37.2,11.08,12.2
23.5833,88.5833,37.08,11.02,12.08
23.5833,88.75,36.62,10.85,11.62
23.5833,88.9167,36.18,10.76,11.18
23.5833,89.0833,35.74,10.81,10.74
23.5833,89.25,35.65,10.81,10.65
23.5833,89.4167,35.57,10.9,10.57
23.5833,89.5833,35.26,11.01,10.26
23.5833,89.75,34.76,11.17,9.76
23.5833,89.9167,34.31,11.38,9.31
23.5833,90.0833,33.69,11.67,8.69
23.5833,90.25,33.33,11.82,8.33
23.5833,90.4167,33.55,11.66,8.55
23.5833,90.5833,33.11,12.11,8.11
23.5833,90.75,32.88,11.98,7.88
23.5833,90.9167,32.63,11.93,7.63
23.5833,91.0833,32.55,11.58,7.55
23.5833,91.25,32.66,11.05,7.66
23.5833,91.4167,32.68,10.82,7.68
23.5833,91.5833,32.49,10.79,7.49
23.5833,91.75,32.28,10.65,7.28
23.5833,91.9167,32.08,10.64,7.08
23.5833,92.0833,31.59,10.93,6.59
23.5833,92.25,31.5,11.02,6.5
23.5833,92.4167,30.05,10.6,5.05
23.5833,92.5833,29.71,10.31,4.71
23.5833,92.75,29.91,10.16,4.91
23.5833,92.9167,27.83,8.93,2.83
23.5833,93.0833,28.14,8.57,3.14
23.5833,93.25,25.79,6.88,0.79
23.5833,93.4167,26.18,6.58,1.18
23.5833,93.5833,26.18,6.43,1.18
23.5833,93.75,25.16,5.64,0.16
23.5833,93.9167,28.27,8.24,3.27
23.5833,94.0833,33.49,10.86,8.49
23.5833,94.25,33.15,10.61,8.15
23.5833,94.4167,35.06,11.4,10.06
23.5833,94.5833,34.29,11.1,9.29
23.5833,94.75,33.36,10.51,8.36
23.5833,94.9167,33.0,10.13,8.0
23.5833,95.0833,35.06,10.72,10.06
23.5833,95.25,35.67,10.99,10.67
23.5833,95.4167,36.2,11.15,11.2
23.5833,95.5833,36.33,10.75,11.33
23.5833,95.75,36.43,10.35,11.43
23.5833,95.9167,34.83,10.4,9.83
23.5833,96.0833,35.71,10.95,10.71
23.5833,96.25,35.4,10.7,10.4
23.5833,96.4167,35.14,10.59,10.14
23.5833,96.5833,35.35,10.63,10.35
23.5833,96.75,34.59,10.36,9.59
23.5833,96.9167,34.22,9.96,9.22
23.4167,68.4167,34.09,12.53,9.09
23.4167,68.5833,35.86,12.32,10.86
23.4167,68.75,36.58,12.13,11.58
23.4167,68.9167,37.08,11.87,12.08
23.4167,69.0833,37.14,11.37,12.14
23.4167,69.25,37.8,10.97,12.8
23.4167,69.4167,38.48,10.95,13.48
23.4167,69.5833,39.11,10.68,14.11
23.4167,69.75,39.57,10.17,14.57
23.4167,69.9167,39.86,10.11,14.86
23.4167,70.0833,40.15,10.12,15.15
23.4167,70.25,40.1,10.33,15.1
23.4167,70.4167,40.06,10.28,15.06
23.4167,70.5833,39.85,10.35,14.85
23.4167,70.75,40.38,10.49,15.38
23.4167,70.9167,40.8,10.65,15.8
23.4167,71.0833,41.04,10.95,16.04
23.4167,71.25,41.14,10.93,16.14
23.4167,71.4167,41.3,10.87,16.3
23.4167,71.5833,41.49,10.77,16.49
23.4167,71.75,41.59,10.71,16.59
23.4167,71.9167,41.74,10.71,16.74
23.4167,72.0833,42.18,10.65,17.18
23.4167,72.25,42.02,10.67,17.02
23.4167,72.4167,41.59,10.6,16.59
23.4167,72.5833,41.29,10.64,16.29
23.4167,72.75,41.23,10.82,16.23
23.4167,72.9167,41.24,10.81,16.24
23.4167,73.0833,41.53,10.86,16.53
23.4167,73.25,41.5,10.99,16.5
23.4167,73.4167,41.27,11.22,16.27
23.4167,73.5833,41.33,11.3,16.33
23.4167,73.75,41.17,11.51,16.17
23.4167,73.9167,41.1,11.87,16.1
23.4167,74.0833,41.17,11.64,16.17
23.4167,74.25,41.13,11.33,16.13
23.4167,74.4167,40.97,11.1,15.97
23.4167,74.5833,41.31,11.02,16.31
23.4167,74.75,41.05,10.58,16.05
23.4167,74.9167,40.62,9.55,15.62
23.4167,75.0833,40.83,8.84,15.83
23.4167,75.25,41.09,8.98,16.09
23.4167,75.4167,41.27,9.33,16.27
23.4167,75.5833,41.54,9.37,16.54
23.4167,75.75,41.43,9.54,16.43
23.4167,75.9167,41.6,9.56,16.6
23.4167,76.0833,41.79,10.02,16.79
23.4167,76.25,42.07,10.38,17.07
23.4167,76.4167,42.34,10.35,17.34
23.4167,76.5833,42.4,10.37,17.4
23.4167,76.75,42.48,10.46,17.48
23.4167,76.9167,42.48,10.37,17.48
23.4167,77.0833,42.54,10.34,17.54
23.4167,77.25,42.43,10.4,17.43
23.4167,77.4167,42.34,10.46,17.34
23.4167,77.5833,41.98,10.88,16.98
23.4167,77.75,42.43,10.74,17.43
23.4167,77.9167,42.57,10.55,17.57
23.4167,78.0833,42.06,10.62,17.06
23.4167,78.25,41.89,10.18,16.89
23.4167,78.4167,41.81,10.45,16.81
23.4167,78.5833,41.57,10.38,16.57
23.4167,78.75,41.99,10.41,16.99
23.4167,78.9167,42.3,10.38,17.3
23.4167,79.0833,42.45,10.33,17.45
23.4167,79.25,42.4,10.39,17.4
23.4167,79.4167,42.37,10.24,17.37
23.4167,79.5833,42.02,9.82,17.02
23.4167,79.75,41.87,9.49,16.87
23.4167,79.9167,42.29,9.22,17.29
23.4167,80.0833,42.22,8.96,17.22
23.4167,80.25,42.1,8.86,17.1
23.4167,80.4167,41.73,8.94,16.73
23.4167,80.5833,41.58,8.68,16.58
23.4167,80.75,41.22,8.64,16.22
23.4167,80.9167,41.67,8.91,16.67
23.4167,81.0833,41.47,9.21,16.47
23.4167,81.25,41.26,9.45,16.26
23.4167,81.4167,41.56,9.53,16.56
23.4167,81.5833,41.03,9.64,16.03
23.4167,81.75,40.4,9.68,15.4
23.4167,81.9167,39.64,9.58,14.64
23.4167,82.0833,39.16,9.61,14.16
23.4167,82.25,38.36,9.44,13.36
23.4167,82.4167,38.37,9.17,13.37
23.4167,82.5833,38.68,9.33,13.68
23.4167,82.75,39.79,9.89,14.79
23.4167,82.9167,39.65,9.82,14.65
23.4167,83.0833,39.67,9.58,14.67
23.4167,83.25,39.33,9.37,14.33
23.4167,83.4167,38.72,9.39,13.72
23.4167,83.5833,37.19,8.88,12.19
23.4167,83.75,37.13,8.82,12.13
23.4167,83.9167,36.03,7.73,11.03
23.4167,84.0833,37.67,8.75,12.67
23.4167,84.25,36.58,8.7,11.58
23.4167,84.4167,36.9,9.05,11.9
23.4167,84.5833,37.07,9.1,12.07
23.4167,84.75,37.78,9.28,12.78
23.4167,84.9167,37.45,9.31,12.45
23.4167,85.0833,37.16,9.31,12.16
23.4167,85.25,37.1,9.69,12.1
23.4167,85.4167,37.29,10.04,12.29
23.4167,85.5833,37.62,10.56,12.62
23.4167,85.75,38.53,11.17,13.53
23.4167,85.9167,38.84,11.4,13.84
23.4167,86.0833,39.12,11.52,14.12
23.4167,86.25,39.45,11.73,14.45
23.4167,86.4167,39.46,11.86,14.46
23.4167,86.5833,39.23,11.86,14.23
23.4167,86.75,39.08,11.85,14.08
23.4167,86.9167,38.82,11.84,13.82
23.4167,87.0833,38.56,11.78,13.56
23.4167,87.25,38.32,11.68,13.32
23.4167,87.4167,37.8,11.39,12.8
23.4167,87.5833,37.51,11.39,12.51
23.4167,87.75,37.38,11.46,12.38
23.4167,87.9167,36.98,11.73,11.98
23.4167,88.0833,36.84,11.79,11.84
23.4167,88.25,36.85,11.64,11.85
23.4167,88.4167,37.19,11.33,12.19
23.4167,88.5833,37.04,11.11,12.04
23.4167,88.75,36.66,11.0,11.66
23.4167,88.9167,36.19,10.95,11.19
23.4167,89.0833,35.69,11.01,10.69
23.4167,89.25,35.32,11.21,10.32
23.4167,89.4167,35.18,11.27,10.18
23.4167,89.5833,35.12,11.3,10.12
23.4167,89.75,34.8,11.38,9.8
23.4167,89.9167,34.41,11.54,9.41
23.4167,90.0833,34.08,11.55,9.08
23.4167,90.25,33.48,11.97,8.48
23.4167,90.4167,33.34,11.92,8.34
23.4167,90.5833,32.93,12.33,7.93
23.4167,90.75,32.64,12.22,7.64
23.4167,90.9167,32.58,12.11,7.58
23.4167,91.0833,32.47,11.87,7.47
23.4167,91.25,32.44,11.64,7.44
23.4167,91.4167,32.57,11.29,7.57
23.4167,91.5833,32.47,11.1,7.47
23.4167,91.75,32.45,11.1,7.45
23.4167,91.9167,32.31,11.19,7.31
23.4167,92.0833,32.2,11.29,7.2
23.4167,92.25,32.01,11.35,7.01
23.4167,92.4167,31.24,11.05,6.24
23.4167,92.5833,29.69,10.38,4.69
23.4167,92.75,28.43,9.44,3.43
23.4167,92.9167,27.96,8.74,2.96
23.4167,93.0833,27.73,8.38,2.73
23.4167,93.25,27.06,7.56,2.06
23.4167,93.4167,26.86,6.89,1.86
23.4167,93.5833,27.38,7.16,2.38
23.4167,93.75,25.02,5.69,0.02
23.4167,93.9167,29.97,9.27,4.97
23.4167,94.0833,34.98,11.59,9.98
23.4167,94.25,33.87,11.22,8.87
23.4167,94.4167,35.44,11.75,10.44
23.4167,94.5833,33.82,10.96,8.82
23.4167,94.75,33.58,10.44,8.58
23.4167,94.9167,33.6,10.37,8.6
23.4167,95.0833,35.6,10.98,10.6
23.4167,95.25,36.08,11.55,11.08
23.4167,95.4167,35.83,12.24,10.83
23.4167,95.5833,37.01,10.87,12.01
23.4167,95.75,36.56,10.48,11.56
23.4167,95.9167,35.5,10.7,10.5
23.4167,96.0833,35.88,10.73,10.88
23.4167,96.25,35.45,10.57,10.45
23.4167,96.4167,35.73,10.62,10.73
23.4167,96.5833,35.8,10.71,10.8
23.4167,96.75,34.75,10.42,9.75
23.4167,96.9167,33.3,9.73,8.3
23.25,68.5833,34.29,13.11,9.29
23.25,68.75,35.65,12.48,10.65
23.25,68.9167,36.52,11.97,11.52
23.25,69.0833,36.83,11.71,11.83
23.25,69.25,36.9,11.31,11.9
23.25,69.4167,37.4,10.85,12.4
23.25,69.5833,38.06,10.71,13.06
23.25,69.75,38.4,10.47,13.4
23.25,69.9167,38.71,10.37,13.71
23.25,70.0833,39.43,10.53,14.43
23.25,70.25,39.26,10.74,14.26
23.25,70.4167,38.93,10.78,13.93
23.25,70.5833,39.21,10.76,14.21
23.25,70.75,39.0,11.07,14.0
23.25,70.9167,39.5,11.23,14.5
23.25,71.0833,40.38,11.18,15.38
23.25,71.25,40.88,11.12,15.88
23.25,71.4167,41.13,10.91,16.13
23.25,71.5833,41.43,10.9,16.43
23.25,71.75,41.5,10.98,16.5
23.25,71.9167,41.76,10.89,16.76
23.25,72.0833,42.13,10.77,17.13
23.25,72.25,42.01,10.82,17.01
23.25,72.4167,41.71,10.93,16.71
23.25,72.5833,41.49,11.07,16.49
23.25,72.75,41.2,10.98,16.2
23.25,72.9167,41.44,10.91,16.44
23.25,73.0833,41.49,10.94,16.49
23.25,73.25,41.49,11.03,16.49
23.25,73.4167,41.3,11.35,16.3
23.25,73.5833,41.13,11.48,16.13
23.25,73.75,40.98,11.66,15.98
23.25,73.9167,40.67,11.94,15.67
23.25,74.0833,40.99,11.51,15.99
23.25,74.25,41.14,11.53,16.14
23.25,74.4167,41.19,11.33,16.19
23.25,74.5833,40.85,10.68,15.85
23.25,74.75,41.33,10.58,16.33
23.25,74.9167,41.23,10.26,16.23
23.25,75.0833,41.11,9.45,16.11
23.25,75.25,40.75,9.01,15.75
23.25,75.4167,41.05,9.07,16.05
23.25,75.5833,41.2,9.39,16.2
23.25,75.75,41.2,9.68,16.2
23.25,75.9167,41.46,9.6,16.46
23.25,76.0833,41.55,9.75,16.55
23.25,76.25,41.82,10.22,16.82
23.25,76.4167,42.13,10.45,17.13
23.25,76.5833,42.22,10.39,17.22
23.25,76.75,42.3,10.43,17.3
23.25,76.9167,42.38,10.41,17.38
23.25,77.0833,42.33,10.45,17.33
23.25,77.25,42.12,10.3,17.12
23.25,77.4167,41.43,11.13,16.43
23.25,77.5833,42.2,11.02,17.2
23.25,77.75,41.99,11.27,16.99
23.25,77.9167,42.42,11.26,17.42
23.25,78.0833,42.22,11.26,17.22
23.25,78.25,42.31,11.17,17.31
23.25,78.4167,42.95,11.14,17.95
23.25,78.5833,42.61,11.18,17.61
23.25,78.75,42.4,11.03,17.4
23.25,78.9167,42.3,10.79,17.3
23.25,79.0833,41.88,10.52,16.88
23.25,79.25,41.69,10.47,16.69
23.25,79.4167,41.99,10.25,16.99
23.25,79.5833,42.23,9.81,17.23
23.25,79.75,42.33,9.38,17.33
23.25,79.9167,42.03,9.34,17.03
23.25,80.0833,41.59,9.1,16.59
23.25,80.25,41.71,8.81,16.71
23.25,80.4167,41.71,8.44,16.71
23.25,80.5833,41.51,8.27,16.51
23.25,80.75,40.81,8.21,15.81
23.25,80.9167,40.04,8.18,15.04
23.25,81.0833,40.27,8.92,15.27
23.25,81.25,40.73,9.06,15.73
23.25,81.4167,41.34,9.55,16.34
23.25,81.5833,41.12,9.82,16.12
23.25,81.75,40.8,9.78,15.8
23.25,81.9167,40.4,9.88,15.4
23.25,82.0833,40.22,10.04,15.22
23.25,82.25,40.42,10.22,15.42
23.25,82.4167,39.77,10.03,14.77
23.25,82.5833,39.91,10.01,14.91
23.25,82.75,39.97,9.87,14.97
23.25,82.9167,39.94,9.92,14.94
23.25,83.0833,39.6,9.72,14.6
23.25,83.25,39.56,9.44,14.56
23.25,83.4167,39.0,9.28,14.0
23.25,83.5833,37.74,8.95,12.74
23.25,83.75,37.03,8.44,12.03
23.25,83.9167,36.96,8.31,11.96
23.25,84.0833,36.95,8.71,11.95
23.25,84.25,36.59,8.66,11.59
23.25,84.4167,37.25,9.33,12.25
23.25,84.5833,38.1,9.73,13.1
23.25,84.75,37.92,9.72,12.92
23.25,84.9167,37.44,9.69,12.44
23.25,85.0833,37.0,9.74,12.0
23.25,85.25,37.04,9.98,12.04
23.25,85.4167,37.35,10.32,12.35
23.25,85.5833,38.53,11.22,13.53
23.25,85.75,39.27,11.7,14.27
23.25,85.9167,39.25,11.67,14.25
23.25,86.0833,38.09,11.24,13.09
23.25,86.25,38.95,11.69,13.95
23.25,86.4167,39.23,11.92,14.23
23.25,86.5833,39.07,11.88,14.07
23.25,86.75,38.93,11.91,13.93
23.25,86.9167,38.71,11.97,13.71
23.25,87.0833,38.58,12.02,13.58
23.25,87.25,38.2,11.78,13.2
23.25,87.4167,37.82,11.72,12.82
23.25,87.5833,37.28,11.6,12.28
23.25,87.75,37.29,11.6,12.29
23.25,87.9167,37.12,11.72,12.12
23.25,88.0833,36.92,11.73,11.92
23.25,88.25,36.97,11.58,11.97
23.25,88.4167,36.91,11.52,11.91
23.25,88.5833,36.67,11.31,11.67
23.25,88.75,36.3,11.34,11.3
23.25,88.9167,35.96,11.44,10.96
23.25,89.0833,35.57,11.37,10.57
23.25,89.25,35.22,11.4,10.22
23.25,89.4167,35.2,11.4,10.2
23.25,89.5833,35.07,11.54,10.07
23.25,89.75,34.77,11.55,9.77
23.25,89.9167,34.11,11.93,9.11
23.25,90.0833,33.97,11.81,8.97
23.25,90.25,33.78,11.81,8.78
23.25,90.4167,33.13,12.41,8.13
23.25,90.5833,32.92,12.74,7.92
23.25,90.75,32.42,12.83,7.42
23.25,90.9167,32.35,12.58,7.35
23.25,91.0833,32.42,12.47,7.42
23.25,91.25,32.38,11.97,7.38
23.25,91.4167,32.6,11.71,7.6
23.25,91.5833,32.62,11.53,7.62
23.25,91.75,32.54,11.44,7.54
23.25,91.9167,32.58,11.44,7.58
23.25,92.0833,32.72,11.67,7.72
23.25,92.25,32.61,11.71,7.61
23.25,92.4167,31.72,11.48,6.72
23.25,92.5833,29.51,10.46,4.51
23.25,92.75,29.31,9.9,4.31
23.25,92.9167,29.12,9.59,4.12
23.25,93.0833,28.17,8.75,3.17
23.25,93.25,26.97,7.73,1.97
23.25,93.4167,26.0,6.6,1.0
23.25,93.5833,26.22,6.43,1.22
23.25,93.75,24.57,5.39,0.0
23.25,93.9167,30.89,9.88,5.89
23.25,94.0833,35.45,11.97,10.45
23.25,94.25,34.69,11.85,9.69
23.25,94.4167,35.53,11.97,10.53
23.25,94.5833,34.15,11.06,9.15
23.25,94.75,33.69,10.54,8.69
23.25,94.9167,34.51,10.78,9.51
23.25,95.0833,36.23,11.16,11.23
23.25,95.25,36.85,11.51,11.85
23.25,95.4167,37.3,11.5,12.3
23.25,95.5833,37.62,11.04,12.62
23.25,95.75,36.95,10.8,11.95
23.25,95.9167,36.76,11.13,11.76
23.25,96.0833,36.61,11.14,11.61
23.25,96.25,35.48,10.49,10.48
23.25,96.4167,36.12,10.7,11.12
23.25,96.5833,35.58,10.66,10.58
23.25,96.75,33.18,9.44,8.18
23.25,96.9167,30.41,7.2,5.41
23.0833,68.5833,33.7,13.68,8.7
23.0833,68.75,34.96,12.74,9.96
23.0833,68.9167,35.84,12.37,10.84
23.0833,69.0833,36.28,12.24,11.28
23.0833,69.25,36.52,11.96,11.52
23.0833,69.4167,37.04,11.51,12.04
23.0833,69.5833,37.42,11.22,12.42
23.0833,69.75,37.74,11.0,12.74
23.0833,69.9167,38.34,10.88,13.34
23.0833,70.0833,38.74,11.19,13.74
23.0833,70.25,37.28,11.23,12.28
23.0833,70.4167,36.97,11.06,11.97
23.0833,70.5833,37.71,11.03,12.71
23.0833,70.75,39.41,10.72,14.41
23.0833,70.9167,39.97,10.63,14.97
23.0833,71.0833,40.24,10.54,15.24
23.0833,71.25,40.33,10.76,15.33
23.0833,71.4167,40.61,10.99,15.61
23.0833,71.5833,41.1,10.88,16.1
23.0833,71.75,41.49,10.92,16.49
23.0833,71.9167,41.57,11.05,16.57
23.0833,72.0833,41.9,10.95,16.9
23.0833,72.25,42.0,10.9,17.0
23.0833,72.4167,41.68,11.07,16.68
23.0833,72.5833,41.2,11.88,16.2
23.0833,72.75,41.27,11.2,16.27
23.0833,72.9167,41.18,11.08,16.18
23.0833,73.0833,41.42,11.07,16.42
23.0833,73.25,41.75,11.35,16.75
23.0833,73.4167,41.25,11.56,16.25
23.0833,73.5833,40.75,11.7,15.75
23.0833,73.75,40.5,12.12,15.5
23.0833,73.9167,40.83,11.73,15.83
23.0833,74.0833,40.67,11.49,15.67
23.0833,74.25,40.8,11.51,15.8
23.0833,74.4167,40.89,11.59,15.89
23.0833,74.5833,40.99,11.14,15.99
23.0833,74.75,41.05,10.4,16.05
23.0833,74.9167,41.15,10.19,16.15
23.0833,75.0833,41.27,9.94,16.27
23.0833,75.25,40.77,9.13,15.77
23.0833,75.4167,40.9,9.07,15.9
23.0833,75.5833,41.05,9.24,16.05
23.0833,75.75,41.13,9.44,16.13
23.0833,75.9167,41.3,9.58,16.3
23.0833,76.0833,41.29,9.63,16.29
23.0833,76.25,41.55,10.07,16.55
23.0833,76.4167,41.83,10.33,16.83
23.0833,76.5833,42.0,10.33,17.0
23.0833,76.75,42.02,10.35,17.02
23.0833,76.9167,42.16,10.45,17.16
23.0833,77.0833,42.17,10.55,17.17
23.0833,77.25,42.27,10.54,17.27
23.0833,77.4167,42.0,11.14,17.0
23.0833,77.5833,42.29,11.05,17.29
23.0833,77.75,42.13,11.31,17.13
23.0833,77.9167,42.3,11.65,17.3
23.0833,78.0833,42.13,12.05,17.13
23.0833,78.25,42.99,11.52,17.99
23.0833,78.4167,43.24,11.16,18.24
23.0833,78.5833,42.85,11.24,17.85
23.0833,78.75,42.67,10.98,17.67
23.0833,78.9167,42.31,10.7,17.31
23.0833,79.0833,42.07,10.72,17.07
23.0833,79.25,41.63,10.56,16.63
23.0833,79.4167,42.14,10.04,17.14
23.0833,79.5833,42.09,9.76,17.09
23.0833,79.75,42.02,9.57,17.02
23.0833,79.9167,41.78,9.44,16.78
23.0833,80.0833,41.9,8.98,16.9
23.0833,80.25,41.81,8.83,16.81
23.0833,80.4167,41.09,8.21,16.09
23.0833,80.5833,40.64,8.15,15.64
23.0833,80.75,40.59,8.1,15.59
23.0833,80.9167,40.15,7.96,15.15
23.0833,81.0833,38.66,8.1,13.66
23.0833,81.25,39.59,8.23,14.59
23.0833,81.4167,40.26,8.87,15.26
23.0833,81.5833,40.16,9.6,15.16
23.0833,81.75,40.6,9.98,15.6
23.0833,81.9167,40.44,10.15,15.44
23.0833,82.0833,40.38,10.36,15.38
23.0833,82.25,41.1,10.64,16.1
23.0833,82.4167,40.8,10.65,15.8
23.0833,82.5833,40.83,10.57,15.83
23.0833,82.75,40.25,10.32,15.25
23.0833,82.9167,39.91,10.1,14.91
23.0833,83.0833,39.69,9.87,14.69
23.0833,83.25,39.08,9.51,14.08
23.0833,83.4167,38.67,9.18,13.67
23.0833,83.5833,36.88,8.39,11.88
23.0833,83.75,36.77,8.34,11.77
23.0833,83.9167,36.61,8.66,11.61
23.0833,84.0833,36.66,8.88,11.66
23.0833,84.25,37.79,9.32,12.79
23.0833,84.4167,37.0,9.39,12.0
23.0833,84.5833,38.14,9.97,13.14
23.0833,84.75,38.16,10.19,13.16
23.0833,84.9167,38.11,10.29,13.11
23.0833,85.0833,37.77,10.28,12.77
23.0833,85.25,37.33,10.3,12.33
23.0833,85.4167,37.57,10.68,12.57
23.0833,85.5833,38.74,11.51,13.74
23.0833,85.75,39.36,11.74,14.36
23.0833,85.9167,39.3,11.92,14.3
23.0833,86.0833,38.76,11.97,13.76
23.0833,86.25,38.85,11.74,13.85
23.0833,86.4167,38.95,11.85,13.95
23.0833,86.5833,38.79,11.95,13.79
23.0833,86.75,38.59,12.15,13.59
23.0833,86.9167,38.38,12.16,13.38
23.0833,87.0833,38.14,12.21,13.14
23.0833,87.25,37.98,12.08,12.98
23.0833,87.4167,37.63,11.97,12.63
23.0833,87.5833,37.26,11.96,12.26
23.0833,87.75,37.36,11.91,12.36
23.0833,87.9167,37.29,11.81,12.29
23.0833,88.0833,36.86,11.8,11.86
23.0833,88.25,36.72,11.73,11.72
23.0833,88.4167,36.48,11.76,11.48
23.0833,88.5833,36.19,11.63,11.19
23.0833,88.75,35.96,11.54,10.96
23.0833,88.9167,35.7,11.79,10.7
23.0833,89.0833,35.43,11.65,10.43
23.0833,89.25,35.13,11.78,10.13
23.0833,89.4167,34.88,11.89,9.88
23.0833,89.5833,34.83,11.97,9.83
23.0833,89.75,34.54,11.91,9.54
23.0833,89.9167,33.95,12.28,8.95
23.0833,90.0833,33.52,12.45,8.52
23.0833,90.25,33.48,12.08,8.48
23.0833,90.4167,33.21,12.29,8.21
23.0833,90.5833,32.58,12.85,7.58
23.0833,90.75,32.31,12.69,7.31
23.0833,90.9167,32.41,12.92,7.41
23.0833,91.0833,32.5,12.99,7.5
23.0833,91.25,32.54,12.48,7.54
23.0833,91.4167,32.49,12.23,7.49
23.0833,91.5833,32.57,11.98,7.57
23.0833,91.75,32.65,11.85,7.65
23.0833,91.9167,32.63,11.94,7.63
23.0833,92.0833,32.74,12.08,7.74
23.0833,92.25,32.84,12.5,7.84
23.0833,92.4167,32.53,12.01,7.53
23.0833,92.5833,31.14,11.52,6.14
23.0833,92.75,29.41,10.24,4.41
23.0833,92.9167,29.49,10.07,4.49
23.0833,93.0833,27.12,8.39,2.12
23.0833,93.25,27.43,8.1,2.43
23.0833,93.4167,27.29,7.57,2.29
23.0833,93.5833,26.16,6.72,1.16
23.0833,93.75,24.55,5.49,0.0
23.0833,93.9167,29.53,9.11,4.53
23.0833,94.0833,35.38,12.06,10.38
23.0833,94.25,33.85,11.57,8.85
23.0833,94.4167,36.05,12.34,11.05
23.0833,94.5833,35.31,11.82,10.31
23.0833,94.75,35.48,11.65,10.48
23.0833,94.9167,35.22,11.15,10.22
23.0833,95.0833,36.63,11.32,11.63
23.0833,95.25,37.49,11.51,12.49
23.0833,95.4167,37.43,11.69,12.43
23.0833,95.5833,37.88,11.54,12.88
23.0833,95.75,37.91,11.3,12.91
23.0833,95.9167,37.72,11.44,12.72
23.0833,96.0833,36.63,11.14,11.63
23.0833,96.25,33.63,9.57,8.63
23.0833,96.4167,34.05,9.53,9.05
23.0833,96.5833,34.31,9.83,9.31
23.0833,96.75,34.71,10.1,9.71
23.0833,96.9167,32.8,8.88,7.8
22.9167,68.9167,35.23,12.52,10.23
22.9167,69.0833,35.55,12.55,10.55
22.9167,69.25,36.01,12.42,11.01
22.9167,69.4167,36.73,12.08,11.73
22.9167,69.5833,37.2,11.8,12.2
22.9167,69.75,37.72,11.56,12.72
22.9167,69.9167,38.11,11.32,13.11
22.9167,70.0833,36.97,11.49,11.97
22.9167,70.25,36.66,11.38,11.66
22.9167,70.4167,36.43,11.45,11.43
22.9167,70.5833,38.39,10.71,13.39
22.9167,70.75,39.49,10.37,14.49
22.9167,70.9167,39.59,10.42,14.59
22.9167,71.0833,39.62,10.43,14.62
22.9167,71.25,39.92,10.53,14.92
22.9167,71.4167,40.1,10.75,15.1
22.9167,71.5833,40.74,10.71,15.74
22.9167,71.75,41.39,10.77,16.39
22.9167,71.9167,41.36,11.14,16.36
22.9167,72.0833,41.63,11.02,16.63
22.9167,72.25,41.87,10.96,16.87
22.9167,72.4167,41.35,11.13,16.35
22.9167,72.5833,41.18,11.55,16.18
22.9167,72.75,41.0,11.24,16.0
22.9167,72.9167,40.91,11.19,15.91
22.9167,73.0833,41.33,11.3,16.33
22.9167,73.25,41.52,11.5,16.52
22.9167,73.4167,40.87,11.59,15.87
22.9167,73.5833,41.07,11.71,16.07
22.9167,73.75,41.01,11.72,16.01
22.9167,73.9167,40.7,11.89,15.7
22.9167,74.0833,40.46,11.61,15.46
22.9167,74.25,40.43,11.6,15.43
22.9167,74.4167,40.73,11.57,15.73
22.9167,74.5833,40.95,11.32,15.95
22.9167,74.75,40.81,10.74,15.81
22.9167,74.9167,40.68,10.22,15.68
22.9167,75.0833,40.92,9.92,15.92
22.9167,75.25,40.52,9.2,15.52
22.9167,75.4167,40.76,9.12,15.76
22.9167,75.5833,40.92,9.2,15.92
22.9167,75.75,41.05,9.28,16.05
22.9167,75.9167,41.09,9.51,16.09
22.9167,76.0833,41.17,9.94,16.17
22.9167,76.25,41.52,10.03,16.52
22.9167,76.4167,41.56,10.4,16.56
22.9167,76.5833,41.66,10.4,16.66
22.9167,76.75,41.79,10.44,16.79
22.9167,76.9167,42.04,10.87,17.04
22.9167,77.0833,42.24,11.01,17.24
22.9167,77.25,42.26,11.53,17.26
22.9167,77.4167,41.94,11.79,16.94
22.9167,77.5833,41.67,11.52,16.67
22.9167,77.75,41.64,11.88,16.64
22.9167,77.9167,42.43,12.04,17.43
22.9167,78.0833,43.02,11.76,18.02
22.9167,78.25,43.11,11.51,18.11
22.9167,78.4167,42.7,11.36,17.7
22.9167,78.5833,42.23,11.16,17.23
22.9167,78.75,41.85,10.95,16.85
22.9167,78.9167,41.82,10.64,16.82
22.9167,79.0833,41.73,10.48,16.73
22.9167,79.25,41.74,10.32,16.74
22.9167,79.4167,41.71,10.11,16.71
22.9167,79.5833,41.81,9.9,16.81
22.9167,79.75,41.72,9.57,16.72
22.9167,79.9167,40.96,10.45,15.96
22.9167,80.0833,41.62,9.32,16.62
22.9167,80.25,41.4,8.93,16.4
22.9167,80.4167,41.09,8.51,16.09
22.9167,80.5833,41.05,8.55,16.05
22.9167,80.75,40.73,8.44,15.73
22.9167,80.9167,40.53,8.24,15.53
22.9167,81.0833,40.25,8.21,15.25
22.9167,81.25,39.94,8.23,14.94
22.9167,81.4167,39.48,8.25,14.48
22.9167,81.5833,38.42,8.21,13.42
22.9167,81.75,39.09,9.57,14.09
22.9167,81.9167,39.93,10.29,14.93
22.9167,82.0833,40.08,10.48,15.08
22.9167,82.25,40.87,10.8,15.87
22.9167,82.4167,41.24,11.08,16.24
22.9167,82.5833,40.83,11.45,15.83
22.9167,82.75,40.13,10.73,15.13
22.9167,82.9167,39.75,10.37,14.75
22.9167,83.0833,39.12,9.93,14.12
22.9167,83.25,38.23,9.41,13.23
22.9167,83.4167,38.66,9.49,13.66
22.9167,83.5833,38.72,9.81,13.72
22.9167,83.75,38.74,10.17,13.74
22.9167,83.9167,37.65,10.09,12.65
22.9167,84.0833,37.15,9.3,12.15
22.9167,84.25,37.63,9.56,12.63
22.9167,84.4167,37.67,10.15,12.67
22.9167,84.5833,37.85,10.43,12.85
22.9167,84.75,38.44,10.49,13.44
22.9167,84.9167,38.31,10.65,13.31
22.9167,85.0833,38.24,10.69,13.24
22.9167,85.25,37.35,10.62,12.35
22.9167,85.4167,37.21,10.83,12.21
22.9167,85.5833,37.66,11.32,12.66
22.9167,85.75,37.8,11.5,12.8
22.9167,85.9167,38.12,11.73,13.12
22.9167,86.0833,38.68,12.02,13.68
22.9167,86.25,38.06,11.62,13.06
22.9167,86.4167,38.41,11.65,13.41
22.9167,86.5833,38.41,11.94,13.41
22.9167,86.75,38.1,12.38,13.1
22.9167,86.9167,38.16,12.37,13.16
22.9167,87.0833,38.01,12.37,13.01
22.9167,87.25,37.9,12.29,12.9
22.9167,87.4167,37.73,12.28,12.73
22.9167,87.5833,37.27,12.27,12.27
22.9167,87.75,36.9,12.25,11.9
22.9167,87.9167,36.86,12.07,11.86
22.9167,88.0833,36.64,12.06,11.64
22.9167,88.25,36.38,11.92,11.38
22.9167,88.4167,36.21,12.02,11.21
22.9167,88.5833,35.81,11.78,10.81
22.9167,88.75,35.54,11.81,10.54
22.9167,88.9167,35.44,11.91,10.44
22.9167,89.0833,35.14,12.09,10.14
22.9167,89.25,34.98,12.3,9.98
22.9167,89.4167,34.65,12.7,9.65
22.9167,89.5833,34.64,12.6,9.64
22.9167,89.75,34.32,12.59,9.32
22.9167,89.9167,33.76,12.56,8.76
22.9167,90.0833,33.36,12.6,8.36
22.9167,90.25,33.32,12.16,8.32
22.9167,90.4167,33.18,12.31,8.18
22.9167,90.5833,32.63,12.71,7.63
22.9167,90.75,32.44,12.55,7.44
22.9167,90.9167,32.45,12.71,7.45
22.9167,91.0833,32.46,13.09,7.46
22.9167,91.25,32.44,12.82,7.44
22.9167,91.4167,32.46,12.53,7.46
22.9167,91.5833,32.48,12.34,7.48
22.9167,91.75,32.76,12.12,7.76
22.9167,91.9167,32.62,12.23,7.62
22.9167,92.0833,32.66,12.72,7.66
22.9167,92.25,32.64,13.4,7.64
22.9167,92.4167,32.8,12.41,7.8
22.9167,92.5833,32.01,12.06,7.01
22.9167,92.75,29.49,10.44,4.49
22.9167,92.9167,29.72,10.3,4.72
22.9167,93.0833,28.93,9.67,3.93
22.9167,93.25,27.28,8.1,2.28
22.9167,93.4167,25.94,6.72,0.94
22.9167,93.5833,24.95,5.94,0.0
22.9167,93.75,28.96,8.7,3.96
22.9167,93.9167,30.21,9.67,5.21
22.9167,94.0833,35.47,12.26,10.47
22.9167,94.25,32.66,10.94,7.66
22.9167,94.4167,36.13,12.61,11.13
22.9167,94.5833,36.41,12.51,11.41
22.9167,94.75,37.06,12.39,12.06
22.9167,94.9167,36.59,11.61,11.59
22.9167,95.0833,37.22,11.65,12.22
22.9167,95.25,37.69,11.79,12.69
22.9167,95.4167,37.68,11.91,12.68
22.9167,95.5833,38.03,11.86,13.03
22.9167,95.75,38.51,11.55,13.51
22.9167,95.9167,38.25,11.4,13.25
22.9167,96.0833,35.91,10.36,10.91
22.9167,96.25,31.55,8.22,6.55
22.9167,96.4167,29.46,6.36,4.46
22.9167,96.5833,28.97,6.04,3.97
22.9167,96.75,30.46,6.99,5.46
22.9167,96.9167,28.89,6.06,3.89
22.75,69.25,35.52,12.5,10.52
22.75,69.4167,35.85,12.31,10.85
22.75,69.5833,36.15,12.04,11.15
22.75,69.75,36.32,11.92,11.32
22.75,70.25,36.9,11.28,11.9
22.75,70.4167,37.53,11.03,12.53
22.75,70.5833,38.56,10.41,13.56
22.75,70.75,38.95,10.49,13.95
22.75,70.9167,38.98,10.79,13.98
22.75,71.0833,39.06,10.71,14.06
22.75,71.25,39.28,10.6,14.28
22.75,71.4167,39.83,10.57,14.83
22.75,71.5833,40.44,10.78,15.44
22.75,71.75,41.08,10.91,16.08
22.75,71.9167,41.31,11.09,16.31
22.75,72.0833,41.11,11.21,16.11
22.75,72.25,41.63,11.0,16.63
22.75,72.4167,41.25,11.0,16.25
22.75,72.5833,41.08,11.03,16.08
22.75,72.75,40.61,11.17,15.61
22.75,72.9167,40.4,11.2,15.4
22.75,73.0833,40.53,11.21,15.53
22.75,73.25,40.62,11.4,15.62
22.75,73.4167,41.09,11.58,16.09
22.75,73.5833,41.02,11.68,16.02
22.75,73.75,40.86,11.7,15.86
22.75,73.9167,40.63,11.82,15.63
22.75,74.0833,40.03,11.75,15.03
22.75,74.25,39.89,11.41,14.89
22.75,74.4167,40.33,11.49,15.33
22.75,74.5833,40.72,11.39,15.72
22.75,74.75,40.51,10.96,15.51
22.75,74.9167,40.38,9.99,15.38
22.75,75.0833,40.52,9.91,15.52
22.75,75.25,40.42,9.21,15.42
22.75,75.4167,40.69,9.2,15.69
22.75,75.5833,40.81,9.37,15.81
22.75,75.75,40.75,9.68,15.75
22.75,75.9167,40.7,9.91,15.7
22.75,76.0833,41.04,9.74,16.04
22.75,76.25,41.09,10.27,16.09
22.75,76.4167,41.42,10.56,16.42
22.75,76.5833,41.92,11.19,16.92
22.75,76.75,42.61,11.59,17.61
22.75,76.9167,43.06,11.72,18.06
22.75,77.0833,43.16,11.8,18.16
22.75,77.25,43.17,11.88,18.17
22.75,77.4167,42.91,12.02,17.91
22.75,77.5833,42.22,12.26,17.22
22.75,77.75,42.63,12.22,17.63
22.75,77.9167,42.78,11.83,17.78
22.75,78.0833,42.87,11.73,17.87
22.75,78.25,42.71,11.55,17.71
22.75,78.4167,42.25,11.43,17.25
22.75,78.5833,41.48,11.32,16.48
22.75,78.75,40.83,11.17,15.83
22.75,78.9167,40.63,10.91,15.63
22.75,79.0833,41.17,10.65,16.17
22.75,79.25,41.25,10.4,16.25
22.75,79.4167,41.7,10.24,16.7
22.75,79.5833,41.34,9.87,16.34
22.75,79.75,41.55,9.34,16.55
22.75,79.9167,41.43,9.71,16.43
22.75,80.0833,41.39,9.56,16.39
22.75,80.25,41.53,9.43,16.53
22.75,80.4167,41.41,8.97,16.41
22.75,80.5833,41.55,9.05,16.55
22.75,80.75,41.44,8.99,16.44
22.75,80.9167,40.34,8.65,15.34
22.75,81.0833,39.56,8.37,14.56
22.75,81.25,38.87,8.36,13.87
22.75,81.4167,39.39,8.48,14.39
22.75,81.5833,38.66,8.77,13.66
22.75,81.75,37.45,9.14,12.45
22.75,81.9167,39.47,10.31,14.47
22.75,82.0833,39.69,10.43,14.69
22.75,82.25,40.04,11.06,15.04
22.75,82.4167,40.79,11.51,15.79
22.75,82.5833,40.32,12.06,15.32
22.75,82.75,40.09,11.48,15.09
22.75,82.9167,39.32,11.01,14.32
22.75,83.0833,38.01,10.25,13.01
22.75,83.25,37.91,9.65,12.91
22.75,83.4167,38.9,9.96,13.9
22.75,83.5833,39.49,10.47,14.49
22.75,83.75,39.22,10.64,14.22
22.75,83.9167,39.95,11.11,14.95
22.75,84.0833,38.84,10.66,13.84
22.75,84.25,38.69,10.92,13.69
22.75,84.4167,38.7,11.21,13.7
22.75,84.5833,38.39,11.21,13.39
22.75,84.75,38.28,10.85,13.28
22.75,84.9167,38.41,11.01,13.41
22.75,85.0833,38.21,11.3,13.21
22.75,85.25,37.96,11.3,12.96
22.75,85.4167,37.09,11.11,12.09
22.75,85.5833,38.51,11.8,13.51
22.75,85.75,39.05,11.97,14.05
22.75,85.9167,39.01,12.06,14.01
22.75,86.0833,39.01,12.15,14.01
22.75,86.25,38.58,12.18,13.58
22.75,86.4167,38.19,12.07,13.19
22.75,86.5833,37.51,11.99,12.51
22.75,86.75,37.76,12.16,12.76
22.75,86.9167,37.99,12.47,12.99
22.75,87.0833,37.77,12.49,12.77
22.75,87.25,37.86,12.48,12.86
22.75,87.4167,37.76,12.54,12.76
22.75,87.5833,37.13,12.6,12.13
22.75,87.75,36.59,12.76,11.59
22.75,87.9167,36.38,12.42,11.38
22.75,88.0833,36.09,12.41,11.09
22.75,88.25,35.88,12.27,10.88
22.75,88.4167,35.83,12.58,10.83
22.75,88.5833,35.47,12.16,10.47
22.75,88.75,35.24,12.14,10.24
22.75,88.9167,35.23,12.24,10.23
22.75,89.0833,34.84,12.59,9.84
22.75,89.25,34.8,12.48,9.8
22.75,89.4167,34.62,12.61,9.62
22.75,89.5833,34.45,12.65,9.45
22.75,89.75,34.02,12.82,9.02
22.75,89.9167,33.77,12.46,8.77
22.75,90.0833,33.22,12.33,8.22
22.75,90.25,33.12,12.18,8.12
22.75,90.4167,33.06,12.34,8.06
22.75,90.5833,32.57,12.61,7.57
22.75,90.75,32.51,12.49,7.51
22.75,90.9167,32.69,12.36,7.69
22.75,91.0833,32.63,12.52,7.63
22.75,91.25,32.68,12.78,7.68
22.75,91.4167,32.73,12.78,7.73
22.75,91.5833,32.48,12.61,7.48
22.75,91.75,32.71,12.61,7.71
22.75,91.9167,32.6,12.6,7.6
22.75,92.0833,32.65,13.14,7.65
22.75,92.25,32.61,13.83,7.61
22.75,92.4167,32.88,12.83,7.88
22.75,92.5833,32.22,12.33,7.22
22.75,92.75,30.81,11.56,5.81
22.75,92.9167,29.4,10.5,4.4
22.75,93.0833,28.33,9.4,3.33
22.75,93.25,25.13,6.76,0.13
22.75,93.4167,25.61,6.49,0.61
22.75,93.5833,24.61,5.27,0.0
22.75,93.75,28.8,8.54,3.8
22.75,93.9167,31.35,10.58,6.35
22.75,94.0833,36.15,12.5,11.15
22.75,94.25,32.05,10.51,7.05
22.75,94.4167,35.13,12.24,10.13
22.75,94.5833,35.59,12.23,10.59
22.75,94.75,37.41,12.56,12.41
22.75,94.9167,37.71,12.2,12.71
22.75,95.0833,37.91,12.03,12.91
22.75,95.25,37.68,12.19,12.68
22.75,95.4167,37.6,12.08,12.6
22.75,95.5833,37.75,11.94,12.75
22.75,95.75,38.93,11.82,13.93
22.75,95.9167,38.6,11.56,13.6
22.75,96.0833,35.91,10.62,10.91
22.75,96.25,34.13,10.09,9.13
22.75,96.4167,31.73,8.35,6.73
22.75,96.5833,31.3,7.24,6.3
22.75,96.75,30.51,6.8,5.51
22.75,96.9167,31.36,7.52,6.36
22.5833,69.25,32.7,14.37,7.7
22.5833,69.4167,32.79,14.48,7.79
22.5833,69.9167,34.23,12.39,9.23
22.5833,70.0833,35.34,12.07,10.34
22.5833,70.25,37.11,10.95,12.11
22.5833,70.4167,37.75,10.72,12.75
22.5833,70.5833,38.22,10.57,13.22
22.5833,70.75,38.57,10.49,13.57
22.5833,70.9167,38.69,10.68,13.69
22.5833,71.0833,38.93,10.77,13.93
22.5833,71.25,38.68,10.93,13.68
22.5833,71.4167,39.62,10.59,14.62
22.5833,71.5833,40.4,10.62,15.4
22.5833,71.75,40.91,10.91,15.91
22.5833,71.9167,41.21,11.01,16.21
22.5833,72.0833,41.32,10.88,16.32
22.5833,72.25,41.44,10.96,16.44
22.5833,72.4167,41.29,10.92,16.29
22.5833,72.5833,41.01,11.1,16.01
22.5833,72.75,40.25,11.19,15.25
22.5833,72.9167,39.78,11.31,14.78
22.5833,73.0833,40.12,11.2,15.12
22.5833,73.25,40.92,11.44,15.92
22.5833,73.4167,41.08,11.56,16.08
22.5833,73.5833,40.64,11.64,15.64
22.5833,73.75,40.61,11.89,15.61
22.5833,73.9167,40.18,12.02,15.18
22.5833,74.0833,39.28,11.97,14.28
22.5833,74.25,39.35,11.37,14.35
22.5833,74.4167,40.15,11.47,15.15
22.5833,74.5833,40.46,11.35,15.46
22.5833,74.75,40.49,11.24,15.49
22.5833,74.9167,40.39,10.56,15.39
22.5833,75.0833,40.38,10.2,15.38
22.5833,75.25,40.59,9.97,15.59
22.5833,75.4167,40.59,9.41,15.59
22.5833,75.5833,40.7,9.61,15.7
22.5833,75.75,40.55,9.87,15.55
22.5833,75.9167,40.79,10.14,15.79
22.5833,76.0833,41.47,10.97,16.47
22.5833,76.25,41.81,11.6,16.81
22.5833,76.4167,42.12,11.7,17.12
22.5833,76.5833,42.79,11.67,17.79
22.5833,76.75,43.28,11.65,18.28
22.5833,76.9167,43.22,11.76,18.22
22.5833,77.0833,43.1,11.86,18.1
22.5833,77.25,42.87,12.0,17.87
22.5833,77.4167,42.88,12.0,17.88
22.5833,77.5833,42.96,12.01,17.96
22.5833,77.75,42.32,12.11,17.32
22.5833,77.9167,41.56,12.45,16.56
22.5833,78.0833,40.76,12.39,15.76
22.5833,78.25,40.61,11.72,15.61
22.5833,78.4167,40.3,11.23,15.3
22.5833,78.5833,41.18,11.23,16.18
22.5833,78.75,40.77,11.11,15.77
22.5833,78.9167,39.32,9.92,14.32
22.5833,79.0833,40.72,10.02,15.72
22.5833,79.25,40.85,9.88,15.85
22.5833,79.4167,41.0,9.59,16.0
22.5833,79.5833,41.15,9.58,16.15
22.5833,79.75,41.21,9.46,16.21
22.5833,79.9167,41.7,9.43,16.7
22.5833,80.0833,41.59,9.46,16.59
22.5833,80.25,41.48,9.15,16.48
22.5833,80.4167,41.49,8.97,16.49
22.5833,80.5833,40.85,9.26,15.85
22.5833,80.75,41.28,8.96,16.28
22.5833,80.9167,40.62,8.89,15.62
22.5833,81.0833,39.52,8.99,14.52
22.5833,81.25,38.24,8.72,13.24
22.5833,81.4167,37.56,8.57,12.56
22.5833,81.5833,37.42,9.38,12.42
22.5833,81.75,38.59,10.52,13.59
22.5833,81.9167,39.81,11.22,14.81
22.5833,82.0833,39.75,11.32,14.75
22.5833,82.25,38.78,11.12,13.78
22.5833,82.4167,39.84,11.7,14.84
22.5833,82.5833,40.95,12.38,15.95
22.5833,82.75,39.11,11.94,14.11
22.5833,82.9167,38.58,11.45,13.58
22.5833,83.0833,40.19,11.98,15.19
22.5833,83.25,40.34,11.58,15.34
22.5833,83.4167,40.09,10.78,15.09
22.5833,83.5833,40.02,10.83,15.02
22.5833,83.75,40.36,11.24,15.36
22.5833,83.9167,40.35,11.52,15.35
22.5833,84.0833,39.56,11.34,14.56
22.5833,84.25,40.02,11.5,15.02
22.5833,84.4167,39.74,11.64,14.74
22.5833,84.5833,39.03,11.64,14.03
22.5833,84.75,38.49,11.5,13.49
22.5833,84.9167,38.78,11.73,13.78
22.5833,85.0833,38.56,11.88,13.56
22.5833,85.25,38.4,11.76,13.4
22.5833,85.4167,38.31,11.61,13.31
22.5833,85.5833,38.38,11.79,13.38
22.5833,85.75,38.67,11.84,13.67
22.5833,85.9167,38.99,11.98,13.99
22.5833,86.0833,38.71,12.01,13.71
22.5833,86.25,38.27,12.12,13.27
22.5833,86.4167,37.89,12.33,12.89
22.5833,86.5833,38.14,12.39,13.14
22.5833,86.75,38.08,12.55,13.08
22.5833,86.9167,37.98,12.7,12.98
22.5833,87.0833,37.86,12.66,12.86
22.5833,87.25,37.95,12.79,12.95
22.5833,87.4167,37.43,12.89,12.43
22.5833,87.5833,36.69,13.1,11.69
22.5833,87.75,36.29,13.15,11.29
22.5833,87.9167,35.88,12.87,10.88
22.5833,88.0833,35.62,12.75,10.62
22.5833,88.25,35.49,12.88,10.49
22.5833,88.4167,35.55,13.22,10.55
22.5833,88.5833,34.84,12.74,9.84
22.5833,88.75,34.47,13.0,9.47
22.5833,88.9167,34.91,12.76,9.91
22.5833,89.0833,34.27,13.24,9.27
22.5833,89.25,34.3,13.04,9.3
22.5833,89.4167,33.99,13.02,8.99
22.5833,89.5833,34.01,12.97,9.01
22.5833,89.75,33.86,12.82,8.86
22.5833,89.9167,33.58,12.5,8.58
22.5833,90.0833,33.24,12.39,8.24
22.5833,90.25,33.06,12.28,8.06
22.5833,90.4167,33.04,12.39,8.04
22.5833,90.5833,32.75,12.56,7.75
22.5833,90.75,32.45,12.79,7.45
22.5833,90.9167,32.47,12.8,7.47
22.5833,91.0833,32.64,12.64,7.64
22.5833,91.25,32.71,12.91,7.71
22.5833,91.4167,32.48,13.38,7.48
22.5833,91.5833,32.67,12.94,7.67
22.5833,91.75,32.49,13.03,7.49
22.5833,91.9167,32.76,13.07,7.76
22.5833,92.0833,32.82,13.26,7.82
22.5833,92.25,32.73,14.07,7.73
22.5833,92.4167,32.55,12.84,7.55
22.5833,92.5833,32.64,12.66,7.64
22.5833,92.75,30.88,11.96,5.88
22.5833,92.9167,29.39,10.7,4.39
22.5833,93.0833,28.25,9.38,3.25
22.5833,93.25,27.07,8.23,2.07
22.5833,93.4167,24.85,6.05,0.0
22.5833,93.5833,24.42,4.99,0.0
22.5833,93.75,27.22,7.47,2.22
22.5833,93.9167,30.95,10.51,5.95
22.5833,94.0833,36.14,12.61,11.14
22.5833,94.25,32.63,10.87,7.63
22.5833,94.4167,33.35,11.29,8.35
22.5833,94.5833,34.96,12.02,9.96
22.5833,94.75,37.03,12.74,12.03
22.5833,94.9167,38.26,12.72,13.26
22.5833,95.0833,38.45,12.58,13.45
22.5833,95.25,38.14,12.44,13.14
22.5833,95.4167,37.81,12.22,12.81
22.5833,95.5833,37.88,12.08,12.88
22.5833,95.75,38.79,12.17,13.79
22.5833,95.9167,38.94,12.02,13.94
22.5833,96.0833,37.74,11.83,12.74
22.5833,96.25,35.69,11.03,10.69
22.5833,96.4167,32.73,8.66,7.73
22.5833,96.5833,31.15,7.26,6.15
22.5833,96.75,30.84,7.22,5.84
22.5833,96.9167,31.17,7.26,6.17
22.4167,68.9167,33.11,15.37,8.11
22.4167,69.0833,33.09,15.34,8.09
22.4167,69.25,33.08,15.24,8.08
22.4167,69.4167,33.85,14.05,8.85
22.4167,69.5833,33.65,13.75,8.65
22.4167,69.75,34.84,13.08,9.84
22.4167,69.9167,35.79,12.12,10.79
22.4167,70.0833,36.49,11.4,11.49
22.4167,70.25,37.04,10.98,12.04
22.4167,70.4167,37.4,10.85,12.4
22.4167,70.5833,37.97,10.71,12.97
22.4167,70.75,38.14,10.7,13.14
22.4167,70.9167,38.24,10.74,13.24
22.4167,71.0833,38.25,10.74,13.25
22.4167,71.25,38.58,10.77,13.58
22.4167,71.4167,39.33,10.78,14.33
22.4167,71.5833,40.12,10.72,15.12
22.4167,71.75,40.63,10.8,15.63
22.4167,71.9167,40.98,10.92,15.98
22.4167,72.0833,41.13,10.84,16.13
22.4167,72.25,41.2,10.94,16.2
22.4167,72.4167,40.83,11.11,15.83
22.4167,72.5833,40.93,11.18,15.93
22.4167,72.75,40.06,11.16,15.06
22.4167,72.9167,39.74,11.2,14.74
22.4167,73.0833,39.96,11.68,14.96
22.4167,73.25,40.94,11.68,15.94
22.4167,73.4167,40.69,12.08,15.69
22.4167,73.5833,40.29,12.21,15.29
22.4167,73.75,40.08,12.25,15.08
22.4167,73.9167,40.15,12.44,15.15
22.4167,74.0833,40.41,12.25,15.41
22.4167,74.25,39.98,11.99,14.98
22.4167,74.4167,40.25,11.66,15.25
22.4167,74.5833,40.56,11.81,15.56
22.4167,74.75,41.02,11.93,16.02
22.4167,74.9167,41.35,11.85,16.35
22.4167,75.0833,41.52,11.82,16.52
22.4167,75.25,41.37,11.48,16.37
22.4167,75.4167,40.9,10.81,15.9
22.4167,75.5833,41.08,10.83,16.08
22.4167,75.75,40.53,10.7,15.53
22.4167,75.9167,41.87,11.73,16.87
22.4167,76.0833,42.72,12.07,17.72
22.4167,76.25,42.52,12.33,17.52
22.4167,76.4167,42.33,12.32,17.33
22.4167,76.5833,42.26,12.2,17.26
22.4167,76.75,42.65,12.24,17.65
22.4167,76.9167,42.65,12.23,17.65
22.4167,77.0833,43.1,12.03,18.1
22.4167,77.25,42.88,11.99,17.88
22.4167,77.4167,42.6,11.96,17.6
22.4167,77.5833,41.68,12.08,16.68
22.4167,77.75,41.39,11.89,16.39
22.4167,77.9167,41.46,12.4,16.46
22.4167,78.0833,40.79,11.78,15.79
22.4167,78.25,39.56,11.22,14.56
22.4167,78.4167,37.82,10.0,12.82
22.4167,78.5833,39.92,10.74,14.92
22.4167,78.75,38.79,9.85,13.79
22.4167,78.9167,38.77,9.07,13.77
22.4167,79.0833,39.77,9.36,14.77
22.4167,79.25,40.12,9.48,15.12
22.4167,79.4167,40.84,10.03,15.84
22.4167,79.5833,41.14,10.47,16.14
22.4167,79.75,41.78,10.19,16.78
22.4167,79.9167,41.99,9.99,16.99
22.4167,80.0833,41.75,9.8,16.75
22.4167,80.25,41.46,9.52,16.46
22.4167,80.4167,41.05,9.28,16.05
22.4167,80.5833,40.28,9.17,15.28
22.4167,80.75,40.51,8.85,15.51
22.4167,80.9167,39.55,9.03,14.55
22.4167,81.0833,38.79,9.21,13.79
22.4167,81.25,39.63,9.98,14.63
22.4167,81.4167,40.09,10.5,15.09
22.4167,81.5833,40.62,11.55,15.62
22.4167,81.75,39.99,11.34,14.99
22.4167,81.9167,39.93,11.57,14.93
22.4167,82.0833,41.18,12.23,16.18
22.4167,82.25,40.88,12.22,15.88
22.4167,82.4167,41.34,12.28,16.34
22.4167,82.5833,42.12,12.57,17.12
22.4167,82.75,41.41,12.55,16.41
22.4167,82.9167,40.02,12.41,15.02
22.4167,83.0833,41.49,12.46,16.49
22.4167,83.25,41.02,12.25,16.02
22.4167,83.4167,40.2,11.73,15.2
22.4167,83.5833,39.92,11.24,14.92
22.4167,83.75,40.48,11.69,15.48
22.4167,83.9167,40.76,11.92,15.76
22.4167,84.0833,40.18,12.0,15.18
22.4167,84.25,40.09,12.07,15.09
22.4167,84.4167,40.29,12.29,15.29
22.4167,84.5833,40.2,12.26,15.2
22.4167,84.75,39.85,12.34,14.85
22.4167,84.9167,40.07,12.37,15.07
22.4167,85.0833,39.36,12.28,14.36
22.4167,85.25,38.9,11.99,13.9
22.4167,85.4167,37.93,11.58,12.93
22.4167,85.5833,37.79,11.36,12.79
22.4167,85.75,38.59,11.75,13.59
22.4167,85.9167,38.74,11.91,13.74
22.4167,86.0833,38.34,11.91,13.34
22.4167,86.25,37.15,11.89,12.15
22.4167,86.4167,37.62,12.32,12.62
22.4167,86.5833,37.86,12.66,12.86
22.4167,86.75,38.02,12.72,13.02
22.4167,86.9167,37.78,12.87,12.78
22.4167,87.0833,37.77,12.98,12.77
22.4167,87.25,37.73,13.18,12.73
22.4167,87.4167,37.11,13.3,12.11
22.4167,87.5833,36.5,13.54,11.5
22.4167,87.75,36.08,13.43,11.08
22.4167,87.9167,35.54,13.48,10.54
22.4167,88.0833,35.17,13.33,10.17
22.4167,88.25,34.96,13.18,9.96
22.4167,88.4167,34.92,13.22,9.92
22.4167,88.5833,34.87,12.92,9.87
22.4167,88.75,34.43,13.49,9.43
22.4167,88.9167,34.59,13.31,9.59
22.4167,89.0833,34.19,13.44,9.19
22.4167,89.25,34.16,13.45,9.16
22.4167,89.4167,33.83,13.06,8.83
22.4167,89.5833,33.56,12.96,8.56
22.4167,89.75,33.74,12.78,8.74
22.4167,89.9167,33.51,12.68,8.51
22.4167,90.0833,33.15,12.53,8.15
22.4167,90.25,33.14,12.46,8.14
22.4167,90.4167,33.07,12.48,8.07
22.4167,90.5833,32.94,12.56,7.94
22.4167,90.75,32.4,12.8,7.4
22.4167,90.9167,32.28,13.46,7.28
22.4167,91.0833,32.25,13.49,7.25
22.4167,91.25,32.41,13.88,7.41
22.4167,91.4167,32.39,13.42,7.39
22.4167,91.5833,32.52,13.53,7.52
22.4167,91.75,32.49,13.57,7.49
22.4167,91.9167,32.51,13.68,7.51
22.4167,92.0833,32.79,13.39,7.79
22.4167,92.25,32.74,13.27,7.74
22.4167,92.4167,32.5,13.07,7.5
22.4167,92.5833,32.67,12.75,7.67
22.4167,92.75,30.83,12.23,5.83
22.4167,92.9167,30.14,11.38,5.14
22.4167,93.0833,26.86,8.61,1.86
22.4167,93.25,26.34,7.68,1.34
22.4167,93.4167,25.0,6.15,0.0
22.4167,93.5833,24.99,5.9,0.0
22.4167,93.75,28.79,8.92,3.79
22.4167,93.9167,32.56,11.41,7.56
22.4167,94.0833,36.04,12.69,11.04
22.4167,94.25,33.11,11.18,8.11
22.4167,94.4167,33.0,11.09,8.0
22.4167,94.5833,34.78,11.97,9.78
22.4167,94.75,36.8,12.62,11.8
22.4167,94.9167,38.37,13.09,13.37
22.4167,95.0833,39.04,12.89,14.04
22.4167,95.25,38.59,12.42,13.59
22.4167,95.4167,38.68,12.43,13.68
22.4167,95.5833,38.8,12.37,13.8
22.4167,95.75,38.37,12.25,13.37
22.4167,95.9167,38.97,12.33,13.97
22.4167,96.0833,38.1,12.17,13.1
22.4167,96.25,35.85,11.62,10.85
22.4167,96.4167,33.83,8.89,8.83
22.4167,96.5833,32.71,7.15,7.71
22.4167,96.75,33.29,8.34,8.29
22.4167,96.9167,32.66,7.34,7.66
22.25,68.9167,33.2,14.95,8.2
22.25,69.0833,33.17,14.9,8.17
22.25,69.25,32.94,14.91,7.94
22.25,69.4167,34.25,13.91,9.25
22.25,69.5833,34.98,13.19,9.98
22.25,69.75,35.48,12.65,10.48
22.25,69.9167,35.94,12.08,10.94
22.25,70.0833,36.3,11.44,11.3
22.25,70.25,36.51,11.31,11.51
22.25,70.4167,37.19,10.97,12.19
22.25,70.5833,37.59,10.87,12.59
22.25,70.75,37.59,11.3,12.59
22.25,70.9167,37.86,10.75,12.86
22.25,71.0833,37.96,10.59,12.96
22.25,71.25,38.27,10.59,13.27
22.25,71.4167,39.09,10.69,14.09
22.25,71.5833,39.72,10.72,14.72
22.25,71.75,40.38,10.96,15.38
22.25,71.9167,40.85,11.06,15.85
22.25,72.0833,40.93,10.9,15.93
22.25,72.25,40.6,11.15,15.6
22.25,72.4167,39.28,11.53,14.28
22.25,72.5833,39.95,11.52,14.95
22.25,72.75,39.86,11.47,14.86
22.25,72.9167,40.02,11.52,15.02
22.25,73.0833,40.05,11.78,15.05
22.25,73.25,40.55,12.09,15.55
22.25,73.4167,40.88,11.95,15.88
22.25,73.5833,40.69,12.18,15.69
22.25,73.75,40.43,12.15,15.43
22.25,73.9167,40.81,12.23,15.81
22.25,74.0833,40.46,12.34,15.46
22.25,74.25,40.23,11.83,15.23
22.25,74.4167,40.81,11.86,15.81
22.25,74.5833,40.96,12.13,15.96
22.25,74.75,41.57,12.35,16.57
22.25,74.9167,42.12,12.16,17.12
22.25,75.0833,42.28,12.1,17.28
22.25,75.25,42.53,12.26,17.53
22.25,75.4167,42.42,12.36,17.42
22.25,75.5833,42.89,12.32,17.89
22.25,75.75,43.04,12.27,18.04
22.25,75.9167,43.25,12.22,18.25
22.25,76.0833,42.59,12.5,17.59
22.25,76.25,42.44,12.66,17.44
22.25,76.4167,42.39,12.76,17.39
22.25,76.5833,41.19,13.53,16.19
22.25,76.75,41.49,13.43,16.49
22.25,76.9167,42.87,12.14,17.87
22.25,77.0833,42.78,12.01,17.78
22.25,77.25,42.13,12.04,17.13
22.25,77.4167,41.6,11.88,16.6
22.25,77.5833,40.96,11.83,15.96
22.25,77.75,40.81,11.75,15.81
22.25,77.9167,41.82,11.84,16.82
22.25,78.0833,41.12,11.87,16.12
22.25,78.25,39.53,11.25,14.53
22.25,78.4167,38.73,10.31,13.73
22.25,78.5833,38.62,9.23,13.62
22.25,78.75,39.14,9.24,14.14
22.25,78.9167,39.64,9.59,14.64
22.25,79.0833,39.93,9.67,14.93
22.25,79.25,40.29,9.78,15.29
22.25,79.4167,41.03,10.2,16.03
22.25,79.5833,41.37,10.4,16.37
22.25,79.75,41.69,10.47,16.69
22.25,79.9167,41.5,10.64,16.5
22.25,80.0833,41.53,10.65,16.53
22.25,80.25,40.37,10.13,15.37
22.25,80.4167,40.41,9.67,15.41
22.25,80.5833,39.36,9.52,14.36
22.25,80.75,39.16,9.12,14.16
22.25,80.9167,38.97,9.1,13.97
22.25,81.0833,39.03,9.73,14.03
22.25,81.25,41.45,11.07,16.45
22.25,81.4167,41.88,11.45,16.88
22.25,81.5833,42.3,11.8,17.3
22.25,81.75,41.78,12.16,16.78
22.25,81.9167,41.7,12.31,16.7
22.25,82.0833,41.93,12.41,16.93
22.25,82.25,41.83,12.69,16.83
22.25,82.4167,41.77,12.68,16.77
22.25,82.5833,42.41,12.84,17.41
22.25,82.75,42.27,12.73,17.27
22.25,82.9167,41.56,12.74,16.56
22.25,83.0833,41.91,12.74,16.91
22.25,83.25,41.09,12.47,16.09
22.25,83.4167,41.28,12.38,16.28
22.25,83.5833,40.2,11.93,15.2
22.25,83.75,40.32,11.89,15.32
22.25,83.9167,40.7,12.1,15.7
22.25,84.0833,40.97,12.29,15.97
22.25,84.25,40.44,12.35,15.44
22.25,84.4167,40.64,12.38,15.64
22.25,84.5833,40.52,12.76,15.52
22.25,84.75,40.38,12.64,15.38
22.25,84.9167,40.11,12.61,15.11
22.25,85.0833,38.88,12.21,13.88
22.25,85.25,37.37,11.63,12.37
22.25,85.4167,37.57,11.34,12.57
22.25,85.5833,37.73,11.15,12.73
22.25,85.75,37.47,11.29,12.47
22.25,85.9167,37.37,11.61,12.37
22.25,86.0833,37.89,11.91,12.89
22.25,86.25,37.02,11.9,12.02
22.25,86.4167,36.57,12.03,11.57
22.25,86.5833,37.91,12.8,12.91
22.25,86.75,37.83,12.98,12.83
22.25,86.9167,37.63,13.05,12.63
22.25,87.0833,37.47,13.22,12.47
22.25,87.25,37.37,13.41,12.37
22.25,87.4167,36.71,13.58,11.71
22.25,87.5833,36.22,13.88,11.22
22.25,87.75,35.74,14.05,10.74
22.25,87.9167,35.16,13.84,10.16
22.25,88.0833,34.85,13.69,9.85
22.25,88.25,34.76,13.41,9.76
22.25,88.4167,34.6,13.31,9.6
22.25,88.5833,34.7,13.35,9.7
22.25,88.75,34.52,13.41,9.52
22.25,88.9167,34.35,13.51,9.35
22.25,89.0833,33.99,13.67,8.99
22.25,89.25,33.58,13.81,8.58
22.25,89.4167,33.37,13.29,8.37
22.25,89.5833,33.23,13.03,8.23
22.25,89.75,33.26,12.75,8.26
22.25,89.9167,33.42,12.71,8.42
22.25,90.0833,33.24,12.66,8.24
22.25,90.25,33.16,12.58,8.16
22.25,90.4167,33.02,12.6,8.02
22.25,90.5833,32.71,12.82,7.71
22.25,90.75,32.42,12.94,7.42
22.25,90.9167,32.3,13.7,7.3
22.25,91.0833,32.44,13.26,7.44
22.25,91.25,32.43,13.45,7.43
22.25,91.75,32.76,14.28,7.76
22.25,91.9167,32.44,13.93,7.44
22.25,92.0833,32.5,13.45,7.5
22.25,92.25,32.75,13.21,7.75
22.25,92.4167,32.02,12.85,7.02
22.25,92.5833,32.13,12.71,7.13
22.25,92.75,31.76,12.74,6.76
22.25,92.9167,30.35,11.83,5.35
22.25,93.0833,27.45,9.12,2.45
22.25,93.25,26.53,8.08,1.53
22.25,93.4167,27.2,7.75,2.2
22.25,93.5833,24.24,5.7,0.0
22.25,93.75,28.95,9.48,3.95
22.25,93.9167,33.56,11.99,8.56
22.25,94.0833,35.86,12.76,10.86
22.25,94.25,32.78,10.9,7.78
22.25,94.4167,32.21,10.67,7.21
22.25,94.5833,34.83,12.06,9.83
22.25,94.75,37.66,13.02,12.66
22.25,94.9167,38.29,13.3,13.29
22.25,95.0833,38.96,13.32,13.96
22.25,95.25,39.01,12.76,14.01
22.25,95.4167,38.8,12.51,13.8
22.25,95.5833,39.36,12.69,14.36
22.25,95.75,39.25,12.61,14.25
22.25,95.9167,39.16,12.66,14.16
22.25,96.0833,37.88,12.64,12.88
22.25,96.25,37.93,12.52,12.93
22.25,96.4167,33.46,9.36,8.46
22.25,96.5833,33.77,7.76,8.77
22.25,96.75,33.48,7.72,8.48
22.25,96.9167,33.09,7.8,8.09
22.0833,69.0833,32.97,15.05,7.97
22.0833,69.25,33.41,14.37,8.41
22.0833,69.4167,34.22,13.79,9.22
22.0833,69.5833,34.89,13.33,9.89
22.0833,69.75,35.08,12.93,10.08
22.0833,69.9167,35.35,12.48,10.35
22.0833,70.0833,35.74,12.16,10.74
22.0833,70.25,36.16,11.92,11.16
22.0833,70.4167,36.87,11.53,11.87
22.0833,70.5833,37.29,11.39,12.29
22.0833,70.75,37.47,11.28,12.47
22.0833,70.9167,37.55,11.16,12.55
22.0833,71.0833,37.76,11.09,12.76
22.0833,71.25,38.02,10.93,13.02
22.0833,71.4167,38.79,11.11,13.79
22.0833,71.5833,39.66,11.14,14.66
22.0833,71.75,40.26,11.18,15.26
22.0833,71.9167,40.53,11.15,15.53
22.0833,72.0833,40.56,11.07,15.56
22.0833,72.25,39.47,11.43,14.47
22.0833,72.4167,37.44,12.07,12.44
22.0833,72.5833,40.21,11.49,15.21
22.0833,72.75,40.71,11.5,15.71
22.0833,72.9167,40.55,11.54,15.55
22.0833,73.0833,40.09,11.56,15.09
22.0833,73.25,39.94,11.64,14.94
22.0833,73.4167,40.29,11.82,15.29
22.0833,73.5833,40.64,12.08,15.64
22.0833,73.75,40.82,12.27,15.82
22.0833,73.9167,40.85,12.32,15.85
22.0833,74.0833,40.63,12.22,15.63
22.0833,74.25,39.9,11.96,14.9
22.0833,74.4167,41.07,12.83,16.07
22.0833,74.5833,41.1,12.77,16.1
22.0833,74.75,41.69,12.66,16.69
22.0833,74.9167,42.05,12.34,17.05
22.0833,75.0833,42.22,12.27,17.22
22.0833,75.25,42.49,12.37,17.49
22.0833,75.4167,42.59,12.49,17.59
22.0833,75.5833,42.71,12.43,17.71
22.0833,75.75,42.86,12.52,17.86
22.0833,75.9167,42.94,12.38,17.94
22.0833,76.0833,43.02,12.2,18.02
22.0833,76.25,43.11,12.2,18.11
22.0833,76.4167,42.97,12.17,17.97
22.0833,76.5833,42.57,12.88,17.57
22.0833,76.75,42.58,12.81,17.58
22.0833,76.9167,43.0,12.07,18.0
22.0833,77.0833,42.25,12.15,17.25
22.0833,77.25,41.03,12.15,16.03
22.0833,77.4167,41.0,11.62,16.0
22.0833,77.5833,40.63,11.05,15.63
22.0833,77.75,40.54,11.06,15.54
22.0833,77.9167,40.6,11.5,15.6
22.0833,78.0833,40.62,11.75,15.62
22.0833,78.25,39.34,10.88,14.34
22.0833,78.4167,39.4,10.32,14.4
22.0833,78.5833,39.49,10.02,14.49
22.0833,78.75,39.31,9.68,14.31
22.0833,78.9167,39.82,9.9,14.82
22.0833,79.0833,40.59,10.08,15.59
22.0833,79.25,40.91,10.16,15.91
22.0833,79.4167,41.14,10.23,16.14
22.0833,79.5833,40.88,10.56,15.88
22.0833,79.75,40.9,10.81,15.9
22.0833,79.9167,40.93,11.11,15.93
22.0833,80.0833,41.46,11.21,16.46
22.0833,80.25,40.06,10.73,15.06
22.0833,80.4167,39.61,9.91,14.61
22.0833,80.5833,40.16,9.75,15.16
22.0833,80.75,40.01,9.73,15.01
22.0833,80.9167,39.17,9.53,14.17
22.0833,81.0833,39.68,10.42,14.68
22.0833,81.25,42.39,11.39,17.39
22.0833,81.4167,42.66,11.61,17.66
22.0833,81.5833,42.86,11.87,17.86
22.0833,81.75,42.78,12.15,17.78
22.0833,81.9167,42.62,12.38,17.62
22.0833,82.0833,42.41,12.64,17.41
22.0833,82.25,42.28,12.72,17.28
22.0833,82.4167,42.09,12.92,17.09
22.0833,82.5833,42.16,13.04,17.16
22.0833,82.75,42.52,13.17,17.52
22.0833,82.9167,42.22,13.14,17.22
22.0833,83.0833,42.23,13.15,17.23
22.0833,83.25,41.87,12.96,16.87
22.0833,83.4167,41.87,12.71,16.87
22.0833,83.5833,41.19,12.52,16.19
22.0833,83.75,40.98,12.59,15.98
22.0833,83.9167,41.35,12.54,16.35
22.0833,84.0833,41.21,12.54,16.21
22.0833,84.25,40.99,12.38,15.99
22.0833,84.4167,39.87,12.29,14.87
22.0833,84.5833,38.98,12.18,13.98
22.0833,84.75,39.42,12.37,14.42
22.0833,84.9167,39.55,12.63,14.55
22.0833,85.0833,37.83,11.96,12.83
22.0833,85.25,36.51,11.08,11.51
22.0833,85.4167,37.22,11.16,12.22
22.0833,85.5833,37.67,11.39,12.67
22.0833,85.75,37.53,11.38,12.53
22.0833,85.9167,37.07,11.47,12.07
22.0833,86.0833,36.92,11.78,11.92
22.0833,86.25,36.03,11.79,11.03
22.0833,86.4167,36.31,12.31,11.31
22.0833,86.5833,37.5,12.99,12.5
22.0833,86.75,37.51,13.1,12.51
22.0833,86.9167,37.31,13.14,12.31
22.0833,87.0833,36.96,13.25,11.96
22.0833,87.25,36.51,13.5,11.51
22.0833,87.4167,36.15,13.86,11.15
22.0833,87.5833,35.73,14.26,10.73
22.0833,87.75,35.35,14.21,10.35
22.0833,87.9167,34.98,13.97,9.98
22.0833,88.0833,34.59,14.14,9.59
22.0833,88.25,34.35,13.72,9.35
22.0833,88.4167,34.4,13.8,9.4
22.0833,88.5833,34.12,13.99,9.12
22.0833,88.75,33.71,13.88,8.71
22.0833,88.9167,33.48,13.71,8.48
22.0833,89.0833,33.3,13.63,8.3
22.0833,89.25,33.26,13.67,8.26
22.0833,89.4167,33.19,13.5,8.19
22.0833,89.5833,33.04,13.42,8.04
22.0833,89.75,32.93,13.11,7.93
22.0833,89.9167,33.13,13.04,8.13
22.0833,90.0833,33.13,12.99,8.13
22.0833,90.25,33.11,12.78,8.11
22.0833,90.4167,32.71,13.04,7.71
22.0833,90.5833,32.47,13.14,7.47
22.0833,90.75,32.35,13.22,7.35
22.0833,90.9167,32.26,13.85,7.26
22.0833,91.0833,32.31,13.66,7.31
22.0833,91.75,32.4,14.0,7.4
22.0833,91.9167,32.45,13.89,7.45
22.0833,92.0833,32.65,13.77,7.65
22.0833,92.25,32.38,13.46,7.38
22.0833,92.4167,32.0,12.97,7.0
22.0833,92.5833,31.26,12.43,6.26
22.0833,92.75,31.97,12.97,6.97
22.0833,92.9167,30.96,12.64,5.96
22.0833,93.0833,28.29,10.14,3.29
22.0833,93.25,28.03,9.31,3.03
22.0833,93.4167,27.04,7.95,2.04
22.0833,93.5833,24.5,6.03,0.0
22.0833,93.75,28.96,9.67,3.96
22.0833,93.9167,33.57,12.05,8.57
22.0833,94.0833,35.66,12.77,10.66
22.0833,94.25,33.81,11.75,8.81
22.0833,94.4167,32.84,11.1,7.84
22.0833,94.5833,36.48,12.82,11.48
22.0833,94.75,38.34,13.42,13.34
22.0833,94.9167,38.56,13.42,13.56
22.0833,95.0833,38.65,13.65,13.65
22.0833,95.25,38.78,13.12,13.78
22.0833,95.4167,39.2,12.92,14.2
22.0833,95.5833,39.66,13.09,14.66
22.0833,95.75,39.47,12.93,14.47
22.0833,95.9167,38.93,13.13,13.93
22.0833,96.0833,37.86,13.06,12.86
22.0833,96.25,36.67,11.96,11.67
22.0833,96.4167,32.09,8.06,7.09
22.0833,96.5833,32.69,7.84,7.69
22.0833,96.75,34.3,9.45,9.3
22.0833,96.9167,33.03,7.86,8.03
21.9167,69.25,33.26,14.48,8.26
21.9167,69.4167,33.93,14.13,8.93
21.9167,69.5833,34.65,13.54,9.65
21.9167,69.75,34.47,13.32,9.47
21.9167,69.9167,35.42,12.87,10.42
21.9167,70.0833,35.75,12.52,10.75
21.9167,70.25,36.24,12.54,11.24
21.9167,70.4167,36.82,12.16,11.82
21.9167,70.5833,37.02,11.96,12.02
21.9167,70.75,37.24,11.83,12.24
21.9167,70.9167,37.65,11.54,12.65
21.9167,71.0833,37.83,11.26,12.83
21.9167,71.25,38.08,11.35,13.08
21.9167,71.4167,38.64,11.5,13.64
21.9167,71.5833,39.43,11.28,14.43
21.9167,71.75,40.14,11.22,15.14
21.9167,71.9167,40.23,11.17,15.23
21.9167,72.0833,39.95,11.36,14.95
21.9167,72.25,37.9,12.06,12.9
21.9167,72.4167,36.5,13.3,11.5
21.9167,72.5833,38.87,12.19,13.87
21.9167,72.75,40.1,12.0,15.1
21.9167,72.9167,40.29,11.77,15.29
21.9167,73.0833,39.83,11.87,14.83
21.9167,73.25,39.62,11.95,14.62
21.9167,73.4167,39.77,12.08,14.77
21.9167,73.5833,40.32,12.33,15.32
21.9167,73.75,40.6,12.66,15.6
21.9167,73.9167,39.79,12.74,14.79
21.9167,74.0833,39.74,12.72,14.74
21.9167,74.25,40.06,12.65,15.06
21.9167,74.4167,39.25,11.64,14.25
21.9167,74.5833,39.53,11.42,14.53
21.9167,74.75,41.59,12.45,16.59
21.9167,74.9167,41.69,12.31,16.69
21.9167,75.0833,42.29,12.29,17.29
21.9167,75.25,42.62,12.34,17.62
21.9167,75.4167,42.65,12.26,17.65
21.9167,75.5833,42.69,12.25,17.69
21.9167,75.75,42.83,12.28,17.83
21.9167,75.9167,42.72,12.27,17.72
21.9167,76.0833,42.53,12.13,17.53
21.9167,76.25,42.49,12.03,17.49
21.9167,76.4167,42.58,11.94,17.58
21.9167,76.5833,42.88,12.23,17.88
21.9167,76.75,43.05,12.21,18.05
21.9167,76.9167,42.35,12.42,17.35
21.9167,77.0833,41.18,12.28,16.18
21.9167,77.25,41.14,11.97,16.14
21.9167,77.4167,40.94,11.84,15.94
21.9167,77.5833,40.61,11.52,15.61
21.9167,77.75,40.42,10.96,15.42
21.9167,77.9167,39.66,10.76,14.66
21.9167,78.0833,39.2,10.27,14.2
21.9167,78.25,39.51,9.92,14.51
21.9167,78.4167,39.84,10.0,14.84
21.9167,78.5833,40.17,10.85,15.17
21.9167,78.75,40.02,10.8,15.02
21.9167,78.9167,40.53,10.31,15.53
21.9167,79.0833,40.81,10.39,15.81
21.9167,79.25,40.85,10.66,15.85
21.9167,79.4167,40.73,10.85,15.73
21.9167,79.5833,40.24,11.06,15.24
21.9167,79.75,40.42,11.19,15.42
21.9167,79.9167,40.62,11.65,15.62
21.9167,80.0833,41.73,11.64,16.73
21.9167,80.25,40.53,11.29,15.53
21.9167,80.4167,39.38,10.16,14.38
21.9167,80.5833,39.91,10.17,14.91
21.9167,80.75,40.35,10.1,15.35
21.9167,80.9167,39.85,10.18,14.85
21.9167,81.0833,41.21,11.31,16.21
21.9167,81.25,42.95,11.57,17.95
21.9167,81.4167,42.94,11.8,17.94
21.9167,81.5833,43.1,12.04,18.1
21.9167,81.75,42.94,12.27,17.94
21.9167,81.9167,42.82,12.53,17.82
21.9167,82.0833,42.88,12.73,17.88
21.9167,82.25,42.74,12.74,17.74
21.9167,82.4167,42.21,12.89,17.21
21.9167,82.5833,42.18,13.02,17.18
21.9167,82.75,42.73,13.19,17.73
21.9167,82.9167,42.7,13.07,17.7
21.9167,83.0833,42.69,13.07,17.69
21.9167,83.25,42.47,13.12,17.47
21.9167,83.4167,42.18,13.05,17.18
21.9167,83.5833,41.43,12.84,16.43
21.9167,83.75,41.07,12.72,16.07
21.9167,83.9167,41.73,12.66,16.73
21.9167,84.0833,41.55,12.58,16.55
21.9167,84.25,41.16,12.4,16.16
21.9167,84.4167,40.34,12.33,15.34
21.9167,84.5833,37.87,12.02,12.87
21.9167,84.75,38.9,12.39,13.9
21.9167,84.9167,39.83,12.82,14.83
21.9167,85.0833,38.15,12.17,13.15
21.9167,85.25,36.37,10.65,11.37
21.9167,85.4167,36.79,10.96,11.79
21.9167,85.5833,37.55,11.55,12.55
21.9167,85.75,37.47,11.65,12.47
21.9167,85.9167,37.06,11.59,12.06
21.9167,86.0833,36.09,11.44,11.09
21.9167,86.25,33.63,10.52,8.63
21.9167,86.4167,33.06,10.42,8.06
21.9167,86.5833,35.41,12.56,10.41
21.9167,86.75,37.17,13.29,12.17
21.9167,86.9167,36.98,13.38,11.98
21.9167,87.0833,36.56,13.51,11.56
21.9167,87.25,36.08,13.74,11.08
21.9167,87.4167,35.58,14.03,10.58
21.9167,87.5833,35.11,14.24,10.11
21.9167,87.75,34.84,14.28,9.84
21.9167,87.9167,34.45,14.32,9.45
21.9167,88.0833,33.79,14.43,8.79
21.9167,88.25,33.99,14.24,8.99
21.9167,88.4167,33.94,14.35,8.94
21.9167,88.5833,33.42,14.22,8.42
21.9167,88.75,33.11,14.06,8.11
21.9167,88.9167,33.03,14.15,8.03
21.9167,89.0833,33.03,14.09,8.03
21.9167,89.25,33.05,13.96,8.05
21.9167,89.4167,32.96,13.89,7.96
21.9167,89.5833,32.93,13.72,7.93
21.9167,89.75,32.71,13.42,7.71
21.9167,89.9167,32.67,13.52,7.67
21.9167,90.0833,32.94,13.15,7.94
21.9167,90.25,32.95,13.23,7.95
21.9167,90.4167,32.51,13.32,7.51
21.9167,90.5833,32.32,13.51,7.32
21.9167,90.75,32.24,14.2,7.24
21.9167,90.9167,32.54,15.04,7.54
21.9167,91.9167,32.56,14.37,7.56
21.9167,92.0833,32.4,13.83,7.4
21.9167,92.25,32.21,13.53,7.21
21.9167,92.4167,32.04,13.3,7.04
21.9167,92.5833,30.11,12.05,5.11
21.9167,92.75,32.19,13.24,7.19
21.9167,92.9167,31.94,13.11,6.94
21.9167,93.0833,29.3,11.06,4.3
21.9167,93.25,27.92,9.65,2.92
21.9167,93.4167,25.25,7.19,0.25
21.9167,93.5833,25.2,6.76,0.2
21.9167,93.75,29.5,9.88,4.5
21.9167,93.9167,33.35,12.09,8.35
21.9167,94.0833,35.53,12.87,10.53
21.9167,94.25,34.47,11.98,9.47
21.9167,94.4167,34.04,11.75,9.04
21.9167,94.5833,36.72,12.86,11.72
21.9167,94.75,38.29,13.34,13.29
21.9167,94.9167,39.1,13.3,14.1
21.9167,95.0833,38.92,13.73,13.92
21.9167,95.25,38.58,13.32,13.58
21.9167,95.4167,39.29,13.34,14.29
21.9167,95.5833,39.17,13.25,14.17
21.9167,95.75,39.11,13.19,14.11
21.9167,95.9167,38.66,13.25,13.66
21.9167,96.0833,37.99,13.45,12.99
21.9167,96.25,36.49,12.13,11.49
21.9167,96.4167,32.98,8.72,7.98
21.9167,96.5833,33.27,8.98,8.27
21.9167,96.75,34.55,10.37,9.55
21.9167,96.9167,32.88,8.49,7.88
21.75,69.4167,33.63,14.16,8.63
21.75,69.5833,33.93,14.31,8.93
21.75,69.75,33.55,14.39,8.55
21.75,69.9167,35.09,13.56,10.09
21.75,70.0833,35.47,13.34,10.47
21.75,70.25,36.17,12.7,11.17
21.75,70.4167,36.38,12.42,11.38
21.75,70.5833,36.66,12.19,11.66
21.75,70.75,36.79,12.06,11.79
21.75,70.9167,37.24,11.61,12.24
21.75,71.0833,37.59,11.48,12.59
21.75,71.25,38.05,11.64,13.05
21.75,71.4167,38.63,11.56,13.63
21.75,71.5833,39.24,11.45,14.24
21.75,71.75,39.62,11.31,14.62
21.75,71.9167,39.81,11.25,14.81
21.75,72.0833,39.63,11.37,14.63
21.75,72.25,38.85,11.94,13.85
21.75,72.5833,38.64,12.47,13.64
21.75,72.75,39.79,12.06,14.79
21.75,72.9167,39.78,12.25,14.78
21.75,73.0833,39.35,12.36,14.35
21.75,73.25,39.66,12.33,14.66
21.75,73.4167,39.59,12.47,14.59
21.75,73.5833,38.87,12.57,13.87
21.75,73.75,38.64,12.26,13.64
21.75,73.9167,38.29,11.65,13.29
21.75,74.0833,38.44,10.81,13.44
21.75,74.25,39.15,11.37,14.15
21.75,74.4167,39.85,11.92,14.85
21.75,74.5833,40.25,12.08,15.25
21.75,74.75,40.66,12.04,15.66
21.75,74.9167,41.02,11.65,16.02
21.75,75.0833,41.64,11.9,16.64
21.75,75.25,41.65,11.99,16.65
21.75,75.4167,41.69,11.93,16.69
21.75,75.5833,42.27,12.1,17.27
21.75,75.75,42.48,12.26,17.48
21.75,75.9167,42.4,12.3,17.4
21.75,76.0833,42.11,12.06,17.11
21.75,76.25,42.12,11.78,17.12
21.75,76.4167,42.4,11.99,17.4
21.75,76.5833,42.73,12.11,17.73
21.75,76.75,42.59,12.35,17.59
21.75,76.9167,41.68,12.57,16.68
21.75,77.0833,42.14,12.39,17.14
21.75,77.25,41.96,12.39,16.96
21.75,77.4167,41.21,12.18,16.21
21.75,77.5833,40.73,11.79,15.73
21.75,77.75,40.49,11.4,15.49
21.75,77.9167,40.35,10.91,15.35
21.75,78.0833,40.19,10.6,15.19
21.75,78.25,40.01,10.39,15.01
21.75,78.4167,40.25,10.67,15.25
21.75,78.5833,41.03,11.46,16.03
21.75,78.75,41.11,12.07,16.11
21.75,78.9167,41.03,11.9,16.03
21.75,79.0833,40.8,11.21,15.8
21.75,79.25,40.17,11.79,15.17
21.75,79.4167,40.98,11.8,15.98
21.75,79.5833,41.19,11.96,16.19
21.75,79.75,41.4,12.14,16.4
21.75,79.9167,41.94,12.04,16.94
21.75,80.0833,42.08,12.05,17.08
21.75,80.25,41.92,11.89,16.92
21.75,80.4167,40.55,11.6,15.55
21.75,80.5833,39.82,10.66,14.82
21.75,80.75,40.53,10.59,15.53
21.75,80.9167,40.58,10.79,15.58
21.75,81.0833,42.41,11.71,17.41
21.75,81.25,43.17,11.79,18.17
21.75,81.4167,43.09,11.9,18.09
21.75,81.5833,43.1,12.18,18.1
21.75,81.75,42.93,12.44,17.93
21.75,81.9167,42.85,12.65,17.85
21.75,82.0833,43.11,12.77,18.11
21.75,82.25,43.08,12.91,18.08
21.75,82.4167,43.0,12.95,18.0
21.75,82.5833,42.85,13.06,17.85
21.75,82.75,42.79,13.18,17.79
21.75,82.9167,42.84,13.14,17.84
21.75,83.0833,42.83,13.08,17.83
21.75,83.25,42.62,13.02,17.62
21.75,83.4167,42.53,13.1,17.53
21.75,83.5833,41.75,13.77,16.75
21.75,83.75,41.29,13.46,16.29
21.75,83.9167,41.89,13.15,16.89
21.75,84.0833,41.63,12.54,16.63
21.75,84.25,41.41,12.32,16.41
21.75,84.4167,40.78,12.27,15.78
21.75,84.5833,38.81,12.27,13.81
21.75,84.75,39.22,12.34,14.22
21.75,84.9167,40.3,12.78,15.3
21.75,85.0833,38.15,12.33,13.15
21.75,85.25,35.98,10.6,10.98
21.75,85.4167,36.69,11.02,11.69
21.75,85.5833,37.33,11.58,12.33
21.75,85.75,37.28,11.84,12.28
21.75,85.9167,36.93,11.86,11.93
21.75,86.0833,35.66,11.63,10.66
21.75,86.25,32.53,9.94,7.53
21.75,86.4167,32.39,10.43,7.39
21.75,86.5833,36.28,13.18,11.28
21.75,86.75,36.77,13.51,11.77
21.75,86.9167,36.48,13.6,11.48
21.75,87.0833,36.13,13.8,11.13
21.75,87.25,35.65,14.03,10.65
21.75,87.4167,35.09,14.29,10.09
21.75,87.5833,34.6,14.5,9.6
21.75,87.75,34.21,14.54,9.21
21.75,87.9167,33.92,14.76,8.92
21.75,88.0833,33.45,14.84,8.45
21.75,88.25,33.35,14.88,8.35
21.75,88.4167,33.3,15.0,8.3
21.75,88.5833,32.83,14.76,7.83
21.75,88.75,32.81,14.53,7.81
21.75,88.9167,32.82,14.49,7.82
21.75,89.0833,32.85,14.43,7.85
21.75,89.25,32.81,14.27,7.81
21.75,89.4167,32.84,14.0,7.84
21.75,89.5833,32.76,14.09,7.76
21.75,89.75,32.74,14.23,7.74
21.75,89.9167,32.85,15.1,7.85
21.75,90.0833,32.9,13.22,7.9
21.75,90.25,32.94,13.34,7.94
21.75,90.4167,32.26,14.4,7.26
21.75,90.5833,32.38,14.84,7.38
21.75,91.9167,32.34,14.86,7.34
21.75,92.0833,32.39,14.31,7.39
21.75,92.25,32.38,13.86,7.38
21.75,92.4167,31.66,13.4,6.66
21.75,92.5833,30.52,12.55,5.52
21.75,92.75,32.04,13.34,7.04
21.75,92.9167,31.71,13.13,6.71
21.75,93.0833,30.11,11.87,5.11
21.75,93.25,29.44,10.98,4.44
21.75,93.4167,27.13,8.64,2.13
21.75,93.5833,23.64,5.41,0.0
21.75,93.75,28.95,9.33,3.95
21.75,93.9167,30.67,10.72,5.67
21.75,94.0833,34.87,12.62,9.87
21.75,94.25,34.18,11.92,9.18
21.75,94.4167,34.75,12.47,9.75
21.75,94.5833,36.47,12.77,11.47
21.75,94.75,37.69,13.1,12.69
21.75,94.9167,38.54,13.34,13.54
21.75,95.0833,38.87,13.62,13.87
21.75,95.25,39.05,13.63,14.05
21.75,95.4167,38.98,13.41,13.98
21.75,95.5833,39.44,13.18,14.44
21.75,95.75,39.34,12.98,14.34
21.75,95.9167,38.95,13.24,13.95
21.75,96.0833,38.08,13.3,13.08
21.75,96.25,37.63,12.98,12.63
21.75,96.4167,35.55,11.2,10.55
21.75,96.5833,34.57,10.94,9.57
21.75,96.75,32.15,9.0,7.15
21.75,96.9167,32.55,8.43,7.55
21.5833,69.5833,33.49,14.85,8.49
21.5833,69.75,33.77,14.38,8.77
21.5833,69.9167,34.83,13.7,9.83
21.5833,70.0833,35.49,13.44,10.49
21.5833,70.25,35.81,13.08,10.81
21.5833,70.4167,35.82,12.93,10.82
21.5833,70.5833,35.52,12.63,10.52
21.5833,70.75,36.8,12.18,11.8
21.5833,70.9167,36.99,12.03,11.99
21.5833,71.0833,37.5,12.05,12.5
21.5833,71.25,38.09,12.06,13.09
21.5833,71.4167,38.56,11.96,13.56
21.5833,71.5833,38.84,11.81,13.84
21.5833,71.75,39.06,11.82,14.06
21.5833,71.9167,39.08,11.73,14.08
21.5833,72.0833,39.32,11.69,14.32
21.5833,72.25,39.39,11.82,14.39
21.5833,72.4167,35.9,13.82,10.9
21.5833,72.5833,37.41,12.56,12.41
21.5833,72.75,38.26,12.58,13.26
21.5833,72.9167,38.58,12.49,13.58
21.5833,73.0833,39.41,12.61,14.41
21.5833,73.25,39.78,12.43,14.78
21.5833,73.4167,39.87,12.36,14.87
21.5833,73.5833,40.03,12.0,15.03
21.5833,73.75,39.46,12.08,14.46
21.5833,73.9167,39.6,12.21,14.6
21.5833,74.0833,39.78,12.37,14.78
21.5833,74.25,40.57,12.63,15.57
21.5833,74.4167,41.09,12.61,16.09
21.5833,74.5833,41.43,12.7,16.43
21.5833,74.75,41.45,12.61,16.45
21.5833,74.9167,40.93,12.17,15.93
21.5833,75.0833,41.22,12.18,16.22
21.5833,75.25,40.93,11.99,15.93
21.5833,75.4167,40.47,11.72,15.47
21.5833,75.5833,41.08,12.02,16.08
21.5833,75.75,40.86,11.91,15.86
21.5833,75.9167,41.1,11.85,16.1
21.5833,76.0833,41.23,11.84,16.23
21.5833,76.25,41.78,12.15,16.78
21.5833,76.4167,42.29,12.38,17.29
21.5833,76.5833,42.28,12.54,17.28
21.5833,76.75,42.44,12.7,17.44
21.5833,76.9167,42.48,12.75,17.48
21.5833,77.0833,41.55,12.6,16.55
21.5833,77.25,40.18,12.4,15.18
21.5833,77.4167,38.84,11.69,13.84
21.5833,77.5833,39.38,10.91,14.38
21.5833,77.75,40.07,11.1,15.07
21.5833,77.9167,40.6,11.37,15.6
21.5833,78.0833,40.29,11.4,15.29
21.5833,78.25,40.64,11.7,15.64
21.5833,78.4167,41.41,12.02,16.41
21.5833,78.5833,41.78,11.93,16.78
21.5833,78.75,42.1,12.1,17.1
21.5833,78.9167,41.86,12.26,16.86
21.5833,79.0833,40.91,12.08,15.91
21.5833,79.25,40.79,12.14,15.79
21.5833,79.4167,41.42,11.98,16.42
21.5833,79.5833,41.64,12.16,16.64
21.5833,79.75,41.8,12.33,16.8
21.5833,79.9167,42.15,12.38,17.15
21.5833,80.0833,42.29,12.36,17.29
21.5833,80.25,42.1,12.19,17.1
21.5833,80.4167,41.61,12.05,16.61
21.5833,80.5833,40.64,11.5,15.64
21.5833,80.75,39.71,10.84,14.71
21.5833,80.9167,41.26,11.58,16.26
21.5833,81.0833,42.78,11.86,17.78
21.5833,81.25,43.12,12.01,18.12
21.5833,81.4167,42.98,12.13,17.98
21.5833,81.5833,42.77,12.31,17.77
21.5833,81.75,42.86,12.51,17.86
21.5833,81.9167,42.89,12.64,17.89
21.5833,82.0833,42.85,12.63,17.85
21.5833,82.25,42.89,12.73,17.89
21.5833,82.4167,42.61,13.14,17.61
21.5833,82.5833,42.29,13.0,17.29
21.5833,82.75,42.41,13.12,17.41
21.5833,82.9167,42.65,13.16,17.65
21.5833,83.0833,42.62,13.24,17.62
21.5833,83.25,42.4,13.0,17.4
21.5833,83.4167,42.4,13.21,17.4
21.5833,83.5833,41.47,13.2,16.47
21.5833,83.75,40.62,13.97,15.62
21.5833,83.9167,40.9,13.76,15.9
21.5833,84.0833,41.32,12.48,16.32
21.5833,84.25,40.63,12.43,15.63
21.5833,84.4167,40.03,12.36,15.03
21.5833,84.5833,38.94,12.34,13.94
21.5833,84.75,38.9,12.54,13.9
21.5833,84.9167,39.59,13.09,14.59
21.5833,85.0833,38.53,12.98,13.53
21.5833,85.25,36.98,11.89,11.98
21.5833,85.4167,36.2,11.02,11.2
21.5833,85.5833,36.1,11.26,11.1
21.5833,85.75,36.89,11.98,11.89
21.5833,85.9167,36.88,12.33,11.88
21.5833,86.0833,36.25,12.34,11.25
21.5833,86.25,33.7,11.25,8.7
21.5833,86.4167,34.43,12.21,9.43
21.5833,86.5833,36.65,13.65,11.65
21.5833,86.75,36.49,13.76,11.49
21.5833,86.9167,36.06,13.87,11.06
21.5833,87.0833,35.73,14.12,10.73
21.5833,87.25,35.21,14.4,10.21
21.5833,87.4167,34.54,14.72,9.54
21.5833,87.5833,34.2,14.9,9.2
21.5833,87.75,33.76,15.02,8.76
21.5833,88.0833,33.23,15.1,8.23
21.5833,88.25,33.0,15.27,8.0
21.5833,88.4167,32.77,15.19,7.77
21.5833,88.5833,32.6,15.16,7.6
21.5833,88.75,32.61,15.27,7.61
21.5833,88.9167,32.66,14.94,7.66
21.5833,89.0833,32.65,14.51,7.65
21.5833,89.25,32.6,14.59,7.6
21.5833,91.9167,32.12,14.94,7.12
21.5833,92.0833,32.25,14.48,7.25
21.5833,92.25,31.86,14.01,6.86
21.5833,92.4167,31.6,13.66,6.6
21.5833,92.5833,31.11,13.29,6.11
21.5833,92.75,31.64,13.46,6.64
21.5833,92.9167,30.75,12.84,5.75
21.5833,93.0833,30.85,12.57,5.85
21.5833,93.25,30.68,11.89,5.68
21.5833,93.4167,28.38,9.61,3.38
21.5833,93.5833,24.18,5.98,0.0
21.5833,93.75,23.47,5.22,0.0
21.5833,93.9167,28.17,8.78,3.17
21.5833,94.0833,33.31,11.91,8.31
21.5833,94.25,34.32,12.36,9.32
21.5833,94.4167,36.4,13.4,11.4
21.5833,94.5833,36.83,13.34,11.83
21.5833,94.75,37.16,13.14,12.16
21.5833,94.9167,38.28,13.32,13.28
21.5833,95.0833,38.86,13.74,13.86
21.5833,95.25,38.75,13.76,13.75
21.5833,95.4167,39.49,13.46,14.49
21.5833,95.5833,39.2,13.15,14.2
21.5833,95.75,39.04,12.84,14.04
21.5833,95.9167,38.93,13.29,13.93
21.5833,96.0833,38.21,13.35,13.21
21.5833,96.25,37.57,12.99,12.57
21.5833,96.4167,35.53,11.55,10.53
21.5833,96.5833,33.41,10.05,8.41
21.5833,96.75,32.25,9.15,7.25
21.5833,96.9167,33.71,9.51,8.71
21.4167,69.75,33.37,14.1,8.37
21.4167,69.9167,34.14,13.81,9.14
21.4167,70.0833,35.02,13.67,10.02
21.4167,70.25,35.36,13.34,10.36
21.4167,70.4167,35.6,13.25,10.6
21.4167,70.5833,35.61,13.01,10.61
21.4167,70.75,36.42,12.6,11.42
21.4167,70.9167,36.48,12.28,11.48
21.4167,71.0833,37.06,12.31,12.06
21.4167,71.25,37.93,12.23,12.93
21.4167,71.4167,38.37,12.12,13.37
21.4167,71.5833,38.61,12.12,13.61
21.4167,71.75,38.12,12.66,13.12
21.4167,71.9167,38.53,12.3,13.53
21.4167,72.0833,38.55,12.26,13.55
21.4167,72.25,38.42,12.42,13.42
21.4167,72.5833,36.97,12.98,11.97
21.4167,72.75,37.67,12.66,12.67
21.4167,72.9167,37.74,12.7,12.74
21.4167,73.0833,38.26,12.76,13.26
21.4167,73.25,39.49,12.74,14.49
21.4167,73.4167,39.13,12.59,14.13
21.4167,73.5833,39.14,12.18,14.14
21.4167,73.75,39.64,13.08,14.64
21.4167,73.9167,39.51,13.26,14.51
21.4167,74.0833,40.65,12.78,15.65
21.4167,74.25,40.83,12.74,15.83
21.4167,74.4167,41.29,12.81,16.29
21.4167,74.5833,41.7,12.77,16.7
21.4167,74.75,41.66,12.87,16.66
21.4167,74.9167,41.81,13.07,16.81
21.4167,75.0833,41.99,12.88,16.99
21.4167,75.25,41.62,12.68,16.62
21.4167,75.4167,41.36,12.32,16.36
21.4167,75.5833,39.96,11.64,14.96
21.4167,75.75,39.54,11.37,14.54
21.4167,75.9167,40.95,12.13,15.95
21.4167,76.0833,41.2,12.48,16.2
21.4167,76.25,42.06,12.98,17.06
21.4167,76.4167,42.26,13.03,17.26
21.4167,76.5833,42.29,12.88,17.29
21.4167,76.75,42.37,12.97,17.37
21.4167,76.9167,41.46,12.96,16.46
21.4167,77.0833,40.05,12.68,15.05
21.4167,77.25,38.67,12.25,13.67
21.4167,77.4167,38.97,12.09,13.97
21.4167,77.5833,40.28,12.55,15.28
21.4167,77.75,40.91,12.84,15.91
21.4167,77.9167,40.93,12.87,15.93
21.4167,78.0833,41.32,13.13,16.32
21.4167,78.25,42.01,12.48,17.01
21.4167,78.4167,42.11,12.25,17.11
21.4167,78.5833,42.02,12.12,17.02
21.4167,78.75,42.14,12.17,17.14
21.4167,78.9167,42.54,12.16,17.54
21.4167,79.0833,42.19,12.37,17.19
21.4167,79.25,42.03,12.44,17.03
21.4167,79.4167,41.75,12.5,16.75
21.4167,79.5833,41.97,12.52,16.97
21.4167,79.75,42.37,12.57,17.37
21.4167,79.9167,42.35,12.5,17.35
21.4167,80.0833,41.84,12.46,16.84
21.4167,80.25,42.02,12.29,17.02
21.4167,80.4167,41.58,12.14,16.58
21.4167,80.5833,40.99,12.06,15.99
21.4167,80.75,39.9,11.54,14.9
21.4167,80.9167,42.4,11.98,17.4
21.4167,81.0833,42.96,11.98,17.96
21.4167,81.25,42.96,12.14,17.96
21.4167,81.4167,42.76,12.31,17.76
21.4167,81.5833,42.62,12.37,17.62
21.4167,81.75,42.54,12.47,17.54
21.4167,81.9167,42.49,12.57,17.49
21.4167,82.0833,42.59,12.46,17.59
21.4167,82.25,42.18,12.9,17.18
21.4167,82.4167,41.49,12.68,16.49
21.4167,82.5833,41.35,12.84,16.35
21.4167,82.75,42.04,12.75,17.04
21.4167,82.9167,42.14,12.83,17.14
21.4167,83.0833,42.14,13.01,17.14
21.4167,83.25,42.05,13.11,17.05
21.4167,83.4167,42.39,12.86,17.39
21.4167,83.5833,41.99,12.79,16.99
21.4167,83.75,41.03,12.77,16.03
21.4167,83.9167,41.23,12.88,16.23
21.4167,84.0833,41.24,12.56,16.24
21.4167,84.25,40.53,12.55,15.53
21.4167,84.4167,38.35,12.26,13.35
21.4167,84.5833,39.56,12.69,14.56
21.4167,84.75,40.08,12.94,15.08
21.4167,84.9167,39.56,14.18,14.56
21.4167,85.0833,39.53,13.83,14.53
21.4167,85.25,38.37,13.14,13.37
21.4167,85.4167,37.71,12.73,12.71
21.4167,85.5833,35.94,11.69,10.94
21.4167,85.75,36.58,12.11,11.58
21.4167,85.9167,36.58,12.72,11.58
21.4167,86.0833,36.32,13.06,11.32
21.4167,86.25,35.83,13.11,10.83
21.4167,86.4167,35.97,13.35,10.97
21.4167,86.5833,35.43,13.47,10.43
21.4167,86.75,35.74,13.86,10.74
21.4167,86.9167,35.79,14.14,10.79
21.4167,87.0833,35.41,14.36,10.41
21.4167,91.9167,32.2,14.94,7.2
21.4167,92.0833,32.2,14.47,7.2
21.4167,92.25,32.07,14.17,7.07
21.4167,92.4167,31.37,13.87,6.37
21.4167,92.5833,30.99,13.49,5.99
21.4167,92.75,31.74,13.63,6.74
21.4167,92.9167,31.79,13.42,6.79
21.4167,93.0833,31.61,13.13,6.61
21.4167,93.25,30.77,12.28,5.77
21.4167,93.4167,28.08,9.89,3.08
21.4167,93.5833,26.49,7.87,1.49
21.4167,93.75,24.63,5.82,0.0
21.4167,93.9167,28.09,8.36,3.09
21.4167,94.0833,33.58,12.07,8.58
21.4167,94.25,35.65,12.91,10.65
21.4167,94.4167,37.08,13.75,12.08
21.4167,94.5833,37.8,13.96,12.8
21.4167,94.75,37.88,13.73,12.88
21.4167,94.9167,38.83,13.78,13.83
21.4167,95.0833,39.29,13.94,14.29
21.4167,95.25,38.89,13.89,13.89
21.4167,95.4167,39.49,13.55,14.49
21.4167,95.5833,39.41,13.12,14.41
21.4167,95.75,39.15,13.13,14.15
21.4167,95.9167,38.78,13.49,13.78
21.4167,96.0833,38.35,13.5,13.35
21.4167,96.25,37.73,13.36,12.73
21.4167,96.4167,35.73,11.82,10.73
21.4167,96.5833,33.18,10.09,8.18
21.4167,96.75,31.02,7.54,6.02
21.4167,96.9167,32.69,8.43,7.69
21.25,69.9167,33.59,13.92,8.59
21.25,70.0833,34.42,13.84,9.42
21.25,70.25,35.21,13.67,10.21
21.25,70.4167,35.32,13.45,10.32
21.25,70.5833,35.05,13.27,10.05
21.25,70.75,35.19,13.01,10.19
21.25,70.9167,35.48,12.48,10.48
21.25,71.0833,36.44,12.54,11.44
21.25,71.25,37.11,12.73,12.11
21.25,71.4167,37.82,12.88,12.82
21.25,71.5833,38.03,12.92,13.03
21.25,71.75,38.31,12.89,13.31
21.25,71.9167,38.16,12.68,13.16
21.25,72.0833,37.63,12.64,12.63
21.25,72.5833,36.97,13.2,11.97
21.25,72.75,37.2,13.07,12.2
21.25,72.9167,37.14,13.2,12.14
21.25,73.0833,37.39,12.99,12.39
21.25,73.25,37.86,12.98,12.86
21.25,73.4167,38.4,13.0,13.4
21.25,73.5833,38.4,13.53,13.4
21.25,73.75,38.32,13.74,13.32
21.25,73.9167,40.32,12.86,15.32
21.25,74.0833,39.83,12.46,14.83
21.25,74.25,39.58,12.09,14.58
21.25,74.4167,40.54,12.49,15.54
21.25,74.5833,41.49,12.8,16.49
21.25,74.75,42.09,12.78,17.09
21.25,74.9167,41.98,12.9,16.98
21.25,75.0833,41.71,13.16,16.71
21.25,75.25,42.15,13.02,17.15
21.25,75.4167,41.77,13.0,16.77
21.25,75.5833,41.11,12.92,16.11
21.25,75.75,41.32,13.07,16.32
21.25,75.9167,41.53,13.13,16.53
21.25,76.0833,41.71,13.05,16.71
21.25,76.25,41.97,13.08,16.97
21.25,76.4167,42.13,13.31,17.13
21.25,76.5833,40.8,13.31,15.8
21.25,76.75,40.49,13.3,15.49
21.25,76.9167,40.01,13.01,15.01
21.25,77.0833,39.61,13.07,14.61
21.25,77.25,40.9,13.26,15.9
21.25,77.4167,41.94,13.39,16.94
21.25,77.5833,42.3,13.29,17.3
21.25,77.75,42.39,13.19,17.39
21.25,77.9167,42.75,13.05,17.75
21.25,78.0833,42.22,13.56,17.22
21.25,78.25,42.26,12.99,17.26
21.25,78.4167,42.02,12.64,17.02
21.25,78.5833,41.8,12.41,16.8
21.25,78.75,42.06,12.33,17.06
21.25,78.9167,42.69,12.13,17.69
21.25,79.0833,42.55,12.48,17.55
21.25,79.25,42.58,12.39,17.58
21.25,79.4167,42.53,12.4,17.53
21.25,79.5833,42.51,12.52,17.51
21.25,79.75,42.53,12.55,17.53
21.25,79.9167,41.73,12.57,16.73
21.25,80.0833,41.47,12.44,16.47
21.25,80.25,41.65,12.28,16.65
21.25,80.4167,41.53,12.23,16.53
21.25,80.5833,41.06,12.06,16.06
21.25,80.75,40.99,12.01,15.99
21.25,80.9167,42.51,12.1,17.51
21.25,81.0833,42.69,12.23,17.69
21.25,81.25,42.46,12.37,17.46
21.25,81.4167,42.33,12.53,17.33
21.25,81.5833,42.19,12.65,17.19
21.25,81.75,42.33,12.5,17.33
21.25,81.9167,41.92,12.37,16.92
21.25,82.0833,41.97,12.53,16.97
21.25,82.25,41.62,12.83,16.62
21.25,82.4167,41.63,12.56,16.63
21.25,82.5833,42.06,12.74,17.06
21.25,82.75,41.9,12.75,16.9
21.25,82.9167,42.29,12.79,17.29
21.25,83.0833,42.4,12.88,17.4
21.25,83.25,42.0,12.97,17.0
21.25,83.4167,42.23,12.89,17.23
21.25,83.5833,41.39,12.86,16.39
21.25,83.75,40.76,12.81,15.76
21.25,83.9167,41.12,13.03,16.12
21.25,84.0833,41.14,12.75,16.14
21.25,84.25,39.79,12.83,14.79
21.25,84.4167,39.82,12.81,14.82
21.25,84.5833,39.94,12.92,14.94
21.25,84.75,40.04,13.11,15.04
21.25,84.9167,39.83,13.53,14.83
21.25,85.0833,39.42,13.98,14.42
21.25,85.25,39.06,13.48,14.06
21.25,85.4167,38.1,13.35,13.1
21.25,85.5833,36.69,13.03,11.69
21.25,85.75,35.66,12.28,10.66
21.25,85.9167,36.75,13.24,11.75
21.25,86.0833,37.07,13.83,12.07
21.25,86.25,36.32,14.02,11.32
21.25,86.4167,36.45,14.03,11.45
21.25,86.5833,36.32,14.15,11.32
21.25,86.75,36.07,14.26,11.07
21.25,86.9167,35.65,14.38,10.65
21.25,92.0833,32.08,14.56,7.08
21.25,92.25,32.11,14.46,7.11
21.25,92.4167,31.5,14.06,6.5
21.25,92.5833,31.23,13.79,6.23
21.25,92.75,31.11,13.62,6.11
21.25,92.9167,32.3,13.94,7.3
21.25,93.0833,32.08,13.56,7.08
21.25,93.25,31.32,12.85,6.32
21.25,93.4167,30.11,11.75,5.11
21.25,93.5833,28.95,10.01,3.95
21.25,93.75,26.64,7.58,1.64
21.25,93.9167,24.1,5.51,0.0
21.25,94.0833,31.46,10.86,6.46
21.25,94.25,35.47,13.11,10.47
21.25,94.4167,36.32,13.41,11.32
21.25,94.5833,37.18,13.84,12.18
21.25,94.75,38.16,14.19,13.16
21.25,94.9167,38.57,14.16,13.57
21.25,95.0833,38.59,13.92,13.59
21.25,95.25,39.15,13.49,14.15
21.25,95.4167,39.45,13.58,14.45
21.25,95.5833,39.12,13.22,14.12
21.25,95.75,39.04,13.45,14.04
21.25,95.9167,38.87,13.64,13.87
21.25,96.0833,38.18,13.68,13.18
21.25,96.25,37.23,13.2,12.23
21.25,96.4167,31.3,8.26,6.3
21.25,96.5833,30.01,7.35,5.01
21.25,96.75,31.59,7.11,6.59
21.25,96.9167,32.71,7.64,7.71
21.0833,70.0833,33.96,14.34,8.96
21.0833,70.25,34.31,14.16,9.31
21.0833,70.4167,34.84,14.04,9.84
21.0833,70.5833,34.57,13.97,9.57
21.0833,70.75,34.52,13.8,9.52
21.0833,70.9167,34.99,13.72,9.99
21.0833,71.0833,35.98,13.75,10.98
21.0833,71.25,37.16,13.86,12.16
21.0833,71.4167,37.9,13.72,12.9
21.0833,71.5833,37.86,13.68,12.86
21.0833,71.75,37.79,13.46,12.79
21.0833,71.9167,37.42,13.19,12.42
21.0833,72.0833,37.05,13.02,12.05
21.0833,72.5833,36.72,13.64,11.72
21.0833,72.75,36.88,13.66,11.88
21.0833,72.9167,37.12,13.38,12.12
21.0833,73.0833,37.1,13.14,12.1
21.0833,73.25,37.42,13.01,12.42
21.0833,73.4167,38.54,12.99,13.54
21.0833,73.5833,39.27,12.91,14.27
21.0833,73.75,39.12,12.63,14.12
21.0833,73.9167,39.38,12.34,14.38
21.0833,74.0833,38.38,11.21,13.38
21.0833,74.25,39.15,11.47,14.15
21.0833,74.4167,40.12,12.23,15.12
21.0833,74.5833,41.29,12.52,16.29
21.0833,74.75,41.86,12.87,16.86
21.0833,74.9167,42.39,12.84,17.39
21.0833,75.0833,42.45,12.87,17.45
21.0833,75.25,42.43,12.85,17.43
21.0833,75.4167,42.27,12.91,17.27
21.0833,75.5833,42.31,13.0,17.31
21.0833,75.75,42.21,13.23,17.21
21.0833,75.9167,41.58,13.43,16.58
21.0833,76.0833,41.54,13.79,16.54
21.0833,76.25,41.72,13.98,16.72
21.0833,76.4167,41.25,13.89,16.25
21.0833,76.5833,41.84,13.78,16.84
21.0833,76.75,42.27,13.77,17.27
21.0833,76.9167,42.5,13.67,17.5
21.0833,77.0833,42.65,13.65,17.65
21.0833,77.25,42.95,13.59,17.95
21.0833,77.4167,43.03,13.62,18.03
21.0833,77.5833,43.09,13.62,18.09
21.0833,77.75,43.11,13.54,18.11
21.0833,77.9167,42.93,13.53,17.93
21.0833,78.0833,42.9,13.45,17.9
21.0833,78.25,42.31,13.52,17.31
21.0833,78.4167,42.05,12.84,17.05
21.0833,78.5833,41.81,12.5,16.81
21.0833,78.75,42.1,12.58,17.1
21.0833,78.9167,42.74,12.56,17.74
21.0833,79.0833,42.63,12.94,17.63
21.0833,79.25,42.93,12.35,17.93
21.0833,79.4167,42.87,12.37,17.87
21.0833,79.5833,42.65,12.6,17.65
21.0833,79.75,42.3,12.58,17.3
21.0833,79.9167,42.38,12.47,17.38
21.0833,80.0833,42.21,12.47,17.21
21.0833,80.25,41.49,12.29,16.49
21.0833,80.4167,41.5,12.26,16.5
21.0833,80.5833,41.74,12.05,16.74
21.0833,80.75,42.34,12.06,17.34
21.0833,80.9167,42.55,12.13,17.55
21.0833,81.0833,42.39,12.17,17.39
21.0833,81.25,42.28,12.22,17.28
21.0833,81.4167,42.01,12.33,17.01
21.0833,81.5833,41.74,12.23,16.74
21.0833,81.75,41.79,12.4,16.79
21.0833,81.9167,41.68,12.4,16.68
21.0833,82.0833,41.8,12.58,16.8
21.0833,82.25,41.4,12.6,16.4
21.0833,82.4167,41.59,12.52,16.59
21.0833,82.5833,41.97,12.67,16.97
21.0833,82.75,41.99,12.89,16.99
21.0833,82.9167,42.14,13.09,17.14
21.0833,83.0833,42.04,13.19,17.04
21.0833,83.25,42.11,13.21,17.11
21.0833,83.4167,42.22,13.06,17.22
21.0833,83.5833,41.05,13.04,16.05
21.0833,83.75,40.69,13.09,15.69
21.0833,83.9167,41.12,13.2,16.12
21.0833,84.0833,40.99,13.06,15.99
21.0833,84.25,40.49,13.07,15.49
21.0833,84.4167,39.89,13.05,14.89
21.0833,84.5833,38.65,12.89,13.65
21.0833,84.75,39.34,13.08,14.34
21.0833,84.9167,40.11,13.33,15.11
21.0833,85.0833,39.54,13.75,14.54
21.0833,85.25,38.99,13.72,13.99
21.0833,85.4167,38.18,13.63,13.18
21.0833,85.5833,37.43,13.97,12.43
21.0833,85.75,36.02,13.41,11.02
21.0833,85.9167,36.52,13.77,11.52
21.0833,86.0833,37.09,14.08,12.09
21.0833,86.25,36.86,14.15,11.86
21.0833,86.4167,36.59,14.27,11.59
21.0833,86.5833,36.22,14.42,11.22
21.0833,86.75,36.0,14.58,11.0
21.0833,86.9167,35.62,15.09,10.62
21.0833,92.0833,31.93,14.68,6.93
21.0833,92.25,32.17,15.02,7.17
21.0833,92.4167,32.06,14.54,7.06
21.0833,92.5833,31.88,14.01,6.88
21.0833,92.75,30.99,13.71,5.99
21.0833,92.9167,32.7,14.3,7.7
21.0833,93.0833,32.05,13.81,7.05
21.0833,93.25,31.66,13.33,6.66
21.0833,93.4167,30.9,12.38,5.9
21.0833,93.5833,29.26,10.6,4.26
21.0833,93.75,28.61,9.36,3.61
21.0833,93.9167,26.06,7.32,1.06
21.0833,94.0833,31.78,11.16,6.78
21.0833,94.25,34.35,12.72,9.35
21.0833,94.4167,35.85,13.41,10.85
21.0833,94.5833,37.06,13.93,12.06
21.0833,94.75,38.15,14.44,13.15
21.0833,94.9167,38.7,13.99,13.7
21.0833,95.0833,37.93,12.97,12.93
21.0833,95.25,38.59,13.02,13.59
21.0833,95.4167,39.02,13.49,14.02
21.0833,95.5833,38.96,13.1,13.96
21.0833,95.75,39.06,13.42,14.06
21.0833,95.9167,39.0,13.85,14.0
21.0833,96.0833,38.64,13.84,13.64
21.0833,96.25,35.82,12.55,10.82
21.0833,96.4167,32.99,9.56,7.99
21.0833,96.5833,28.52,5.81,3.52
21.0833,96.75,32.13,7.36,7.13
21.0833,96.9167,32.74,7.57,7.74
20.9167,70.25,33.78,14.45,8.78
20.9167,70.4167,34.13,14.51,9.13
20.9167,70.5833,34.68,14.44,9.68
20.9167,70.75,35.23,14.55,10.23
20.9167,70.9167,35.96,14.7,10.96
20.9167,71.0833,36.46,14.6,11.46
20.9167,71.25,36.9,14.64,11.9
20.9167,71.4167,36.58,14.51,11.58
20.9167,71.5833,35.41,14.56,10.41
20.9167,72.75,36.32,13.57,11.32
20.9167,72.9167,36.54,13.52,11.54
20.9167,73.0833,36.76,13.25,11.76
20.9167,73.25,37.4,13.09,12.4
20.9167,73.4167,38.36,13.08,13.36
20.9167,73.5833,38.22,12.77,13.22
20.9167,73.75,38.36,12.14,13.36
20.9167,73.9167,38.22,11.26,13.22
20.9167,74.0833,38.13,10.89,13.13
20.9167,74.25,39.05,11.37,14.05
20.9167,74.4167,39.99,11.99,14.99
20.9167,74.5833,41.08,12.37,16.08
20.9167,74.75,41.66,12.82,16.66
20.9167,74.9167,42.19,12.83,17.19
20.9167,75.0833,42.47,12.9,17.47
20.9167,75.25,42.49,12.99,17.49
20.9167,75.4167,42.45,13.2,17.45
20.9167,75.5833,42.4,13.4,17.4
20.9167,75.75,42.43,13.49,17.43
20.9167,75.9167,42.24,13.45,17.24
20.9167,76.0833,42.31,13.45,17.31
20.9167,76.25,42.36,13.6,17.36
20.9167,76.4167,42.42,13.6,17.42
20.9167,76.5833,42.58,13.63,17.58
20.9167,76.75,42.69,13.75,17.69
20.9167,76.9167,42.91,13.8,17.91
20.9167,77.0833,43.0,13.82,18.0
20.9167,77.25,43.08,13.84,18.08
20.9167,77.4167,43.24,13.9,18.24
20.9167,77.5833,43.21,13.91,18.21
20.9167,77.75,42.75,14.44,17.75
20.9167,77.9167,42.67,14.05,17.67
20.9167,78.0833,42.94,13.78,17.94
20.9167,78.25,42.84,13.84,17.84
20.9167,78.4167,42.83,13.61,17.83
20.9167,78.5833,42.65,13.35,17.65
20.9167,78.75,42.47,13.25,17.47
20.9167,78.9167,43.2,12.82,18.2
20.9167,79.0833,42.82,12.91,17.82
20.9167,79.25,43.13,12.43,18.13
20.9167,79.4167,42.74,12.43,17.74
20.9167,79.5833,42.55,12.67,17.55
20.9167,79.75,42.44,12.52,17.44
20.9167,79.9167,42.36,12.47,17.36
20.9167,80.0833,41.81,12.65,16.81
20.9167,80.25,41.17,12.7,16.17
20.9167,80.4167,41.45,11.96,16.45
20.9167,80.5833,41.82,11.98,16.82
20.9167,80.75,42.07,12.16,17.07
20.9167,80.9167,41.96,12.19,16.96
20.9167,81.0833,42.15,12.04,17.15
20.9167,81.25,42.17,12.07,17.17
20.9167,81.4167,42.04,12.06,17.04
20.9167,81.5833,41.46,12.11,16.46
20.9167,81.75,41.18,12.18,16.18
20.9167,81.9167,41.3,12.19,16.3
20.9167,82.0833,41.45,12.44,16.45
20.9167,82.25,41.3,12.43,16.3
20.9167,82.4167,41.52,12.48,16.52
20.9167,82.5833,41.76,12.56,16.76
20.9167,82.75,41.38,12.83,16.38
20.9167,82.9167,40.56,12.93,15.56
20.9167,83.0833,41.64,13.24,16.64
20.9167,83.25,41.95,13.33,16.95
20.9167,83.4167,42.18,13.3,17.18
20.9167,83.5833,41.9,13.34,16.9
20.9167,83.75,41.69,13.34,16.69
20.9167,83.9167,41.5,13.56,16.5
20.9167,84.0833,41.69,13.5,16.69
20.9167,84.25,41.03,13.6,16.03
20.9167,84.4167,40.64,13.48,15.64
20.9167,84.5833,39.9,13.19,14.9
20.9167,84.75,39.08,12.9,14.08
20.9167,84.9167,39.37,13.29,14.37
20.9167,85.0833,39.52,13.72,14.52
20.9167,85.25,39.22,14.0,14.22
20.9167,85.4167,38.35,13.93,13.35
20.9167,85.5833,37.83,14.1,12.83
20.9167,85.75,37.47,14.25,12.47
20.9167,85.9167,37.21,14.36,12.21
20.9167,86.0833,36.88,14.42,11.88
20.9167,86.25,36.5,14.4,11.5
20.9167,86.4167,36.46,14.47,11.46
20.9167,86.5833,36.3,14.56,11.3
20.9167,86.75,36.0,14.68,11.0
20.9167,86.9167,35.52,15.15,10.52
20.9167,92.25,32.07,15.35,7.07
20.9167,92.4167,32.23,14.74,7.23
20.9167,92.5833,32.39,14.36,7.39
20.9167,92.75,31.43,13.77,6.43
20.9167,92.9167,32.94,14.35,7.94
20.9167,93.0833,32.98,14.2,7.98
20.9167,93.25,32.18,13.65,7.18
20.9167,93.4167,30.97,12.72,5.97
20.9167,93.5833,29.75,11.37,4.75
20.9167,93.75,28.9,9.98,3.9
20.9167,93.9167,30.03,10.28,5.03
20.9167,94.0833,33.0,12.05,8.0
20.9167,94.25,34.63,13.01,9.63
20.9167,94.4167,36.56,13.86,11.56
20.9167,94.5833,37.5,14.16,12.5
20.9167,94.75,38.44,14.5,13.44
20.9167,94.9167,38.79,13.88,13.79
20.9167,95.0833,37.69,12.88,12.69
20.9167,95.25,36.7,12.47,11.7
20.9167,95.4167,38.03,12.85,13.03
20.9167,95.5833,38.45,12.91,13.45
20.9167,95.75,38.84,13.46,13.84
20.9167,95.9167,38.6,13.91,13.6
20.9167,96.0833,38.83,13.94,13.83
20.9167,96.25,35.55,11.96,10.55
20.9167,96.4167,34.95,11.51,9.95
20.9167,96.5833,30.04,6.15,5.04
20.9167,96.75,31.15,6.42,6.15
20.9167,96.9167,33.09,7.79,8.09
20.75,70.4167,34.3,14.7,9.3
20.75,70.5833,34.41,14.86,9.41
20.75,70.75,34.85,15.16,9.85
20.75,70.9167,35.37,15.46,10.37
20.75,71.0833,35.87,15.14,10.87
20.75,71.25,35.73,15.1,10.73
20.75,72.75,35.5,14.87,10.5
20.75,72.9167,36.68,13.73,11.68
20.75,73.0833,36.9,13.41,11.9
20.75,73.25,37.72,13.29,12.72
20.75,73.4167,38.02,13.07,13.02
20.75,73.5833,38.03,12.69,13.03
20.75,73.75,37.6,11.87,12.6
20.75,73.9167,36.68,10.56,11.68
20.75,74.0833,37.4,10.41,12.4
20.75,74.25,38.62,10.86,13.62
20.75,74.4167,39.66,11.54,14.66
20.75,74.5833,40.62,12.22,15.62
20.75,74.75,41.37,12.58,16.37
20.75,74.9167,41.97,12.74,16.97
20.75,75.0833,42.12,13.02,17.12
20.75,75.25,42.22,12.89,17.22
20.75,75.4167,42.32,13.08,17.32
20.75,75.5833,42.33,13.13,17.33
20.75,75.75,42.25,13.3,17.25
20.75,75.9167,41.89,13.44,16.89
20.75,76.0833,41.96,13.53,16.96
20.75,76.25,41.9,13.76,16.9
20.75,76.4167,42.09,13.86,17.09
20.75,76.5833,42.34,14.02,17.34
20.75,76.75,42.47,13.94,17.47
20.75,76.9167,42.68,14.03,17.68
20.75,77.0833,42.8,14.04,17.8
20.75,77.25,42.9,13.96,17.9
20.75,77.4167,43.06,13.99,18.06
20.75,77.5833,43.09,14.08,18.09
20.75,77.75,43.03,14.12,18.03
20.75,77.9167,43.16,14.08,18.16
20.75,78.0833,43.16,14.06,18.16
20.75,78.25,43.31,13.89,18.31
20.75,78.4167,43.36,13.75,18.36
20.75,78.5833,43.41,13.43,18.41
20.75,78.75,43.47,13.07,18.47
20.75,78.9167,43.6,12.91,18.6
20.75,79.0833,43.19,12.92,18.19
20.75,79.25,43.06,12.7,18.06
20.75,79.4167,42.99,12.3,17.99
20.75,79.5833,42.64,12.45,17.64
20.75,79.75,42.12,12.42,17.12
20.75,79.9167,41.78,12.43,16.78
20.75,80.0833,41.54,12.5,16.54
20.75,80.25,41.33,12.63,16.33
20.75,80.4167,41.06,12.01,16.06
20.75,80.5833,41.56,11.97,16.56
20.75,80.75,41.74,12.02,16.74
20.75,80.9167,41.38,12.12,16.38
20.75,81.0833,41.38,12.3,16.38
20.75,81.25,41.24,12.2,16.24
20.75,81.4167,41.48,11.96,16.48
20.75,81.5833,40.96,12.0,15.96
20.75,81.75,41.22,12.09,16.22
20.75,81.9167,41.31,12.3,16.31
20.75,82.0833,40.94,12.36,15.94
20.75,82.25,41.1,12.32,16.1
20.75,82.4167,40.82,12.52,15.82
20.75,82.5833,41.28,12.64,16.28
20.75,82.75,41.08,12.82,16.08
20.75,82.9167,41.54,12.77,16.54
20.75,83.0833,41.71,12.99,16.71
20.75,83.25,41.72,13.17,16.72
20.75,83.4167,41.61,13.37,16.61
20.75,83.5833,41.96,13.52,16.96
20.75,83.75,41.69,13.54,16.69
20.75,83.9167,41.39,13.64,16.39
20.75,84.0833,41.2,13.62,16.2
20.75,84.25,40.68,13.56,15.68
20.75,84.4167,40.39,13.91,15.39
20.75,84.5833,38.8,13.56,13.8
20.75,84.75,38.32,13.06,13.32
20.75,84.9167,37.77,13.16,12.77
20.75,85.0833,39.09,13.68,14.09
20.75,85.25,38.93,13.93,13.93
20.75,85.4167,38.13,14.12,13.13
20.75,85.5833,37.59,14.34,12.59
20.75,85.75,36.77,14.3,11.77
20.75,85.9167,36.38,14.36,11.38
20.75,86.0833,36.49,14.69,11.49
20.75,86.25,36.23,14.53,11.23
20.75,86.4167,36.17,14.66,11.17
20.75,86.5833,36.12,14.78,11.12
20.75,86.75,35.61,15.13,10.61
20.75,86.9167,34.94,15.46,9.94
20.75,87.0833,34.26,16.46,9.26
20.75,92.25,32.23,15.59,7.23
20.75,92.4167,32.19,14.92,7.19
20.75,92.5833,32.67,14.7,7.67
20.75,92.75,31.85,14.24,6.85
20.75,92.9167,33.13,14.36,8.13
20.75,93.0833,34.08,14.26,9.08
20.75,93.25,32.87,14.14,7.87
20.75,93.4167,31.85,13.37,6.85
20.75,93.5833,30.0,11.78,5.0
20.75,93.75,29.43,10.73,4.43
20.75,93.9167,30.09,10.71,5.09
20.75,94.0833,33.51,12.74,8.51
20.75,94.25,35.32,13.29,10.32
20.75,94.4167,36.97,14.01,11.97
20.75,94.5833,38.05,14.4,13.05
20.75,94.75,38.5,14.3,13.5
20.75,94.9167,38.74,13.43,13.74
20.75,95.0833,38.59,13.0,13.59
20.75,95.25,38.32,13.33,13.32
20.75,95.4167,38.34,13.23,13.34
20.75,95.5833,38.33,12.97,13.33
20.75,95.75,38.68,13.49,13.68
20.75,95.9167,38.63,13.79,13.63
20.75,96.0833,38.65,13.93,13.65
20.75,96.25,37.41,13.02,12.41
20.75,96.4167,34.98,11.4,9.98
20.75,96.5833,30.89,6.71,5.89
20.75,96.75,31.08,6.19,6.08
20.75,96.9167,32.62,7.94,7.62
20.5833,72.9167,36.46,13.79,11.46
20.5833,73.0833,36.92,13.49,11.92
20.5833,73.25,37.65,13.44,12.65
20.5833,73.4167,37.69,12.91,12.69
20.5833,73.5833,37.7,12.19,12.7
20.5833,73.75,36.68,11.2,11.68
20.5833,73.9167,36.64,10.62,11.64
20.5833,74.0833,37.93,10.93,12.93
20.5833,74.25,39.23,11.32,14.23
20.5833,74.4167,40.4,11.54,15.4
20.5833,74.5833,40.99,12.08,15.99
20.5833,74.75,41.3,12.48,16.3
20.5833,74.9167,41.63,12.61,16.63
20.5833,75.0833,41.73,12.71,16.73
20.5833,75.25,41.98,12.99,16.98
20.5833,75.4167,42.08,13.08,17.08
20.5833,75.5833,41.32,13.18,16.32
20.5833,75.75,41.1,13.26,16.1
20.5833,75.9167,40.92,13.51,15.92
20.5833,76.0833,40.61,13.61,15.61
20.5833,76.25,40.57,13.96,15.57
20.5833,76.4167,40.89,14.26,15.89
20.5833,76.5833,41.76,14.15,16.76
20.5833,76.75,42.19,14.02,17.19
20.5833,76.9167,42.33,13.94,17.33
20.5833,77.0833,42.44,14.05,17.44
20.5833,77.25,42.58,14.05,17.58
20.5833,77.4167,42.45,14.12,17.45
20.5833,77.5833,42.61,13.98,17.61
20.5833,77.75,42.9,14.14,17.9
20.5833,77.9167,43.18,14.19,18.18
20.5833,78.0833,43.0,14.32,18.0
20.5833,78.25,43.49,13.95,18.49
20.5833,78.4167,43.58,13.76,18.58
20.5833,78.5833,43.74,13.47,18.74
20.5833,78.75,43.76,13.21,18.76
20.5833,78.9167,43.66,13.01,18.66
20.5833,79.0833,43.55,12.87,18.55
20.5833,79.25,42.95,12.73,17.95
20.5833,79.4167,43.04,12.49,18.04
20.5833,79.5833,42.47,12.9,17.47
20.5833,79.75,42.68,12.47,17.68
20.5833,79.9167,42.37,12.41,17.37
20.5833,80.0833,41.98,12.49,16.98
20.5833,80.25,42.0,12.48,17.0
20.5833,80.4167,40.98,12.21,15.98
20.5833,80.5833,40.91,11.78,15.91
20.5833,80.75,41.24,11.9,16.24
20.5833,80.9167,41.17,11.81,16.17
20.5833,81.0833,41.1,12.02,16.1
20.5833,81.25,40.9,12.09,15.9
20.5833,81.4167,40.96,12.25,15.96
20.5833,81.5833,40.62,12.59,15.62
20.5833,81.75,40.99,12.1,15.99
20.5833,81.9167,40.65,11.95,15.65
20.5833,82.0833,40.68,12.06,15.68
20.5833,82.25,40.42,12.29,15.42
20.5833,82.4167,39.18,11.57,14.18
20.5833,82.5833,40.82,12.68,15.82
20.5833,82.75,41.08,12.77,16.08
20.5833,82.9167,41.37,12.91,16.37
20.5833,83.0833,41.5,13.02,16.5
20.5833,83.25,41.2,13.2,16.2
20.5833,83.4167,41.2,13.39,16.2
20.5833,83.5833,41.33,13.64,16.33
20.5833,83.75,40.71,13.55,15.71
20.5833,83.9167,38.9,13.15,13.9
20.5833,84.0833,38.24,12.91,13.24
20.5833,84.25,37.59,12.71,12.59
20.5833,84.4167,38.33,13.4,13.33
20.5833,84.5833,38.74,13.77,13.74
20.5833,84.75,37.86,13.89,12.86
20.5833,84.9167,37.36,13.79,12.36
20.5833,85.0833,36.58,13.49,11.58
20.5833,85.25,36.76,13.71,11.76
20.5833,85.4167,37.05,14.07,12.05
20.5833,85.5833,36.82,14.39,11.82
20.5833,85.75,36.28,14.41,11.28
20.5833,85.9167,36.08,14.69,11.08
20.5833,86.0833,36.2,14.78,11.2
20.5833,86.25,36.01,14.81,11.01
20.5833,86.4167,35.84,14.81,10.84
20.5833,86.5833,35.69,14.93,10.69
20.5833,86.75,35.17,15.44,10.17
20.5833,86.9167,34.9,15.47,9.9
20.5833,92.25,32.07,17.2,7.07
20.5833,92.4167,32.54,14.93,7.54
20.5833,92.5833,32.32,14.68,7.32
20.5833,92.75,32.91,14.56,7.91
20.5833,92.9167,32.87,14.33,7.87
20.5833,93.0833,33.91,14.55,8.91
20.5833,93.25,33.96,14.37,8.96
20.5833,93.4167,32.13,13.63,7.13
20.5833,93.5833,31.21,12.54,6.21
20.5833,93.75,30.79,11.68,5.79
20.5833,93.9167,29.32,10.46,4.32
20.5833,94.0833,31.67,11.86,6.67
20.5833,94.25,35.78,13.59,10.78
20.5833,94.4167,37.35,13.92,12.35
20.5833,94.5833,38.04,14.24,13.04
20.5833,94.75,38.0,14.37,13.0
20.5833,94.9167,38.85,13.72,13.85
20.5833,95.0833,39.06,13.41,14.06
20.5833,95.25,38.86,13.2,13.86
20.5833,95.4167,38.65,13.39,13.65
20.5833,95.5833,38.43,13.21,13.43
20.5833,95.75,38.64,13.2,13.64
20.5833,95.9167,38.35,13.57,13.35
20.5833,96.0833,38.27,13.7,13.27
20.5833,96.25,36.8,12.82,11.8
20.5833,96.4167,32.66,10.07,7.66
20.5833,96.5833,29.91,6.14,4.91
20.5833,96.75,31.05,6.56,6.05
20.5833,96.9167,31.41,8.56,6.41
20.4167,72.75,35.88,14.32,10.88
20.4167,72.9167,36.37,13.99,11.37
20.4167,73.0833,37.18,13.74,12.18
20.4167,73.25,37.61,13.52,12.61
20.4167,73.4167,37.41,12.95,12.41
20.4167,73.5833,37.1,11.71,12.1
20.4167,73.75,36.36,10.61,11.36
20.4167,73.9167,36.56,10.68,11.56
20.4167,74.0833,37.63,10.87,12.63
20.4167,74.25,38.54,11.14,13.54
20.4167,74.4167,39.86,11.59,14.86
20.4167,74.5833,40.49,12.21,15.49
20.4167,74.75,40.57,12.62,15.57
20.4167,74.9167,41.22,12.49,16.22
20.4167,75.0833,41.28,12.77,16.28
20.4167,75.25,40.1,12.23,15.1
20.4167,75.4167,39.78,11.81,14.78
20.4167,75.5833,39.5,11.82,14.5
20.4167,75.75,39.72,12.12,14.72
20.4167,75.9167,39.89,12.55,14.89
20.4167,76.0833,39.37,12.96,14.37
20.4167,76.25,39.58,13.03,14.58
20.4167,76.4167,40.13,13.37,15.13
20.4167,76.5833,41.03,13.94,16.03
20.4167,76.75,41.54,14.19,16.54
20.4167,76.9167,41.61,14.1,16.61
20.4167,77.0833,41.84,14.15,16.84
20.4167,77.25,41.91,13.86,16.91
20.4167,77.4167,42.02,13.79,17.02
20.4167,77.5833,42.13,14.06,17.13
20.4167,77.75,42.57,14.18,17.57
20.4167,77.9167,42.82,14.33,17.82
20.4167,78.0833,42.56,14.51,17.56
20.4167,78.25,42.82,14.2,17.82
20.4167,78.4167,43.17,14.05,18.17
20.4167,78.5833,43.67,13.52,18.67
20.4167,78.75,43.85,13.2,18.85
20.4167,78.9167,43.88,13.06,18.88
20.4167,79.0833,43.52,12.86,18.52
20.4167,79.25,42.55,12.82,17.55
20.4167,79.4167,42.77,12.57,17.77
20.4167,79.5833,42.54,12.64,17.54
20.4167,79.75,42.23,12.52,17.23
20.4167,79.9167,42.56,12.51,17.56
20.4167,80.0833,42.35,12.59,17.35
20.4167,80.25,41.89,12.61,16.89
20.4167,80.4167,41.17,12.33,16.17
20.4167,80.5833,40.45,12.07,15.45
20.4167,80.75,41.08,11.96,16.08
20.4167,80.9167,40.93,11.83,15.93
20.4167,81.0833,40.87,11.86,15.87
20.4167,81.25,40.71,11.72,15.71
20.4167,81.4167,41.11,11.77,16.11
20.4167,81.5833,40.98,11.81,15.98
20.4167,81.75,40.47,11.83,15.47
20.4167,81.9167,40.1,11.72,15.1
20.4167,82.0833,39.81,11.96,14.81
20.4167,82.25,39.48,12.08,14.48
20.4167,82.4167,38.23,11.31,13.23
20.4167,82.5833,40.12,12.83,15.12
20.4167,82.75,41.11,13.05,16.11
20.4167,82.9167,41.37,13.11,16.37
20.4167,83.0833,41.19,13.2,16.19
20.4167,83.25,40.84,13.47,15.84
20.4167,83.4167,41.24,13.62,16.24
20.4167,83.5833,40.41,13.78,15.41
20.4167,83.75,39.25,13.34,14.25
20.4167,83.9167,37.16,12.02,12.16
20.4167,84.0833,36.62,11.69,11.62
20.4167,84.25,36.59,11.82,11.59
20.4167,84.4167,36.19,12.41,11.19
20.4167,84.5833,36.96,13.44,11.96
20.4167,84.75,36.75,13.72,11.75
20.4167,84.9167,37.73,14.22,12.73
20.4167,85.0833,37.85,14.51,12.85
20.4167,85.25,37.3,14.58,12.3
20.4167,85.4167,37.02,14.71,12.02
20.4167,85.5833,36.66,14.7,11.66
20.4167,85.75,36.18,14.72,11.18
20.4167,85.9167,36.05,15.07,11.05
20.4167,86.0833,35.81,14.94,10.81
20.4167,86.25,35.62,15.03,10.62
20.4167,86.4167,35.44,15.11,10.44
20.4167,86.5833,35.23,15.4,10.23
20.4167,86.75,34.38,16.1,9.38
20.4167,92.5833,32.17,14.72,7.17
20.4167,92.75,32.62,14.86,7.62
20.4167,92.9167,32.74,14.87,7.74
20.4167,93.0833,33.28,14.94,8.28
20.4167,93.25,33.69,14.69,8.69
20.4167,93.4167,33.2,14.05,8.2
20.4167,93.5833,31.62,13.06,6.62
20.4167,93.75,30.83,12.22,5.83
20.4167,93.9167,31.31,12.21,6.31
20.4167,94.0833,29.67,10.87,4.67
20.4167,94.25,35.07,13.43,10.07
20.4167,94.4167,37.23,13.94,12.23
20.4167,94.5833,38.28,14.17,13.28
20.4167,94.75,37.89,14.06,12.89
20.4167,94.9167,38.93,14.05,13.93
20.4167,95.0833,39.17,13.66,14.17
20.4167,95.25,39.0,13.29,14.0
20.4167,95.4167,38.98,13.61,13.98
20.4167,95.5833,38.8,13.4,13.8
20.4167,95.75,38.24,12.84,13.24
20.4167,95.9167,38.07,13.18,13.07
20.4167,96.0833,37.97,13.54,12.97
20.4167,96.25,36.9,13.01,11.9
20.4167,96.4167,32.05,9.85,7.05
20.4167,96.5833,29.97,6.58,4.97
20.4167,96.75,30.77,6.46,5.77
20.4167,96.9167,32.3,8.76,7.3
20.25,72.75,35.83,14.42,10.83
20.25,72.9167,36.83,14.14,11.83
20.25,73.0833,36.98,14.23,11.98
20.25,73.25,37.15,13.52,12.15
20.25,73.4167,37.14,12.86,12.14
20.25,73.5833,36.85,11.6,11.85
20.25,73.75,36.37,10.77,11.37
20.25,73.9167,36.84,10.84,11.84
20.25,74.0833,37.79,11.02,12.79
20.25,74.25,38.51,11.26,13.51
20.25,74.4167,39.01,11.56,14.01
20.25,74.5833,39.73,11.85,14.73
20.25,74.75,40.13,12.27,15.13
20.25,74.9167,39.57,11.89,14.57
20.25,75.0833,39.36,11.61,14.36
20.25,75.25,38.95,11.6,13.95
20.25,75.4167,39.5,11.48,14.5
20.25,75.5833,39.87,11.87,14.87
20.25,75.75,40.09,12.17,15.09
20.25,75.9167,40.27,12.43,15.27
20.25,76.0833,40.18,12.94,15.18
20.25,76.25,40.01,13.17,15.01
20.25,76.4167,40.12,13.12,15.12
20.25,76.5833,40.55,13.22,15.55
20.25,76.75,40.8,13.32,15.8
20.25,76.9167,40.99,13.56,15.99
20.25,77.0833,41.37,13.59,16.37
20.25,77.25,41.46,13.63,16.46
20.25,77.4167,41.9,13.86,16.9
20.25,77.5833,42.3,14.09,17.3
20.25,77.75,42.6,14.36,17.6
20.25,77.9167,42.89,14.36,17.89
20.25,78.0833,42.76,14.43,17.76
20.25,78.25,42.73,14.37,17.73
20.25,78.4167,42.89,13.92,17.89
20.25,78.5833,43.26,13.69,18.26
20.25,78.75,43.94,13.25,18.94
20.25,78.9167,43.96,12.96,18.96
20.25,79.0833,43.54,12.88,18.54
20.25,79.25,42.62,12.97,17.62
20.25,79.4167,41.75,12.4,16.75
20.25,79.5833,42.26,12.63,17.26
20.25,79.75,42.14,12.75,17.14
20.25,79.9167,42.61,12.7,17.61
20.25,80.0833,42.39,12.58,17.39
20.25,80.25,41.74,12.63,16.74
20.25,80.4167,41.07,12.33,16.07
20.25,80.5833,40.61,12.3,15.61
20.25,80.75,41.01,12.02,16.01
20.25,80.9167,40.77,12.05,15.77
20.25,81.0833,40.73,11.95,15.73
20.25,81.25,39.69,11.59,14.69
20.25,81.4167,40.28,11.75,15.28
20.25,81.5833,40.51,11.74,15.51
20.25,81.75,39.87,11.82,14.87
20.25,81.9167,39.52,11.6,14.52
20.25,82.0833,39.18,11.77,14.18
20.25,82.25,39.06,11.79,14.06
20.25,82.4167,37.99,11.48,12.99
20.25,82.5833,40.46,13.06,15.46
20.25,82.75,41.05,13.32,16.05
20.25,82.9167,41.39,13.39,16.39
20.25,83.0833,41.4,13.53,16.4
20.25,83.25,40.77,13.72,15.77
20.25,83.4167,40.83,13.7,15.83
20.25,83.5833,38.94,13.56,13.94
20.25,83.75,36.69,12.19,11.69
20.25,83.9167,36.57,11.75,11.57
20.25,84.0833,35.49,11.3,10.49
20.25,84.25,35.44,11.52,10.44
20.25,84.4167,35.6,12.47,10.6
20.25,84.5833,35.93,13.6,10.93
20.25,84.75,36.07,13.85,11.07
20.25,84.9167,36.67,14.28,11.67
20.25,85.0833,36.37,14.48,11.37
20.25,85.25,36.96,14.93,11.96
20.25,85.4167,36.71,15.02,11.71
20.25,85.5833,36.11,15.0,11.11
20.25,85.75,35.94,15.1,10.94
20.25,85.9167,35.43,15.15,10.43
20.25,86.0833,35.35,15.14,10.35
20.25,86.25,35.22,15.26,10.22
20.25,86.4167,35.01,15.53,10.01
20.25,86.5833,34.65,15.97,9.65
20.25,86.75,34.12,16.56,9.12
20.25,92.75,32.65,14.89,7.65
20.25,92.9167,32.96,14.94,7.96
20.25,93.0833,33.24,15.07,8.24
20.25,93.25,33.37,15.14,8.37
20.25,93.4167,33.33,14.38,8.33
20.25,93.5833,32.61,13.74,7.61
20.25,93.75,32.09,13.23,7.09
20.25,93.9167,32.55,13.2,7.55
20.25,94.0833,30.91,11.87,5.91
20.25,94.25,32.4,12.02,7.4
20.25,94.4167,36.78,13.78,11.78
20.25,94.5833,38.41,14.03,13.41
20.25,94.75,38.49,13.89,13.49
20.25,94.9167,39.13,13.9,14.13
20.25,95.0833,39.42,13.42,14.42
20.25,95.25,39.36,13.37,14.36
20.25,95.4167,38.78,13.63,13.78
20.25,95.5833,38.68,13.4,13.68
20.25,95.75,37.62,12.63,12.62
20.25,95.9167,37.93,13.11,12.93
20.25,96.0833,37.69,13.52,12.69
20.25,96.25,37.83,13.63,12.83
20.25,96.4167,33.03,11.06,8.03
20.25,96.5833,31.15,8.6,6.15
20.25,96.75,29.75,5.87,4.75
20.25,96.9167,32.07,8.16,7.07
20.0833,72.75,35.43,14.64,10.43
20.0833,72.9167,37.08,14.37,12.08
20.0833,73.0833,36.96,14.03,11.96
20.0833,73.25,37.09,13.59,12.09
20.0833,73.4167,36.69,12.67,11.69
20.0833,73.5833,36.11,11.4,11.11
20.0833,73.75,36.38,11.1,11.38
20.0833,73.9167,37.16,11.04,12.16
20.0833,74.0833,37.45,11.16,12.45
20.0833,74.25,38.47,11.42,13.47
20.0833,74.4167,39.08,11.7,14.08
20.0833,74.5833,39.33,11.86,14.33
20.0833,74.75,39.66,11.82,14.66
20.0833,74.9167,40.02,11.69,15.02
20.0833,75.0833,39.98,11.82,14.98
20.0833,75.25,39.16,11.44,14.16
20.0833,75.4167,39.47,11.46,14.47
20.0833,75.5833,39.83,11.89,14.83
20.0833,75.75,40.19,12.12,15.19
20.0833,75.9167,40.31,12.42,15.31
20.0833,76.0833,40.41,12.87,15.41
20.0833,76.25,40.64,13.12,15.64
20.0833,76.4167,40.51,13.14,15.51
20.0833,76.5833,40.78,13.05,15.78
20.0833,76.75,41.06,13.07,16.06
20.0833,76.9167,41.11,13.23,16.11
20.0833,77.0833,41.13,13.39,16.13
20.0833,77.25,41.36,13.36,16.36
20.0833,77.4167,41.76,13.95,16.76
20.0833,77.5833,42.18,14.26,17.18
20.0833,77.75,42.37,14.44,17.37
20.0833,77.9167,42.92,14.24,17.92
20.0833,78.0833,43.2,14.23,18.2
20.0833,78.25,43.42,14.08,18.42
20.0833,78.4167,43.23,14.0,18.23
20.0833,78.5833,43.21,13.68,18.21
20.0833,78.75,43.48,13.37,18.48
20.0833,78.9167,43.79,13.01,18.79
20.0833,79.0833,43.59,12.96,18.59
20.0833,79.25,42.31,12.97,17.31
20.0833,79.4167,42.0,12.46,17.0
20.0833,79.5833,42.14,12.9,17.14
20.0833,79.75,42.85,12.7,17.85
20.0833,79.9167,42.73,12.78,17.73
20.0833,80.0833,42.19,12.72,17.19
20.0833,80.25,41.28,12.6,16.28
20.0833,80.4167,40.93,12.26,15.93
20.0833,80.5833,40.96,12.31,15.96
20.0833,80.75,41.01,12.13,16.01
20.0833,80.9167,40.41,12.11,15.41
20.0833,81.0833,40.71,12.0,15.71
20.0833,81.25,39.28,11.32,14.28
20.0833,81.4167,38.69,10.8,13.69
20.0833,81.5833,38.87,10.96,13.87
20.0833,81.75,38.64,10.86,13.64
20.0833,81.9167,38.61,10.89,13.61
20.0833,82.0833,38.84,11.29,13.84
20.0833,82.25,39.07,11.88,14.07
20.0833,82.4167,39.78,12.67,14.78
20.0833,82.5833,40.69,13.11,15.69
20.0833,82.75,40.56,13.28,15.56
20.0833,82.9167,40.12,13.45,15.12
20.0833,83.0833,40.81,13.6,15.81
20.0833,83.25,40.67,13.66,15.67
20.0833,83.4167,39.98,13.62,14.98
20.0833,83.5833,37.89,13.12,12.89
20.0833,83.75,36.91,12.62,11.91
20.0833,83.9167,35.67,11.65,10.67
20.0833,84.0833,34.77,11.41,9.77
20.0833,84.25,34.26,11.27,9.26
20.0833,84.4167,34.98,12.94,9.98
20.0833,84.5833,36.45,14.35,11.45
20.0833,84.75,36.04,14.3,11.04
20.0833,84.9167,36.22,14.38,11.22
20.0833,85.0833,36.34,14.71,11.34
20.0833,85.25,35.73,14.96,10.73
20.0833,85.4167,35.96,15.24,10.96
20.0833,85.5833,35.58,15.5,10.58
20.0833,85.75,35.09,15.4,10.09
20.0833,85.9167,34.6,15.36,9.6
20.0833,86.0833,34.57,15.41,9.57
20.0833,86.25,34.66,15.64,9.66
20.0833,86.4167,34.34,16.21,9.34
20.0833,86.5833,33.97,16.88,8.97
20.0833,92.75,33.0,14.63,8.0
20.0833,92.9167,32.57,15.07,7.57
20.0833,93.0833,32.97,15.25,7.97
20.0833,93.25,33.24,15.44,8.24
20.0833,93.4167,33.35,15.05,8.35
20.0833,93.5833,33.02,14.4,8.02
20.0833,93.75,32.61,13.85,7.61
20.0833,93.9167,33.31,13.71,8.31
20.0833,94.0833,32.47,12.91,7.47
20.0833,94.25,30.76,11.33,5.76
20.0833,94.4167,35.9,13.14,10.9
20.0833,94.5833,38.23,13.65,13.23
20.0833,94.75,39.07,13.71,14.07
20.0833,94.9167,39.32,13.84,14.32
20.0833,95.0833,39.68,13.56,14.68
20.0833,95.25,39.85,13.57,14.85
20.0833,95.4167,39.15,13.64,14.15
20.0833,95.5833,38.72,13.52,13.72
20.0833,95.75,37.54,12.82,12.54
20.0833,95.9167,37.43,13.06,12.43
20.0833,96.0833,37.45,13.53,12.45
20.0833,96.25,37.63,13.69,12.63
20.0833,96.4167,31.96,10.44,6.96
20.0833,96.5833,32.96,10.6,7.96
20.0833,96.75,29.68,6.63,4.68
20.0833,96.9167,32.01,8.71,7.01
19.9167,72.5833,35.1,15.3,10.1
19.9167,72.75,35.51,15.15,10.51
19.9167,72.9167,36.6,14.83,11.6
19.9167,73.0833,36.79,14.56,11.79
19.9167,73.25,36.79,13.42,11.79
19.9167,73.4167,36.29,12.36,11.29
19.9167,73.5833,35.56,11.32,10.56
19.9167,73.75,36.53,11.48,11.53
19.9167,73.9167,36.79,11.29,11.79
19.9167,74.0833,37.54,11.33,12.54
19.9167,74.25,38.21,11.46,13.21
19.9167,74.4167,38.66,11.62,13.66
19.9167,74.5833,39.4,11.93,14.4
19.9167,74.75,39.88,12.09,14.88
19.9167,74.9167,40.24,11.95,15.24
19.9167,75.0833,40.15,12.19,15.15
19.9167,75.25,39.58,12.39,14.58
19.9167,75.4167,39.48,12.27,14.48
19.9167,75.5833,40.06,12.43,15.06
19.9167,75.75,40.47,12.74,15.47
19.9167,75.9167,40.55,13.0,15.55
19.9167,76.0833,40.72,13.14,15.72
19.9167,76.25,40.78,13.09,15.78
19.9167,76.4167,41.03,13.38,16.03
19.9167,76.5833,41.09,13.43,16.09
19.9167,76.75,41.16,13.32,16.16
19.9167,76.9167,41.34,13.18,16.34
19.9167,77.0833,41.5,13.3,16.5
19.9167,77.25,41.7,13.52,16.7
19.9167,77.4167,41.75,14.08,16.75
19.9167,77.5833,42.39,14.42,17.39
19.9167,77.75,43.02,14.45,18.02
19.9167,77.9167,43.14,14.51,18.14
19.9167,78.0833,43.33,14.38,18.33
19.9167,78.25,43.49,14.36,18.49
19.9167,78.4167,43.25,14.15,18.25
19.9167,78.5833,43.46,13.78,18.46
19.9167,78.75,43.3,13.55,18.3
19.9167,78.9167,43.75,13.09,18.75
19.9167,79.0833,43.76,12.97,18.76
19.9167,79.25,43.35,12.9,18.35
19.9167,79.4167,42.39,12.56,17.39
19.9167,79.5833,42.8,12.81,17.8
19.9167,79.75,43.13,12.85,18.13
19.9167,79.9167,42.62,12.84,17.62
19.9167,80.0833,41.98,12.81,16.98
19.9167,80.25,40.95,12.58,15.95
19.9167,80.4167,40.82,12.41,15.82
19.9167,80.5833,41.07,12.35,16.07
19.9167,80.75,40.18,12.2,15.18
19.9167,80.9167,39.6,11.87,14.6
19.9167,81.0833,39.52,11.86,14.52
19.9167,81.25,39.04,11.45,14.04
19.9167,81.4167,38.82,10.68,13.82
19.9167,81.5833,38.74,10.63,13.74
19.9167,81.75,38.69,10.71,13.69
19.9167,81.9167,38.57,10.62,13.57
19.9167,82.0833,38.57,10.68,13.57
19.9167,82.25,38.85,11.51,13.85
19.9167,82.4167,40.17,12.78,15.17
19.9167,82.5833,40.6,13.14,15.6
19.9167,82.75,40.23,13.35,15.23
19.9167,82.9167,39.56,13.55,14.56
19.9167,83.0833,39.66,13.63,14.66
19.9167,83.25,38.81,13.29,13.81
19.9167,83.4167,37.66,13.05,12.66
19.9167,83.5833,35.58,11.93,10.58
19.9167,83.75,35.76,12.5,10.76
19.9167,83.9167,34.47,11.35,9.47
19.9167,84.0833,33.61,10.94,8.61
19.9167,84.25,34.16,12.52,9.16
19.9167,84.4167,35.58,14.22,10.58
19.9167,84.5833,36.58,14.78,11.58
19.9167,84.75,36.23,14.73,11.23
19.9167,84.9167,35.17,14.51,10.17
19.9167,85.0833,34.32,14.68,9.32
19.9167,85.25,34.52,15.16,9.52
19.9167,85.4167,34.77,15.97,9.77
19.9167,85.5833,34.55,16.34,9.55
19.9167,85.75,34.18,16.1,9.18
19.9167,85.9167,33.94,15.87,8.94
19.9167,86.0833,34.03,15.77,9.03
19.9167,86.25,33.89,16.17,8.89
19.9167,86.4167,33.49,16.84,8.49
19.9167,92.9167,31.84,15.45,6.84
19.9167,93.0833,32.1,15.55,7.1
19.9167,93.25,32.04,16.27,7.04
19.9167,93.4167,32.5,15.38,7.5
19.9167,93.5833,33.24,15.41,8.24
19.9167,93.75,33.58,14.85,8.58
19.9167,93.9167,33.83,13.97,8.83
19.9167,94.0833,33.65,13.48,8.65
19.9167,94.25,30.91,11.54,5.91
19.9167,94.4167,32.71,11.4,7.71
19.9167,94.5833,37.84,12.73,12.84
19.9167,94.75,38.42,13.0,13.42
19.9167,94.9167,39.06,13.35,14.06
19.9167,95.0833,39.39,13.67,14.39
19.9167,95.25,39.58,13.35,14.58
19.9167,95.4167,39.41,13.47,14.41
19.9167,95.5833,38.9,13.36,13.9
19.9167,95.75,37.32,12.95,12.32
19.9167,95.9167,37.15,13.1,12.15
19.9167,96.0833,37.21,13.56,12.21
19.9167,96.25,37.56,13.83,12.56
19.9167,96.4167,33.12,11.32,8.12
19.9167,96.5833,33.98,11.56,8.98
19.9167,96.75,30.88,8.4,5.88
19.9167,96.9167,31.56,8.08,6.56
19.75,72.5833,35.0,15.4,10.0
19.75,72.75,35.32,15.42,10.32
19.75,72.9167,36.44,15.2,11.44
19.75,73.0833,37.42,14.73,12.42
19.75,73.25,37.02,14.45,12.02
19.75,73.4167,36.28,13.49,11.28
19.75,73.5833,35.8,12.11,10.8
19.75,73.75,36.12,11.74,11.12
19.75,73.9167,35.95,10.78,10.95
19.75,74.0833,37.4,11.43,12.4
19.75,74.25,38.48,11.68,13.48
19.75,74.4167,39.05,11.82,14.05
19.75,74.5833,39.28,11.85,14.28
19.75,74.75,39.83,12.15,14.83
19.75,74.9167,40.13,12.23,15.13
19.75,75.0833,40.45,12.23,15.45
19.75,75.25,40.2,12.53,15.2
19.75,75.4167,39.91,12.45,14.91
19.75,75.5833,40.51,12.42,15.51
19.75,75.75,40.97,12.62,15.97
19.75,75.9167,41.16,12.95,16.16
19.75,76.0833,41.43,13.08,16.43
19.75,76.25,41.24,13.52,16.24
19.75,76.4167,41.32,13.51,16.32
19.75,76.5833,41.27,13.78,16.27
19.75,76.75,40.81,14.24,15.81
19.75,76.9167,41.55,13.65,16.55
19.75,77.0833,41.87,13.48,16.87
19.75,77.25,42.0,13.61,17.0
19.75,77.4167,41.01,14.48,16.01
19.75,77.5833,42.22,14.3,17.22
19.75,77.75,42.76,14.47,17.76
19.75,77.9167,42.91,14.45,17.91
19.75,78.0833,42.64,14.45,17.64
19.75,78.25,42.38,14.45,17.38
19.75,78.4167,43.31,14.05,18.31
19.75,78.5833,43.66,13.66,18.66
19.75,78.75,43.74,13.49,18.74
19.75,78.9167,43.58,13.48,18.58
19.75,79.0833,43.39,13.21,18.39
19.75,79.25,43.45,12.86,18.45
19.75,79.4167,42.92,12.83,17.92
19.75,79.5833,42.43,12.86,17.43
19.75,79.75,43.19,12.92,18.19
19.75,79.9167,42.36,13.04,17.36
19.75,80.0833,41.69,12.98,16.69
19.75,80.25,41.25,12.75,16.25
19.75,80.4167,40.76,12.69,15.76
19.75,80.5833,40.71,12.61,15.71
19.75,80.75,39.35,12.29,14.35
19.75,80.9167,38.3,11.27,13.3
19.75,81.0833,37.97,11.02,12.97
19.75,81.25,39.03,11.21,14.03
19.75,81.4167,38.77,10.92,13.77
19.75,81.5833,38.5,10.87,13.5
19.75,81.75,38.55,10.85,13.55
19.75,81.9167,37.82,10.79,12.82
19.75,82.0833,38.12,10.77,13.12
19.75,82.25,38.67,10.94,13.67
19.75,82.4167,38.71,11.84,13.71
19.75,82.5833,38.98,12.76,13.98
19.75,82.75,39.3,13.26,14.3
19.75,82.9167,38.48,13.5,13.48
19.75,83.0833,37.65,12.94,12.65
19.75,83.25,36.35,12.24,11.35
19.75,83.4167,36.75,12.74,11.75
19.75,83.5833,36.38,13.11,11.38
19.75,83.75,35.71,13.22,10.71
19.75,83.9167,33.84,11.91,8.84
19.75,84.0833,33.21,11.85,8.21
19.75,84.25,34.62,13.65,9.62
19.75,84.4167,36.04,14.89,11.04
19.75,84.5833,36.15,15.19,11.15
19.75,84.75,35.92,15.24,10.92
19.75,84.9167,34.63,15.0,9.63
19.75,85.0833,34.63,15.52,9.63
19.75,85.25,33.77,16.99,8.77
19.75,85.4167,33.03,17.67,8.03
19.75,85.5833,33.42,17.1,8.42
19.75,85.75,33.59,16.59,8.59
19.75,85.9167,33.43,16.49,8.43
19.75,93.0833,31.73,16.93,6.73
19.75,93.25,32.23,16.97,7.23
19.75,93.4167,32.12,15.74,7.12
19.75,93.5833,33.0,16.27,8.0
19.75,93.75,33.69,15.68,8.69
19.75,93.9167,33.45,14.14,8.45
19.75,94.0833,34.26,13.67,9.26
19.75,94.25,32.35,12.29,7.35
19.75,94.4167,30.66,10.61,5.66
19.75,94.5833,36.73,12.36,11.73
19.75,94.75,38.02,12.26,13.02
19.75,94.9167,38.54,12.6,13.54
19.75,95.0833,38.87,13.28,13.87
19.75,95.25,39.44,13.24,14.44
19.75,95.4167,39.31,13.14,14.31
19.75,95.5833,39.06,13.02,14.06
19.75,95.75,37.75,12.84,12.75
19.75,95.9167,37.38,13.33,12.38
19.75,96.0833,37.96,13.83,12.96
19.75,96.25,37.98,14.39,12.98
19.75,96.4167,35.07,12.74,10.07
19.75,96.5833,32.98,11.17,7.98
19.75,96.75,30.52,8.44,5.52
19.75,96.9167,30.08,6.98,5.08
19.5833,72.75,34.86,15.73,9.86
19.5833,72.9167,35.56,15.55,10.56
19.5833,73.0833,37.21,15.05,12.21
19.5833,73.25,36.92,14.8,11.92
19.5833,73.4167,37.43,14.25,12.43
19.5833,73.5833,36.2,13.08,11.2
19.5833,73.75,34.91,11.11,9.91
19.5833,73.9167,36.19,11.08,11.19
19.5833,74.0833,37.3,11.52,12.3
19.5833,74.25,37.98,11.75,12.98
19.5833,74.4167,38.7,11.96,13.7
19.5833,74.5833,38.83,11.95,13.83
19.5833,74.75,39.34,12.19,14.34
19.5833,74.9167,39.7,12.3,14.7
19.5833,75.0833,39.53,12.63,14.53
19.5833,75.25,39.03,13.39,14.03
19.5833,75.4167,40.25,12.91,15.25
19.5833,75.5833,40.86,12.85,15.86
19.5833,75.75,40.95,13.08,15.95
19.5833,75.9167,41.17,13.11,16.17
19.5833,76.0833,41.34,13.11,16.34
19.5833,76.25,41.56,13.28,16.56
19.5833,76.4167,41.63,13.56,16.63
19.5833,76.5833,41.74,13.78,16.74
19.5833,76.75,41.86,13.84,16.86
19.5833,76.9167,41.48,14.3,16.48
19.5833,77.0833,41.77,13.8,16.77
19.5833,77.25,42.04,13.65,17.04
19.5833,77.4167,42.28,13.62,17.28
19.5833,77.5833,42.1,13.59,17.1
19.5833,77.75,42.15,13.94,17.15
19.5833,77.9167,42.44,14.22,17.44
19.5833,78.0833,42.34,14.23,17.34
19.5833,78.25,42.36,14.04,17.36
19.5833,78.4167,42.41,13.72,17.41
19.5833,78.5833,42.57,13.67,17.57
19.5833,78.75,41.9,13.28,16.9
19.5833,78.9167,42.06,12.74,17.06
19.5833,79.0833,41.99,12.78,16.99
19.5833,79.25,42.38,12.99,17.38
19.5833,79.4167,42.41,13.28,17.41
19.5833,79.5833,42.6,13.15,17.6
19.5833,79.75,43.01,13.25,18.01
19.5833,79.9167,42.45,13.34,17.45
19.5833,80.0833,41.85,13.31,16.85
19.5833,80.25,41.51,13.03,16.51
19.5833,80.4167,40.74,13.02,15.74
19.5833,80.5833,40.24,13.0,15.24
19.5833,80.75,38.49,12.3,13.49
19.5833,80.9167,37.67,11.22,12.67
19.5833,81.0833,37.84,10.99,12.84
19.5833,81.25,37.76,11.11,12.76
19.5833,81.4167,38.53,11.29,13.53
19.5833,81.5833,38.41,11.16,13.41
19.5833,81.75,38.27,11.03,13.27
19.5833,81.9167,37.49,11.04,12.49
19.5833,82.0833,37.56,11.05,12.56
19.5833,82.25,37.93,11.02,12.93
19.5833,82.4167,37.42,11.12,12.42
19.5833,82.5833,37.65,12.2,12.65
19.5833,82.75,38.87,13.28,13.87
19.5833,82.9167,36.95,12.48,11.95
19.5833,83.0833,35.44,11.16,10.44
19.5833,83.25,35.81,12.15,10.81
19.5833,83.4167,34.62,12.23,9.62
19.5833,83.5833,36.64,13.52,11.64
19.5833,83.75,36.1,14.02,11.1
19.5833,83.9167,34.51,13.39,9.51
19.5833,84.0833,33.79,13.06,8.79
19.5833,84.25,33.42,13.27,8.42
19.5833,84.4167,34.21,14.27,9.21
19.5833,84.5833,35.55,15.42,10.55
19.5833,84.75,35.44,15.67,10.44
19.5833,84.9167,35.08,15.74,10.08
19.5833,85.0833,34.05,16.44,9.05
19.5833,85.25,33.4,17.53,8.4
19.5833,85.4167,33.5,17.53,8.5
19.5833,85.5833,33.0,17.7,8.0
19.5833,93.4167,32.3,18.0,7.3
19.5833,93.5833,32.83,16.52,7.83
19.5833,93.75,33.62,15.94,8.62
19.5833,93.9167,34.14,14.82,9.14
19.5833,94.0833,33.58,13.73,8.58
19.5833,94.25,32.85,12.71,7.85
19.5833,94.4167,30.9,10.87,5.9
19.5833,94.5833,34.72,12.13,9.72
19.5833,94.75,37.97,12.28,12.97
19.5833,94.9167,38.03,12.4,13.03
19.5833,95.0833,38.54,12.84,13.54
19.5833,95.25,39.41,13.09,14.41
19.5833,95.4167,39.57,12.7,14.57
19.5833,95.5833,38.97,12.54,13.97
19.5833,95.75,37.09,12.7,12.09
19.5833,95.9167,37.82,13.26,12.82
19.5833,96.0833,38.19,13.84,13.19
19.5833,96.25,38.17,14.26,13.17
19.5833,96.4167,35.56,13.1,10.56
19.5833,96.5833,32.97,10.89,7.97
19.5833,96.75,31.49,9.35,6.49
19.5833,96.9167,30.35,7.51,5.35
19.4167,72.75,34.51,16.2,9.51
19.4167,72.9167,35.01,15.84,10.01
19.4167,73.0833,36.79,15.58,11.79
19.4167,73.25,37.13,15.36,12.13
19.4167,73.4167,38.06,14.91,13.06
19.4167,73.5833,38.27,14.45,13.27
19.4167,73.75,35.05,12.14,10.05
19.4167,73.9167,35.48,10.69,10.48
19.4167,74.0833,36.94,11.36,11.94
19.4167,74.25,37.83,11.78,12.83
19.4167,74.4167,38.5,12.25,13.5
19.4167,74.5833,38.86,12.26,13.86
19.4167,74.75,38.69,12.14,13.69
19.4167,74.9167,39.25,12.3,14.25
19.4167,75.0833,39.57,12.46,14.57
19.4167,75.25,39.16,13.39,14.16
19.4167,75.4167,39.76,12.86,14.76
19.4167,75.5833,40.54,12.86,15.54
19.4167,75.75,40.92,13.03,15.92
19.4167,75.9167,41.09,13.23,16.09
19.4167,76.0833,41.19,13.49,16.19
19.4167,76.25,41.45,13.46,16.45
19.4167,76.4167,41.8,13.38,16.8
19.4167,76.5833,42.0,13.48,17.0
19.4167,76.75,42.19,13.49,17.19
19.4167,76.9167,41.88,13.68,16.88
19.4167,77.0833,41.87,13.91,16.87
19.4167,77.25,41.82,14.02,16.82
19.4167,77.4167,41.83,13.99,16.83
19.4167,77.5833,42.16,13.71,17.16
19.4167,77.75,42.43,13.52,17.43
19.4167,77.9167,42.74,13.68,17.74
19.4167,78.0833,42.34,14.05,17.34
19.4167,78.25,41.97,13.62,16.97
19.4167,78.4167,42.4,13.17,17.4
19.4167,78.5833,42.46,13.23,17.46
19.4167,78.75,42.26,13.12,17.26
19.4167,78.9167,41.8,12.62,16.8
19.4167,79.0833,42.04,13.11,17.04
19.4167,79.25,42.94,13.25,17.94
19.4167,79.4167,42.36,13.48,17.36
19.4167,79.5833,42.49,13.43,17.49
19.4167,79.75,42.83,13.39,17.83
19.4167,79.9167,42.58,13.64,17.58
19.4167,80.0833,41.95,13.49,16.95
19.4167,80.25,41.23,13.21,16.23
19.4167,80.4167,40.95,13.33,15.95
19.4167,80.5833,40.51,13.37,15.51
19.4167,80.75,39.1,12.83,14.1
19.4167,80.9167,37.84,11.72,12.84
19.4167,81.0833,37.2,10.79,12.2
19.4167,81.25,37.61,11.45,12.61
19.4167,81.4167,38.43,11.71,13.43
19.4167,81.5833,38.06,11.42,13.06
19.4167,81.75,38.46,11.28,13.46
19.4167,81.9167,38.15,11.27,13.15
19.4167,82.0833,37.76,11.27,12.76
19.4167,82.25,37.76,11.25,12.76
19.4167,82.4167,37.34,11.3,12.34
19.4167,82.5833,36.98,11.61,11.98
19.4167,82.75,37.76,13.08,12.76
19.4167,82.9167,36.1,11.81,11.1
19.4167,83.0833,34.9,10.9,9.9
19.4167,83.25,35.67,12.48,10.67
19.4167,83.4167,36.03,13.5,11.03
19.4167,83.5833,35.17,13.26,10.17
19.4167,83.75,35.66,14.49,10.66
19.4167,83.9167,34.64,14.24,9.64
19.4167,84.0833,33.21,13.22,8.21
19.4167,84.25,32.96,12.99,7.96
19.4167,84.4167,34.3,14.55,9.3
19.4167,84.5833,35.18,15.6,10.18
19.4167,84.75,34.94,15.89,9.94
19.4167,84.9167,34.44,16.11,9.44
19.4167,85.0833,33.56,16.54,8.56
19.4167,85.25,33.01,17.24,8.01
19.4167,93.4167,32.94,16.34,7.94
19.4167,93.5833,33.12,16.45,8.12
19.4167,93.75,33.81,15.69,8.81
19.4167,93.9167,33.94,15.4,8.94
19.4167,94.0833,34.35,14.44,9.35
19.4167,94.25,33.42,13.06,8.42
19.4167,94.4167,32.3,11.76,7.3
19.4167,94.5833,34.43,12.31,9.43
19.4167,94.75,37.82,12.5,12.82
19.4167,94.9167,38.32,12.4,13.32
19.4167,95.0833,38.82,12.55,13.82
19.4167,95.25,39.26,12.93,14.26
19.4167,95.4167,39.28,12.69,14.28
19.4167,95.5833,38.94,12.62,13.94
19.4167,95.75,36.88,12.64,11.88
19.4167,95.9167,36.73,13.03,11.73
19.4167,96.0833,37.26,13.59,12.26
19.4167,96.25,37.97,14.17,12.97
19.4167,96.4167,36.19,13.17,11.19
19.4167,96.5833,32.53,10.47,7.53
19.4167,96.75,31.38,9.74,6.38
19.4167,96.9167,30.12,8.01,5.12
19.25,72.75,33.72,16.76,8.72
19.25,72.9167,34.36,16.55,9.36
19.25,73.0833,36.14,16.36,11.14
19.25,73.25,37.33,15.65,12.33
19.25,73.4167,37.79,15.07,12.79
19.25,73.5833,36.56,13.87,11.56
19.25,73.75,34.98,11.55,9.98
19.25,73.9167,35.88,11.33,10.88
19.25,74.0833,36.78,11.37,11.78
19.25,74.25,37.78,11.65,12.78
19.25,74.4167,38.55,12.17,13.55
19.25,74.5833,39.11,12.61,14.11
19.25,74.75,39.0,12.41,14.0
19.25,74.9167,39.61,12.48,14.61
19.25,75.0833,40.13,12.56,15.13
19.25,75.25,40.35,12.78,15.35
19.25,75.4167,40.21,13.05,15.21
19.25,75.5833,40.61,13.03,15.61
19.25,75.75,40.77,13.18,15.77
19.25,75.9167,41.06,13.33,16.06
19.25,76.0833,41.05,13.53,16.05
19.25,76.25,41.22,13.52,16.22
19.25,76.4167,41.5,13.61,16.5
19.25,76.5833,41.67,13.66,16.67
19.25,76.75,41.76,13.64,16.76
19.25,76.9167,41.59,13.71,16.59
19.25,77.0833,41.55,13.85,16.55
19.25,77.25,41.55,13.95,16.55
19.25,77.4167,41.45,14.08,16.45
19.25,77.5833,41.82,14.11,16.82
19.25,77.75,42.44,13.76,17.44
19.25,77.9167,42.69,13.82,17.69
19.25,78.0833,42.44,14.08,17.44
19.25,78.25,41.98,14.0,16.98
19.25,78.4167,41.94,13.75,16.94
19.25,78.5833,42.14,14.1,17.14
19.25,78.75,41.76,14.05,16.76
19.25,78.9167,41.37,13.53,16.37
19.25,79.0833,41.0,13.06,16.0
19.25,79.25,41.82,13.42,16.82
19.25,79.4167,42.46,13.57,17.46
19.25,79.5833,42.99,13.8,17.99
19.25,79.75,42.66,13.86,17.66
19.25,79.9167,42.0,14.15,17.0
19.25,80.0833,41.3,13.9,16.3
19.25,80.25,41.01,13.61,16.01
19.25,80.4167,41.02,13.55,16.02
19.25,80.5833,40.39,13.39,15.39
19.25,80.75,39.47,13.2,14.47
19.25,80.9167,38.01,12.29,13.01
19.25,81.0833,36.92,11.43,11.92
19.25,81.25,37.08,11.61,12.08
19.25,81.4167,38.06,12.28,13.06
19.25,81.5833,38.14,11.91,13.14
19.25,81.75,38.54,11.55,13.54
19.25,81.9167,38.27,11.43,13.27
19.25,82.0833,37.89,11.44,12.89
19.25,82.25,37.62,11.51,12.62
19.25,82.4167,37.29,11.59,12.29
19.25,82.5833,36.99,11.75,11.99
19.25,82.75,36.11,12.38,11.11
19.25,82.9167,34.95,11.51,9.95
19.25,83.0833,34.64,11.04,9.64
19.25,83.25,34.6,12.57,9.6
19.25,83.4167,36.34,14.12,11.34
19.25,83.5833,34.8,13.65,9.8
19.25,83.75,35.89,14.9,10.89
19.25,83.9167,35.16,14.86,10.16
19.25,84.0833,32.91,13.59,7.91
19.25,84.25,32.12,12.69,7.12
19.25,84.4167,33.73,15.0,8.73
19.25,84.5833,34.34,15.72,9.34
19.25,84.75,34.03,16.17,9.03
19.25,84.9167,33.53,16.41,8.53
19.25,93.4167,32.8,15.7,7.8
19.25,93.5833,33.37,15.62,8.37
19.25,93.75,33.62,15.4,8.62
19.25,93.9167,33.61,15.22,8.61
19.25,94.0833,34.41,14.46,9.41
19.25,94.25,33.5,13.15,8.5
19.25,94.4167,31.87,11.59,6.87
19.25,94.5833,32.83,11.56,7.83
19.25,94.75,37.29,12.8,12.29
19.25,94.9167,37.98,12.74,12.98
19.25,95.0833,38.59,12.68,13.59
19.25,95.25,38.96,12.85,13.96
19.25,95.4167,39.13,12.71,14.13
19.25,95.5833,39.06,12.87,14.06
19.25,95.75,37.29,12.59,12.29
19.25,95.9167,35.58,12.84,10.58
19.25,96.0833,36.94,13.73,11.94
19.25,96.25,37.55,14.48,12.55
19.25,96.4167,37.18,14.24,12.18
19.25,96.5833,32.36,10.88,7.36
19.25,96.75,32.93,11.04,7.93
19.25,96.9167,32.25,10.33,7.25
19.0833,72.75,33.46,17.47,8.46
19.0833,72.9167,33.97,17.47,8.97
19.0833,73.0833,35.61,16.74,10.61
19.0833,73.25,36.16,15.86,11.16
19.0833,73.4167,37.16,15.31,12.16
19.0833,73.5833,34.13,11.83,9.13
19.0833,73.75,35.27,11.37,10.27
19.0833,73.9167,36.48,11.38,11.48
19.0833,74.0833,36.94,11.51,11.94
19.0833,74.25,37.54,11.76,12.54
19.0833,74.4167,37.67,11.44,12.67
19.0833,74.5833,38.47,11.67,13.47
19.0833,74.75,38.94,12.13,13.94
19.0833,74.9167,38.85,12.16,13.85
19.0833,75.0833,39.16,12.65,14.16
19.0833,75.25,39.45,12.79,14.45
19.0833,75.4167,39.88,12.89,14.88
19.0833,75.5833,40.37,12.98,15.37
19.0833,75.75,40.83,13.05,15.83
19.0833,75.9167,41.07,13.27,16.07
19.0833,76.0833,40.66,13.73,15.66
19.0833,76.25,40.91,13.61,15.91
19.0833,76.4167,41.42,13.51,16.42
19.0833,76.5833,41.66,13.62,16.66
19.0833,76.75,41.61,13.68,16.61
19.0833,76.9167,41.88,13.76,16.88
19.0833,77.0833,41.85,13.95,16.85
19.0833,77.25,41.83,14.16,16.83
19.0833,77.4167,42.14,14.18,17.14
19.0833,77.5833,42.39,14.36,17.39
19.0833,77.75,42.74,14.15,17.74
19.0833,77.9167,42.78,14.07,17.78
19.0833,78.0833,42.5,14.36,17.5
19.0833,78.25,42.07,14.63,17.07
19.0833,78.4167,41.99,14.26,16.99
19.0833,78.5833,42.09,14.24,17.09
19.0833,78.75,42.24,14.4,17.24
19.0833,78.9167,42.47,14.29,17.47
19.0833,79.0833,42.13,13.99,17.13
19.0833,79.25,41.05,13.6,16.05
19.0833,79.4167,42.05,13.94,17.05
19.0833,79.5833,42.62,13.88,17.62
19.0833,79.75,42.44,13.96,17.44
19.0833,79.9167,41.9,14.28,16.9
19.0833,80.0833,41.08,14.02,16.08
19.0833,80.25,40.6,14.04,15.6
19.0833,80.4167,40.3,13.58,15.3
19.0833,80.5833,40.15,13.41,15.15
19.0833,80.75,39.67,13.28,14.67
19.0833,80.9167,39.4,13.31,14.4
19.0833,81.0833,39.33,13.11,14.33
19.0833,81.25,38.88,12.95,13.88
19.0833,81.4167,38.76,12.66,13.76
19.0833,81.5833,37.88,11.61,12.88
19.0833,81.75,37.93,11.61,12.93
19.0833,81.9167,38.04,11.63,13.04
19.0833,82.0833,37.45,11.61,12.45
19.0833,82.25,37.05,11.74,12.05
19.0833,82.4167,36.55,11.91,11.55
19.0833,82.5833,36.44,12.09,11.44
19.0833,82.75,35.23,12.08,10.23
19.0833,82.9167,34.61,11.23,9.61
19.0833,83.0833,33.87,11.21,8.87
19.0833,83.25,34.0,12.49,9.0
19.0833,83.4167,35.65,14.52,10.65
19.0833,83.5833,34.25,13.91,9.25
19.0833,83.75,35.75,15.36,10.75
19.0833,83.9167,34.51,15.07,9.51
19.0833,84.0833,32.37,13.68,7.37
19.0833,84.25,31.17,12.55,6.17
19.0833,84.4167,32.67,14.71,7.67
19.0833,84.5833,34.45,16.24,9.45
19.0833,84.75,33.78,16.75,8.78
19.0833,93.5833,33.72,15.21,8.72
19.0833,93.75,34.11,14.82,9.11
19.0833,93.9167,34.09,14.72,9.09
19.0833,94.0833,34.62,14.44,9.62
19.0833,94.25,33.9,13.42,8.9
19.0833,94.4167,31.96,11.8,6.96
19.0833,94.5833,31.65,10.92,6.65
19.0833,94.75,34.46,12.06,9.46
19.0833,94.9167,37.47,12.76,12.47
19.0833,95.0833,38.49,12.93,13.49
19.0833,95.25,38.68,12.76,13.68
19.0833,95.4167,38.43,13.06,13.43
19.0833,95.5833,38.68,12.94,13.68
19.0833,95.75,37.26,12.69,12.26
19.0833,95.9167,35.43,12.79,10.43
19.0833,96.0833,36.35,13.61,11.35
19.0833,96.25,37.28,14.26,12.28
19.0833,96.4167,37.95,14.7,12.95
19.0833,96.5833,34.51,13.09,9.51
19.0833,96.75,33.76,12.22,8.76
19.0833,96.9167,32.77,11.24,7.77
18.9167,72.75,33.21,18.46,8.21
18.9167,72.9167,34.02,17.82,9.02
18.9167,73.0833,35.05,16.97,10.05
18.9167,73.25,35.72,16.33,10.72
18.9167,73.4167,35.55,14.77,10.55
18.9167,73.5833,34.68,11.93,9.68
18.9167,73.75,36.24,11.77,11.24
18.9167,73.9167,36.73,11.48,11.73
18.9167,74.0833,37.34,11.69,12.34
18.9167,74.25,37.8,12.02,12.8
18.9167,74.4167,38.17,12.27,13.17
18.9167,74.5833,38.64,12.11,13.64
18.9167,74.75,39.16,11.98,14.16
18.9167,74.9167,39.46,12.45,14.46
18.9167,75.0833,39.7,12.7,14.7
18.9167,75.25,39.06,12.73,14.06
18.9167,75.4167,39.18,12.73,14.18
18.9167,75.5833,39.53,13.07,14.53
18.9167,75.75,39.85,13.44,14.85
18.9167,75.9167,40.0,13.49,15.0
18.9167,76.0833,40.23,13.77,15.23
18.9167,76.25,40.56,13.81,15.56
18.9167,76.4167,40.99,13.77,15.99
18.9167,76.5833,41.5,13.86,16.5
18.9167,76.75,41.54,13.98,16.54
18.9167,76.9167,42.02,13.94,17.02
18.9167,77.0833,42.0,14.06,17.0
18.9167,77.25,41.97,14.2,16.97
18.9167,77.4167,42.56,14.11,17.56
18.9167,77.5833,42.59,14.18,17.59
18.9167,77.75,42.85,14.14,17.85
18.9167,77.9167,42.95,14.2,17.95
18.9167,78.0833,42.23,14.72,17.23
18.9167,78.25,41.43,15.32,16.43
18.9167,78.4167,41.88,14.36,16.88
18.9167,78.5833,42.12,14.22,17.12
18.9167,78.75,42.17,14.1,17.17
18.9167,78.9167,41.82,14.28,16.82
18.9167,79.0833,42.42,14.4,17.42
18.9167,79.25,42.4,14.27,17.4
18.9167,79.4167,42.41,14.39,17.41
18.9167,79.5833,42.13,14.13,17.13
18.9167,79.75,42.08,14.25,17.08
18.9167,79.9167,42.42,14.46,17.42
18.9167,80.0833,40.98,14.5,15.98
18.9167,80.25,41.17,14.43,16.17
18.9167,80.4167,39.97,14.04,14.97
18.9167,80.5833,39.69,13.54,14.69
18.9167,80.75,39.56,13.44,14.56
18.9167,80.9167,39.48,13.35,14.48
18.9167,81.0833,38.66,13.07,13.66
18.9167,81.25,38.7,13.05,13.7
18.9167,81.4167,38.96,12.9,13.96
18.9167,81.5833,37.79,12.05,12.79
18.9167,81.75,37.2,11.63,12.2
18.9167,81.9167,36.92,11.77,11.92
18.9167,82.0833,36.36,11.92,11.36
18.9167,82.25,36.3,12.17,11.3
18.9167,82.4167,36.38,12.18,11.38
18.9167,82.5833,35.32,12.18,10.32
18.9167,82.75,34.66,11.44,9.66
18.9167,82.9167,33.91,11.18,8.91
18.9167,83.0833,33.76,12.15,8.76
18.9167,83.25,35.05,14.12,10.05
18.9167,83.4167,35.41,15.04,10.41
18.9167,83.5833,35.04,15.21,10.04
18.9167,83.75,34.85,15.23,9.85
18.9167,83.9167,34.38,15.47,9.38
18.9167,84.0833,33.37,15.02,8.37
18.9167,84.25,32.65,14.73,7.65
18.9167,84.4167,33.06,15.43,8.06
18.9167,84.5833,34.08,16.67,9.08
18.9167,84.75,33.1,17.19,8.1
18.9167,93.4167,32.76,16.6,7.76
18.9167,93.5833,33.53,15.67,8.53
18.9167,93.75,33.85,15.18,8.85
18.9167,93.9167,33.68,14.74,8.68
18.9167,94.0833,34.11,14.72,9.11
18.9167,94.25,34.7,13.8,9.7
18.9167,94.4167,32.83,12.5,7.83
18.9167,94.5833,31.28,11.05,6.28
18.9167,94.75,32.11,11.03,7.11
18.9167,94.9167,36.79,12.68,11.79
18.9167,95.0833,38.34,12.96,13.34
18.9167,95.25,38.35,13.17,13.35
18.9167,95.4167,38.09,13.28,13.09
18.9167,95.5833,38.43,13.73,13.43
18.9167,95.75,37.82,13.19,12.82
18.9167,95.9167,35.83,12.88,10.83
18.9167,96.0833,36.26,13.8,11.26
18.9167,96.25,37.16,14.49,12.16
18.9167,96.4167,37.97,14.9,12.97
18.9167,96.5833,37.34,14.93,12.34
18.9167,96.75,34.87,13.32,9.87
18.9167,96.9167,32.77,11.38,7.77
18.75,72.75,32.3,20.2,7.3
18.75,72.9167,33.7,18.02,8.7
18.75,73.0833,34.89,17.29,9.89
18.75,73.25,35.71,16.54,10.71
18.75,73.4167,34.34,13.89,9.34
18.75,73.5833,35.65,12.23,10.65
18.75,73.75,36.61,11.99,11.61
18.75,73.9167,37.2,11.81,12.2
18.75,74.0833,37.91,11.88,12.91
18.75,74.25,38.21,12.27,13.21
18.75,74.4167,38.29,12.64,13.29
18.75,74.5833,38.46,12.74,13.46
18.75,74.75,38.82,12.71,13.82
18.75,74.9167,39.33,12.71,14.33
18.75,75.0833,39.89,12.8,14.89
18.75,75.25,39.86,13.25,14.86
18.75,75.4167,39.43,12.86,14.43
18.75,75.5833,39.27,12.49,14.27
18.75,75.75,39.5,12.43,14.5
18.75,75.9167,39.64,12.64,14.64
18.75,76.0833,39.77,12.88,14.77
18.75,76.25,40.02,12.82,15.02
18.75,76.4167,40.36,13.5,15.36
18.75,76.5833,40.63,13.53,15.63
18.75,76.75,41.11,13.73,16.11
18.75,76.9167,41.31,13.8,16.31
18.75,77.0833,41.47,13.99,16.47
18.75,77.25,41.6,14.15,16.6
18.75,77.4167,42.02,14.26,17.02
18.75,77.5833,42.53,14.23,17.53
18.75,77.75,42.64,14.22,17.64
18.75,77.9167,42.3,14.38,17.3
18.75,78.0833,41.65,14.48,16.65
18.75,78.25,41.92,14.28,16.92
18.75,78.4167,42.21,14.15,17.21
18.75,78.5833,41.8,14.11,16.8
18.75,78.75,41.66,14.02,16.66
18.75,78.9167,41.42,14.14,16.42
18.75,79.0833,41.78,14.24,16.78
18.75,79.25,41.97,14.36,16.97
18.75,79.4167,41.93,14.56,16.93
18.75,79.5833,42.18,14.63,17.18
18.75,79.75,42.34,14.54,17.34
18.75,79.9167,42.17,14.58,17.17
18.75,80.0833,41.74,14.69,16.74
18.75,80.25,41.36,14.74,16.36
18.75,80.4167,40.67,14.41,15.67
18.75,80.5833,40.53,14.5,15.53
18.75,80.75,39.9,14.04,14.9
18.75,80.9167,39.02,13.49,14.02
18.75,81.0833,38.1,13.22,13.1
18.75,81.25,37.07,12.45,12.07
18.75,81.4167,38.03,12.83,13.03
18.75,81.5833,37.4,12.69,12.4
18.75,81.75,37.4,13.22,12.4
18.75,81.9167,36.72,13.27,11.72
18.75,82.0833,36.07,12.9,11.07
18.75,82.25,36.33,12.7,11.33
18.75,82.4167,36.08,12.52,11.08
18.75,82.5833,34.37,11.95,9.37
18.75,82.75,34.11,11.62,9.11
18.75,82.9167,33.12,11.2,8.12
18.75,83.0833,32.49,11.97,7.49
18.75,83.25,35.69,15.25,10.69
18.75,83.4167,36.37,15.96,11.37
18.75,83.5833,35.84,15.98,10.84
18.75,83.75,33.73,15.03,8.73
18.75,83.9167,35.21,16.31,10.21
18.75,84.0833,34.69,16.31,9.69
18.75,84.25,34.22,16.35,9.22
18.75,84.4167,34.22,16.87,9.22
18.75,84.5833,33.49,16.98,8.49
18.75,93.5833,33.54,15.08,8.54
18.75,93.75,33.73,15.24,8.73
18.75,93.9167,33.48,15.55,8.48
18.75,94.0833,33.87,15.31,8.87
18.75,94.25,34.17,14.12,9.17
18.75,94.4167,33.3,12.84,8.3
18.75,94.5833,31.89,11.59,6.89
18.75,94.75,32.52,11.4,7.52
18.75,94.9167,36.62,13.11,11.62
18.75,95.0833,38.29,13.29,13.29
18.75,95.25,37.92,13.47,12.92
18.75,95.4167,38.26,13.39,13.26
18.75,95.5833,38.66,13.66,13.66
18.75,95.75,38.42,13.44,13.42
18.75,95.9167,35.68,12.85,10.68
18.75,96.0833,35.86,13.55,10.86
18.75,96.25,36.48,14.12,11.48
18.75,96.4167,37.94,14.82,12.94
18.75,96.5833,37.92,14.87,12.92
18.75,96.75,34.36,13.13,9.36
18.75,96.9167,31.1,10.13,6.1
18.5833,72.9167,33.74,18.24,8.74
18.5833,73.0833,34.41,17.57,9.41
18.5833,73.25,35.29,16.9,10.29
18.5833,73.4167,33.61,13.67,8.61
18.5833,73.5833,35.22,12.39,10.22
18.5833,73.75,36.58,12.23,11.58
18.5833,73.9167,37.12,12.28,12.12
18.5833,74.0833,37.47,12.18,12.47
18.5833,74.25,37.34,12.31,12.34
18.5833,74.4167,37.66,12.53,12.66
18.5833,74.5833,38.07,12.74,13.07
18.5833,74.75,38.94,13.23,13.94
18.5833,74.9167,39.18,13.26,14.18
18.5833,75.0833,39.74,13.18,14.74
18.5833,75.25,40.15,13.35,15.15
18.5833,75.4167,40.09,13.57,15.09
18.5833,75.5833,39.82,13.46,14.82
18.5833,75.75,39.67,12.76,14.67
18.5833,75.9167,39.91,12.53,14.91
18.5833,76.0833,39.69,12.93,14.69
18.5833,76.25,39.94,12.78,14.94
18.5833,76.4167,40.11,12.82,15.11
18.5833,76.5833,40.4,12.95,15.4
18.5833,76.75,40.68,13.41,15.68
18.5833,76.9167,40.9,13.44,15.9
18.5833,77.0833,41.2,13.57,16.2
18.5833,77.25,41.61,14.06,16.61
18.5833,77.4167,42.03,14.22,17.03
18.5833,77.5833,42.64,14.12,17.64
18.5833,77.75,42.22,14.3,17.22
18.5833,77.9167,41.37,14.6,16.37
18.5833,78.0833,41.31,14.4,16.31
18.5833,78.25,41.53,14.17,16.53
18.5833,78.4167,41.66,14.17,16.66
18.5833,78.5833,40.99,13.87,15.99
18.5833,78.75,41.41,13.82,16.41
18.5833,78.9167,41.76,13.77,16.76
18.5833,79.0833,42.03,13.98,17.03
18.5833,79.25,41.33,14.21,16.33
18.5833,79.4167,41.61,14.5,16.61
18.5833,79.5833,41.76,14.82,16.76
18.5833,79.75,41.93,14.68,16.93
18.5833,79.9167,41.91,14.64,16.91
18.5833,80.0833,41.55,14.67,16.55
18.5833,80.25,41.09,14.76,16.09
18.5833,80.4167,40.91,15.01,15.91
18.5833,80.5833,39.74,14.5,14.74
18.5833,80.75,39.91,14.49,14.91
18.5833,80.9167,39.65,14.39,14.65
18.5833,81.0833,38.31,13.76,13.31
18.5833,81.25,36.54,12.56,11.54
18.5833,81.4167,37.85,13.25,12.85
18.5833,81.5833,38.4,14.17,13.4
18.5833,81.75,38.81,14.35,13.81
18.5833,81.9167,38.53,14.43,13.53
18.5833,82.0833,38.22,14.5,13.22
18.5833,82.25,37.51,14.22,12.51
18.5833,82.4167,34.89,12.4,9.89
18.5833,82.5833,34.18,11.53,9.18
18.5833,82.75,33.42,11.43,8.42
18.5833,82.9167,32.78,11.34,7.78
18.5833,83.0833,34.25,13.95,9.25
18.5833,83.25,36.25,16.0,11.25
18.5833,83.4167,36.43,16.42,11.43
18.5833,83.5833,36.04,16.71,11.04
18.5833,83.75,35.62,16.61,10.62
18.5833,83.9167,34.98,16.55,9.98
18.5833,84.0833,34.82,16.86,9.82
18.5833,84.25,34.68,17.2,9.68
18.5833,84.4167,34.02,17.36,9.02
18.5833,93.75,33.02,16.37,8.02
18.5833,94.25,34.36,14.04,9.36
18.5833,94.4167,33.76,13.34,8.76
18.5833,94.5833,32.72,12.3,7.72
18.5833,94.75,32.35,11.69,7.35
18.5833,94.9167,36.17,13.34,11.17
18.5833,95.0833,38.0,13.81,13.0
18.5833,95.25,38.48,13.6,13.48
18.5833,95.4167,37.94,13.86,12.94
18.5833,95.5833,38.03,14.03,13.03
18.5833,95.75,38.26,14.11,13.26
18.5833,95.9167,36.09,13.18,11.09
18.5833,96.0833,35.73,13.5,10.73
18.5833,96.25,36.23,14.01,11.23
18.5833,96.4167,37.66,14.6,12.66
18.5833,96.5833,38.46,14.88,13.46
18.5833,96.75,36.31,14.56,11.31
18.5833,96.9167,32.47,11.55,7.47
18.4167,72.9167,32.83,18.46,7.83
18.4167,73.0833,33.78,18.03,8.78
18.4167,73.25,35.06,17.45,10.06
18.4167,73.4167,34.23,15.0,9.23
18.4167,73.5833,34.24,12.7,9.24
18.4167,73.75,35.71,12.29,10.71
18.4167,73.9167,36.41,12.09,11.41
18.4167,74.0833,37.07,12.27,12.07
18.4167,74.25,37.63,12.67,12.63
18.4167,74.4167,37.86,12.99,12.86
18.4167,74.5833,38.14,13.17,13.14
18.4167,74.75,38.59,13.51,13.59
18.4167,74.9167,39.39,13.66,14.39
18.4167,75.0833,39.54,13.63,14.54
18.4167,75.25,39.93,13.55,14.93
18.4167,75.4167,40.22,13.84,15.22
18.4167,75.5833,40.42,13.88,15.42
18.4167,75.75,39.97,13.91,14.97
18.4167,75.9167,39.78,13.08,14.78
18.4167,76.0833,39.91,13.04,14.91
18.4167,76.25,40.0,13.13,15.0
18.4167,76.4167,40.21,13.08,15.21
18.4167,76.5833,40.34,13.21,15.34
18.4167,76.75,40.45,13.25,15.45
18.4167,76.9167,40.43,13.33,15.43
18.4167,77.0833,40.67,13.59,15.67
18.4167,77.25,41.53,13.98,16.53
18.4167,77.4167,41.81,14.11,16.81
18.4167,77.5833,42.18,14.18,17.18
18.4167,77.75,41.97,14.45,16.97
18.4167,77.9167,40.98,14.62,15.98
18.4167,78.0833,41.02,13.81,16.02
18.4167,78.25,41.03,13.52,16.03
18.4167,78.4167,40.84,13.71,15.84
18.4167,78.5833,41.07,13.79,16.07
18.4167,78.75,41.79,14.05,16.79
18.4167,78.9167,42.16,14.08,17.16
18.4167,79.0833,41.63,14.76,16.63
18.4167,79.25,41.32,14.59,16.32
18.4167,79.4167,41.77,14.58,16.77
18.4167,79.5833,42.04,14.65,17.04
18.4167,79.75,41.85,14.78,16.85
18.4167,79.9167,41.09,14.75,16.09
18.4167,80.0833,41.12,14.79,16.12
18.4167,80.25,40.93,14.89,15.93
18.4167,80.4167,41.37,15.2,16.37
18.4167,80.5833,40.22,14.91,15.22
18.4167,80.75,38.8,14.35,13.8
18.4167,80.9167,40.13,14.88,15.13
18.4167,81.0833,39.78,14.83,14.78
18.4167,81.25,38.54,14.46,13.54
18.4167,81.4167,37.72,14.1,12.72
18.4167,81.5833,38.83,14.74,13.83
18.4167,81.75,38.73,14.72,13.73
18.4167,81.9167,38.16,14.98,13.16
18.4167,82.0833,38.29,14.71,13.29
18.4167,82.25,36.17,13.78,11.17
18.4167,82.4167,34.77,12.69,9.77
18.4167,82.5833,33.58,12.32,8.58
18.4167,82.75,32.65,11.39,7.65
18.4167,82.9167,32.32,11.72,7.32
18.4167,83.0833,34.11,14.35,9.11
18.4167,83.25,35.88,16.12,10.88
18.4167,83.4167,36.14,16.65,11.14
18.4167,83.5833,35.84,16.76,10.84
18.4167,83.75,35.98,17.09,10.98
18.4167,83.9167,35.41,17.11,10.41
18.4167,84.0833,34.86,17.24,9.86
18.4167,84.25,34.47,17.43,9.47
18.4167,93.9167,33.1,17.8,8.1
18.4167,94.25,34.43,14.01,9.43
18.4167,94.4167,34.52,13.71,9.52
18.4167,94.5833,32.88,12.73,7.88
18.4167,94.75,32.02,11.71,7.02
18.4167,94.9167,34.58,12.92,9.58
18.4167,95.0833,37.67,13.68,12.67
18.4167,95.25,38.21,13.95,13.21
18.4167,95.4167,38.26,13.9,13.26
18.4167,95.5833,38.02,14.05,13.02
18.4167,95.75,38.39,14.01,13.39
18.4167,95.9167,36.27,13.31,11.27
18.4167,96.0833,35.8,13.58,10.8
18.4167,96.25,36.17,14.2,11.17
18.4167,96.4167,37.29,14.57,12.29
18.4167,96.5833,38.79,14.88,13.79
18.4167,96.75,37.53,14.87,12.53
18.4167,96.9167,32.94,12.01,7.94
18.25,72.9167,32.6,19.4,7.6
18.25,73.0833,33.36,18.73,8.36
18.25,73.25,34.92,18.08,9.92
18.25,73.4167,34.38,16.55,9.38
18.25,73.5833,33.92,13.64,8.92
18.25,73.75,35.12,12.83,10.12
18.25,73.9167,36.17,12.57,11.17
18.25,74.0833,36.94,12.77,11.94
18.25,74.25,37.94,12.94,12.94
18.25,74.4167,38.57,13.05,13.57
18.25,74.5833,38.68,13.4,13.68
18.25,74.75,38.3,13.87,13.3
18.25,74.9167,38.21,14.22,13.21
18.25,75.0833,37.96,14.45,12.96
18.25,75.25,39.8,13.81,14.8
18.25,75.4167,40.12,13.99,15.12
18.25,75.5833,40.51,14.13,15.51
18.25,75.75,40.53,14.38,15.53
18.25,75.9167,40.3,14.41,15.3
18.25,76.0833,39.83,13.43,14.83
18.25,76.25,40.18,13.39,15.18
18.25,76.4167,40.17,13.35,15.17
18.25,76.5833,40.34,13.32,15.34
18.25,76.75,40.43,13.32,15.43
18.25,76.9167,40.6,13.44,15.6
18.25,77.0833,40.73,13.43,15.73
18.25,77.25,40.89,13.62,15.89
18.25,77.4167,41.06,13.77,16.06
18.25,77.5833,41.46,14.16,16.46
18.25,77.75,41.32,14.44,16.32
18.25,77.9167,40.76,14.78,15.76
18.25,78.0833,40.77,14.27,15.77
18.25,78.25,40.9,13.77,15.9
18.25,78.4167,40.76,13.4,15.76
18.25,78.5833,40.93,13.75,15.93
18.25,78.75,41.28,13.87,16.28
18.25,78.9167,41.42,14.14,16.42
18.25,79.0833,41.84,14.28,16.84
18.25,79.25,41.46,14.62,16.46
18.25,79.4167,41.27,14.86,16.27
18.25,79.5833,41.59,14.72,16.59
18.25,79.75,41.63,14.82,16.63
18.25,79.9167,40.74,15.04,15.74
18.25,80.0833,40.71,15.05,15.71
18.25,80.25,40.58,15.13,15.58
18.25,80.4167,40.92,15.29,15.92
18.25,80.5833,41.01,15.5,16.01
18.25,80.75,39.54,15.13,14.54
18.25,80.9167,39.94,15.37,14.94
18.25,81.0833,39.68,15.25,14.68
18.25,81.25,38.76,15.1,13.76
18.25,81.4167,38.47,15.16,13.47
18.25,81.5833,38.89,15.33,13.89
18.25,81.75,38.38,15.32,13.38
18.25,81.9167,38.62,15.57,13.62
18.25,82.0833,37.46,15.3,12.46
18.25,82.25,35.28,14.07,10.28
18.25,82.4167,34.18,12.22,9.18
18.25,82.5833,32.89,11.54,7.89
18.25,82.75,32.03,11.38,7.03
18.25,82.9167,31.63,11.68,6.63
18.25,83.0833,33.71,14.64,8.71
18.25,83.25,35.63,16.67,10.63
18.25,83.4167,36.18,17.2,11.18
18.25,83.5833,35.89,17.22,10.89
18.25,83.75,35.49,17.36,10.49
18.25,83.9167,34.97,17.47,9.97
18.25,84.0833,34.52,17.45,9.52
18.25,94.25,34.17,15.25,9.17
18.25,94.4167,34.76,14.31,9.76
18.25,94.5833,33.02,13.06,8.02
18.25,94.75,31.71,11.59,6.71
18.25,94.9167,32.8,12.12,7.8
18.25,95.0833,37.5,13.8,12.5
18.25,95.25,37.9,14.08,12.9
18.25,95.4167,38.17,14.17,13.17
18.25,95.5833,38.76,14.12,13.76
18.25,95.75,38.67,14.05,13.67
18.25,95.9167,36.75,13.87,11.75
18.25,96.0833,35.78,13.71,10.78
18.25,96.25,36.13,14.36,11.13
18.25,96.4167,36.88,14.56,11.88
18.25,96.5833,38.36,14.92,13.36
18.25,96.75,38.31,14.98,13.31
18.25,96.9167,34.73,13.53,9.73
18.0833,72.9167,32.48,19.58,7.48
18.0833,73.0833,32.79,19.19,7.79
18.0833,73.25,33.6,18.5,8.6
18.0833,73.4167,35.28,18.2,10.28
18.0833,73.5833,34.4,16.15,9.4
18.0833,73.75,34.32,13.21,9.32
18.0833,73.9167,35.91,13.14,10.91
18.0833,74.0833,37.08,13.6,12.08
18.0833,74.25,37.36,13.46,12.36
18.0833,74.4167,37.51,13.34,12.51
18.0833,74.5833,37.72,13.38,12.72
18.0833,74.75,38.15,13.61,13.15
18.0833,74.9167,38.9,13.97,13.9
18.0833,75.0833,38.22,14.51,13.22
18.0833,75.25,38.98,14.35,13.98
18.0833,75.4167,40.02,14.2,15.02
18.0833,75.5833,40.31,14.43,15.31
18.0833,75.75,40.58,14.66,15.58
18.0833,75.9167,40.49,14.81,15.49
18.0833,76.0833,40.01,14.35,15.01
18.0833,76.25,40.07,13.64,15.07
18.0833,76.4167,39.9,13.67,14.9
18.0833,76.5833,40.35,13.55,15.35
18.0833,76.75,40.45,13.48,15.45
18.0833,76.9167,40.67,13.43,15.67
18.0833,77.0833,40.83,13.46,15.83
18.0833,77.25,40.82,13.56,15.82
18.0833,77.4167,40.96,13.63,15.96
18.0833,77.5833,41.2,13.9,16.2
18.0833,77.75,41.23,14.11,16.23
18.0833,77.9167,40.78,14.66,15.78
18.0833,78.0833,40.65,14.41,15.65
18.0833,78.25,40.59,14.19,15.59
18.0833,78.4167,40.37,13.75,15.37
18.0833,78.5833,40.7,13.54,15.7
18.0833,78.75,40.57,13.59,15.57
18.0833,78.9167,40.78,13.69,15.78
18.0833,79.0833,41.0,14.06,16.0
18.0833,79.25,41.01,14.51,16.01
18.0833,79.4167,41.21,14.91,16.21
18.0833,79.5833,41.04,15.21,16.04
18.0833,79.75,41.17,14.98,16.17
18.0833,79.9167,40.9,14.92,15.9
18.0833,80.0833,40.52,14.96,15.52
18.0833,80.25,39.82,14.82,14.82
18.0833,80.4167,39.95,15.21,14.95
18.0833,80.5833,40.52,15.6,15.52
18.0833,80.75,40.67,15.77,15.67
18.0833,80.9167,40.07,15.83,15.07
18.0833,81.0833,39.27,15.67,14.27
18.0833,81.25,39.35,15.63,14.35
18.0833,81.4167,39.66,15.79,14.66
18.0833,81.5833,39.18,15.95,14.18
18.0833,81.75,38.64,15.96,13.64
18.0833,81.9167,36.47,14.75,11.47
18.0833,82.0833,35.86,14.27,10.86
18.0833,82.25,34.55,13.46,9.55
18.0833,82.4167,32.94,11.91,7.94
18.0833,82.5833,31.69,11.33,6.69
18.0833,82.75,31.62,12.19,6.62
18.0833,82.9167,33.19,14.68,8.19
18.0833,83.0833,35.16,16.67,10.16
18.0833,83.25,36.47,17.59,11.47
18.0833,83.4167,36.2,17.71,11.2
18.0833,83.5833,35.53,17.83,10.53
18.0833,83.75,35.05,17.9,10.05
18.0833,94.0833,32.96,17.52,7.96
18.0833,94.4167,34.77,14.68,9.77
18.0833,94.5833,33.31,13.46,8.31
18.0833,94.75,31.96,11.96,6.96
18.0833,94.9167,32.46,12.16,7.46
18.0833,95.0833,37.03,14.07,12.03
18.0833,95.25,38.33,14.19,13.33
18.0833,95.4167,38.24,14.51,13.24
18.0833,95.5833,38.43,14.29,13.43
18.0833,95.75,38.81,14.27,13.81
18.0833,95.9167,37.29,14.4,12.29
18.0833,96.0833,36.08,14.04,11.08
18.0833,96.25,36.23,14.66,11.23
18.0833,96.4167,36.61,15.04,11.61
18.0833,96.5833,38.25,14.88,13.25
18.0833,96.75,38.46,15.09,13.46
18.0833,96.9167,37.13,15.25,12.13
17.9167,73.0833,32.25,19.71,7.25
17.9167,73.25,33.31,18.54,8.31
17.9167,73.4167,34.24,18.03,9.24
17.9167,73.5833,32.7,15.15,7.7
17.9167,73.75,32.96,12.96,7.96
17.9167,73.9167,35.28,13.16,10.28
17.9167,74.0833,36.07,13.07,11.07
17.9167,74.25,37.11,13.61,12.11
17.9167,74.4167,37.86,13.81,12.86
17.9167,74.5833,37.93,13.83,12.93
17.9167,74.75,38.36,13.99,13.36
17.9167,74.9167,38.61,14.0,13.61
17.9167,75.0833,38.47,14.16,13.47
17.9167,75.25,39.07,14.52,14.07
17.9167,75.4167,39.97,14.66,14.97
17.9167,75.5833,40.25,14.71,15.25
17.9167,75.75,40.62,14.95,15.62
17.9167,75.9167,40.6,15.13,15.6
17.9167,76.0833,40.35,15.03,15.35
17.9167,76.25,40.01,14.54,15.01
17.9167,76.4167,40.18,13.99,15.18
17.9167,76.5833,40.28,13.95,15.28
17.9167,76.75,40.19,13.89,15.19
17.9167,76.9167,40.06,13.6,15.06
17.9167,77.0833,40.24,13.58,15.24
17.9167,77.25,40.31,13.55,15.31
17.9167,77.4167,39.93,13.95,14.93
17.9167,77.5833,40.57,13.7,15.57
17.9167,77.75,40.7,14.02,15.7
17.9167,77.9167,40.64,14.12,15.64
17.9167,78.0833,40.58,14.06,15.58
17.9167,78.25,40.35,14.07,15.35
17.9167,78.4167,40.32,13.84,15.32
17.9167,78.5833,40.15,13.51,15.15
17.9167,78.75,40.22,13.58,15.22
17.9167,78.9167,40.4,13.64,15.4
17.9167,79.0833,40.49,13.84,15.49
17.9167,79.25,40.69,14.39,15.69
17.9167,79.4167,41.12,14.81,16.12
17.9167,79.5833,41.11,15.18,16.11
17.9167,79.75,41.04,15.13,16.04
17.9167,79.9167,40.6,15.21,15.6
17.9167,80.0833,40.24,14.9,15.24
17.9167,80.25,39.57,14.75,14.57
17.9167,80.4167,39.83,15.17,14.83
17.9167,80.5833,39.21,15.42,14.21
17.9167,80.75,39.67,15.96,14.67
17.9167,80.9167,40.09,16.31,15.09
17.9167,81.0833,39.24,15.96,14.24
17.9167,81.25,38.8,16.07,13.8
17.9167,81.4167,39.62,16.36,14.62
17.9167,81.5833,38.99,16.39,13.99
17.9167,81.75,36.27,15.13,11.27
17.9167,81.9167,34.45,13.66,9.45
17.9167,82.0833,33.34,12.95,8.34
17.9167,82.25,32.66,12.26,7.66
17.9167,82.4167,33.35,12.77,8.35
17.9167,82.5833,32.06,12.58,7.06
17.9167,82.75,35.33,16.45,10.33
17.9167,82.9167,36.34,17.46,11.34
17.9167,83.0833,36.24,17.67,11.24
17.9167,83.25,35.91,17.76,10.91
17.9167,83.4167,35.8,18.13,10.8
17.9167,83.5833,35.2,18.23,10.2
17.9167,94.4167,34.67,15.08,9.67
17.9167,94.5833,33.83,14.16,8.83
17.9167,94.75,32.56,12.88,7.56
17.9167,94.9167,33.6,13.05,8.6
17.9167,95.0833,37.12,14.37,12.12
17.9167,95.25,38.2,14.39,13.2
17.9167,95.4167,38.16,14.75,13.16
17.9167,95.5833,38.52,14.53,13.52
17.9167,95.75,38.48,14.47,13.48
17.9167,95.9167,37.44,14.74,12.44
17.9167,96.0833,36.15,14.58,11.15
17.9167,96.25,36.23,14.73,11.23
17.9167,96.4167,36.42,15.05,11.42
17.9167,96.5833,38.19,15.03,13.19
17.9167,96.75,38.35,15.18,13.35
17.9167,96.9167,37.46,15.26,12.46
17.75,73.0833,32.06,19.91,7.06
17.75,73.25,33.04,18.78,8.04
17.75,73.4167,34.35,18.64,9.35
17.75,73.5833,33.11,16.28,8.11
17.75,73.75,33.22,14.03,8.22
17.75,73.9167,35.0,13.73,10.0
17.75,74.0833,35.93,13.58,10.93
17.75,74.25,36.42,13.27,11.42
17.75,74.4167,36.58,13.19,11.58
17.75,74.5833,37.6,13.52,12.6
17.75,74.75,38.22,14.1,13.22
17.75,74.9167,38.49,14.39,13.49
17.75,75.0833,38.62,14.37,13.62
17.75,75.25,38.73,14.65,13.73
17.75,75.4167,38.99,14.89,13.99
17.75,75.5833,39.81,15.19,14.81
17.75,75.75,40.25,15.31,15.25
17.75,75.9167,40.53,15.47,15.53
17.75,76.0833,40.55,15.27,15.55
17.75,76.25,40.31,15.16,15.31
17.75,76.4167,40.13,14.3,15.13
17.75,76.5833,40.33,14.04,15.33
17.75,76.75,40.2,14.47,15.2
17.75,76.9167,39.98,14.25,14.98
17.75,77.0833,39.79,13.91,14.79
17.75,77.25,39.94,13.66,14.94
17.75,77.4167,39.91,13.74,14.91
17.75,77.5833,39.93,13.67,14.93
17.75,77.75,40.57,13.61,15.57
17.75,77.9167,39.81,14.41,14.81
17.75,78.0833,40.38,13.97,15.38
17.75,78.25,39.96,14.03,14.96
17.75,78.4167,39.77,13.56,14.77
17.75,78.5833,39.73,13.54,14.73
17.75,78.75,39.92,13.47,14.92
17.75,78.9167,40.36,13.96,15.36
17.75,79.0833,40.62,14.34,15.62
17.75,79.25,40.94,14.75,15.94
17.75,79.4167,41.19,15.06,16.19
17.75,79.5833,41.19,15.34,16.19
17.75,79.75,41.02,15.46,16.02
17.75,79.9167,40.93,15.55,15.93
17.75,80.0833,40.22,15.25,15.22
17.75,80.25,39.3,15.09,14.3
17.75,80.4167,39.98,15.44,14.98
17.75,80.5833,39.91,15.86,14.91
17.75,80.75,39.73,16.13,14.73
17.75,80.9167,40.35,16.45,15.35
17.75,81.0833,39.84,16.43,14.84
17.75,81.25,38.86,16.53,13.86
17.75,81.4167,39.38,16.83,14.38
17.75,81.5833,36.87,15.78,11.87
17.75,81.75,34.27,13.7,9.27
17.75,81.9167,33.67,13.48,8.67
17.75,82.0833,33.99,14.27,8.99
17.75,82.25,33.39,13.88,8.39
17.75,82.4167,34.09,14.87,9.09
17.75,82.5833,35.61,16.61,10.61
17.75,82.75,36.31,17.55,11.31
17.75,82.9167,36.43,17.9,11.43
17.75,83.0833,36.1,18.07,11.1
17.75,83.25,35.43,18.32,10.43
17.75,83.4167,35.12,18.43,10.12
17.75,94.4167,34.78,15.25,9.78
17.75,94.5833,34.3,14.7,9.3
17.75,94.75,33.7,13.66,8.7
17.75,94.9167,34.78,13.99,9.78
17.75,95.0833,37.52,14.69,12.52
17.75,95.25,38.0,14.58,13.0
17.75,95.4167,37.94,14.96,12.94
17.75,95.5833,38.47,14.73,13.47
17.75,95.75,38.15,14.86,13.15
17.75,95.9167,37.56,15.12,12.56
17.75,96.0833,36.48,15.14,11.48
17.75,96.25,36.83,15.23,11.83
17.75,96.4167,36.33,15.21,11.33
17.75,96.5833,37.8,15.5,12.8
17.75,96.75,38.05,15.28,13.05
17.75,96.9167,37.49,15.27,12.49
17.5833,73.0833,32.06,20.03,7.06
17.5833,73.25,32.81,19.19,7.81
17.5833,73.4167,34.0,18.55,9.0
17.5833,73.5833,34.43,18.12,9.43
17.5833,73.75,32.16,15.05,7.16
17.5833,73.9167,34.53,13.68,9.53
17.5833,74.0833,36.04,13.94,11.04
17.5833,74.25,36.57,13.73,11.57
17.5833,74.4167,37.24,13.4,12.24
17.5833,74.5833,37.53,13.71,12.53
17.5833,74.75,38.31,14.14,13.31
17.5833,74.9167,38.66,14.61,13.66
17.5833,75.0833,38.94,14.66,13.94
17.5833,75.25,39.15,14.76,14.15
17.5833,75.4167,39.37,14.96,14.37
17.5833,75.5833,39.51,15.16,14.51
17.5833,75.75,40.2,15.38,15.2
17.5833,75.9167,40.37,15.72,15.37
17.5833,76.0833,40.44,15.4,15.44
17.5833,76.25,40.49,15.34,15.49
17.5833,76.4167,40.35,15.0,15.35
17.5833,76.5833,40.25,14.7,15.25
17.5833,76.75,40.41,14.63,15.41
17.5833,76.9167,40.64,14.86,15.64
17.5833,77.0833,40.33,14.7,15.33
17.5833,77.25,40.2,14.42,15.2
17.5833,77.4167,40.12,14.13,15.12
17.5833,77.5833,39.56,13.81,14.56
17.5833,77.75,40.0,13.58,15.0
17.5833,77.9167,40.36,13.74,15.36
17.5833,78.0833,40.18,13.87,15.18
17.5833,78.25,39.93,14.03,14.93
17.5833,78.4167,39.47,13.89,14.47
17.5833,78.5833,39.62,13.83,14.62
17.5833,78.75,39.94,14.12,14.94
17.5833,78.9167,40.44,14.51,15.44
17.5833,79.0833,41.09,14.68,16.09
17.5833,79.25,41.27,15.08,16.27
17.5833,79.4167,41.36,15.31,16.36
17.5833,79.5833,41.24,15.56,16.24
17.5833,79.75,41.12,15.76,16.12
17.5833,79.9167,40.94,15.89,15.94
17.5833,80.0833,40.73,15.84,15.73
17.5833,80.25,40.46,15.61,15.46
17.5833,80.4167,40.44,15.77,15.44
17.5833,80.5833,40.46,16.17,15.46
17.5833,80.75,40.09,16.46,15.09
17.5833,80.9167,39.94,16.65,14.94
17.5833,81.0833,39.5,16.91,14.5
17.5833,81.25,39.52,17.06,14.52
17.5833,81.4167,37.79,16.47,12.79
17.5833,81.5833,35.69,15.2,10.69
17.5833,81.75,34.99,14.8,9.99
17.5833,81.9167,35.56,15.63,10.56
17.5833,82.0833,35.62,16.1,10.62
17.5833,82.25,35.83,16.55,10.83
17.5833,82.4167,36.09,17.18,11.09
17.5833,82.5833,36.52,17.72,11.52
17.5833,82.75,36.22,17.86,11.22
17.5833,82.9167,36.28,18.28,11.28
17.5833,83.0833,36.01,18.52,11.01
17.5833,83.25,35.59,18.78,10.59
17.5833,94.5833,34.64,15.26,9.64
17.5833,94.75,34.14,14.41,9.14
17.5833,94.9167,35.96,14.72,10.96
17.5833,95.0833,37.8,14.9,12.8
17.5833,95.25,38.28,14.85,13.28
17.5833,95.4167,38.34,14.96,13.34
17.5833,95.5833,38.21,15.15,13.21
17.5833,95.75,38.26,15.06,13.26
17.5833,95.9167,37.84,15.2,12.84
17.5833,96.0833,36.54,15.52,11.54
17.5833,96.25,37.19,15.35,12.19
17.5833,96.4167,36.87,15.46,11.87
17.5833,96.5833,37.37,16.16,12.37
17.5833,96.75,38.0,15.47,13.0
17.5833,96.9167,37.39,15.46,12.39
17.4167,73.25,32.78,19.1,7.78
17.4167,73.4167,33.99,18.3,8.99
17.4167,73.5833,34.07,17.91,9.07
17.4167,73.75,32.43,14.73,7.43
17.4167,73.9167,34.58,14.07,9.58
17.4167,74.0833,35.57,14.23,10.57
17.4167,74.25,36.62,14.11,11.62
17.4167,74.4167,37.41,13.83,12.41
17.4167,74.5833,37.54,13.8,12.54
17.4167,74.75,37.73,14.12,12.73
17.4167,74.9167,38.79,14.62,13.79
17.4167,75.0833,39.24,14.74,14.24
17.4167,75.25,39.48,14.94,14.48
17.4167,75.4167,39.62,15.15,14.62
17.4167,75.5833,40.0,15.29,15.0
17.4167,75.75,39.79,15.4,14.79
17.4167,75.9167,39.84,15.49,14.84
17.4167,76.0833,40.36,15.43,15.36
17.4167,76.25,40.55,15.45,15.55
17.4167,76.4167,40.44,15.37,15.44
17.4167,76.5833,40.47,15.24,15.47
17.4167,76.75,40.39,14.84,15.39
17.4167,76.9167,40.5,14.88,15.5
17.4167,77.0833,40.71,15.03,15.71
17.4167,77.25,40.51,14.87,15.51
17.4167,77.4167,40.77,14.76,15.77
17.4167,77.5833,39.84,14.48,14.84
17.4167,77.75,40.07,14.22,15.07
17.4167,77.9167,39.7,13.77,14.7
17.4167,78.0833,39.91,13.57,14.91
17.4167,78.25,39.5,13.97,14.5
17.4167,78.4167,39.26,14.97,14.26
17.4167,78.5833,39.56,14.8,14.56
17.4167,78.75,39.99,14.68,14.99
17.4167,78.9167,40.58,14.95,15.58
17.4167,79.0833,40.96,15.29,15.96
17.4167,79.25,41.27,15.44,16.27
17.4167,79.4167,41.43,15.6,16.43
17.4167,79.5833,41.27,15.84,16.27
17.4167,79.75,41.2,16.0,16.2
17.4167,79.9167,40.98,16.22,15.98
17.4167,80.0833,40.91,16.18,15.91
17.4167,80.25,40.74,16.1,15.74
17.4167,80.4167,40.28,16.12,15.28
17.4167,80.5833,40.34,16.35,15.34
17.4167,80.75,39.53,16.44,14.53
17.4167,80.9167,38.67,16.42,13.67
17.4167,81.0833,38.49,16.64,13.49
17.4167,81.25,38.42,16.92,13.42
17.4167,81.4167,36.45,16.17,11.45
17.4167,81.5833,36.69,16.66,11.69
17.4167,81.75,36.74,16.77,11.74
17.4167,81.9167,36.98,17.09,11.98
17.4167,82.0833,36.53,17.39,11.53
17.4167,82.25,35.63,16.93,10.63
17.4167,82.4167,36.42,17.81,11.42
17.4167,82.5833,36.48,18.22,11.48
17.4167,82.75,36.34,18.5,11.34
17.4167,82.9167,36.06,18.79,11.06
17.4167,83.0833,35.45,19.1,10.45
17.4167,94.5833,34.38,15.45,9.38
17.4167,94.75,34.22,14.95,9.22
17.4167,94.9167,36.82,15.14,11.82
17.4167,95.0833,37.79,15.21,12.79
17.4167,95.25,38.11,15.16,13.11
17.4167,95.4167,38.27,15.28,13.27
17.4167,95.5833,37.93,15.48,12.93
17.4167,95.75,38.13,15.41,13.13
17.4167,95.9167,37.93,15.58,12.93
17.4167,96.0833,36.68,15.85,11.68
17.4167,96.25,36.95,15.53,11.95
17.4167,96.4167,37.26,15.88,12.26
17.4167,96.5833,37.84,15.96,12.84
17.4167,96.75,37.76,15.72,12.76
17.4167,96.9167,37.19,15.91,12.19
17.25,73.25,32.75,19.5,7.75
17.25,73.4167,33.57,18.55,8.57
17.25,73.5833,34.15,17.96,9.15
17.25,73.75,31.91,14.38,6.91
17.25,73.9167,34.56,14.07,9.56
17.25,74.0833,35.53,14.42,10.53
17.25,74.25,36.11,14.35,11.11
17.25,74.4167,37.39,14.06,12.39
17.25,74.5833,37.59,14.12,12.59
17.25,74.75,37.28,13.8,12.28
17.25,74.9167,38.13,14.5,13.13
17.25,75.0833,38.78,14.92,13.78
17.25,75.25,38.9,15.0,13.9
17.25,75.4167,39.15,15.09,14.15
17.25,75.5833,39.68,15.32,14.68
17.25,75.75,39.76,15.42,14.76
17.25,75.9167,39.7,15.45,14.7
17.25,76.0833,39.94,15.48,14.94
17.25,76.25,40.32,15.55,15.32
17.25,76.4167,40.45,15.45,15.45
17.25,76.5833,40.57,15.44,15.57
17.25,76.75,40.62,15.29,15.62
17.25,76.9167,40.54,15.13,15.54
17.25,77.0833,40.9,14.99,15.9
17.25,77.25,40.78,15.03,15.78
17.25,77.4167,40.63,14.97,15.63
17.25,77.5833,40.2,14.88,15.2
17.25,77.75,39.78,14.71,14.78
17.25,77.9167,39.43,14.12,14.43
17.25,78.0833,39.53,13.58,14.53
17.25,78.25,39.54,13.8,14.54
17.25,78.4167,39.17,14.12,14.17
17.25,78.5833,39.51,14.22,14.51
17.25,78.75,39.82,14.73,14.82
17.25,78.9167,40.77,15.08,15.77
17.25,79.0833,40.95,15.48,15.95
17.25,79.25,41.14,15.79,16.14
17.25,79.4167,41.25,16.06,16.25
17.25,79.5833,41.1,16.26,16.1
17.25,79.75,41.34,16.17,16.34
17.25,79.9167,40.92,16.43,15.92
17.25,80.0833,41.01,16.48,16.01
17.25,80.25,40.59,16.57,15.59
17.25,80.4167,40.11,16.8,15.11
17.25,80.5833,39.11,16.65,14.11
17.25,80.75,39.28,16.64,14.28
17.25,80.9167,38.7,16.6,13.7
17.25,81.0833,38.56,16.75,13.56
17.25,81.25,38.47,17.09,13.47
17.25,81.4167,37.38,16.99,12.38
17.25,81.5833,37.71,17.73,12.71
17.25,81.75,37.91,18.01,12.91
17.25,81.9167,37.54,18.0,12.54
17.25,82.0833,37.08,18.28,12.08
17.25,82.25,36.96,18.38,11.96
17.25,82.4167,36.87,18.66,11.87
17.25,82.5833,36.75,18.72,11.75
17.25,82.75,36.0,19.2,11.0
17.25,94.4167,33.98,17.24,8.98
17.25,94.5833,34.02,16.03,9.02
17.25,94.75,34.6,15.46,9.6
17.25,94.9167,36.97,15.68,11.97
17.25,95.0833,37.62,15.55,12.62
17.25,95.25,37.77,15.54,12.77
17.25,95.4167,37.68,15.89,12.68
17.25,95.5833,37.74,15.78,12.74
17.25,95.75,38.46,15.7,13.46
17.25,95.9167,38.05,16.0,13.05
17.25,96.0833,37.27,15.96,12.27
17.25,96.25,37.37,16.09,12.37
17.25,96.4167,37.21,16.4,12.21
17.25,96.5833,37.42,16.49,12.42
17.25,96.75,37.35,16.07,12.35
17.25,96.9167,36.62,17.01,11.62
17.0833,73.25,32.77,19.37,7.77
17.0833,73.4167,33.51,18.4,8.51
17.0833,73.5833,34.16,17.67,9.16
17.0833,73.75,32.85,15.87,7.85
17.0833,73.9167,34.06,14.36,9.06
17.0833,74.0833,35.92,14.3,10.92
17.0833,74.25,36.11,14.21,11.11
17.0833,74.4167,36.8,14.17,11.8
17.0833,74.5833,38.06,14.25,13.06
17.0833,74.75,37.76,14.23,12.76
17.0833,74.9167,37.69,14.39,12.69
17.0833,75.0833,37.98,14.76,12.98
17.0833,75.25,37.89,14.6,12.89
17.0833,75.4167,38.51,15.14,13.51
17.0833,75.5833,38.89,15.4,13.89
17.0833,75.75,38.85,15.51,13.85
17.0833,75.9167,39.28,15.46,14.28
17.0833,76.0833,39.46,15.44,14.46
17.0833,76.25,39.54,15.53,14.54
17.0833,76.4167,39.82,15.6,14.82
17.0833,76.5833,40.12,15.69,15.12
17.0833,76.75,40.43,15.48,15.43
17.0833,76.9167,40.37,15.5,15.37
17.0833,77.0833,40.39,15.31,15.39
17.0833,77.25,40.36,15.14,15.36
17.0833,77.4167,39.88,15.31,14.88
17.0833,77.5833,39.46,14.93,14.46
17.0833,77.75,39.23,14.95,14.23
17.0833,77.9167,38.89,14.34,13.89
17.0833,78.0833,38.91,13.9,13.91
17.0833,78.25,38.94,13.92,13.94
17.0833,78.4167,38.8,13.81,13.8
17.0833,78.5833,38.97,13.96,13.97
17.0833,78.75,39.14,14.68,14.14
17.0833,78.9167,40.78,15.46,15.78
17.0833,79.0833,41.42,15.69,16.42
17.0833,79.25,41.21,16.2,16.21
17.0833,79.4167,41.4,16.25,16.4
17.0833,79.5833,41.11,16.5,16.11
17.0833,79.75,41.25,16.48,16.25
17.0833,79.9167,40.63,16.72,15.63
17.0833,80.0833,40.54,16.88,15.54
17.0833,80.25,40.43,16.92,15.43
17.0833,80.4167,40.15,17.07,15.15
17.0833,80.5833,39.77,17.29,14.77
17.0833,80.75,39.32,17.23,14.32
17.0833,80.9167,39.12,17.29,14.12
17.0833,81.0833,38.49,17.37,13.49
17.0833,81.25,38.36,17.82,13.36
17.0833,81.4167,38.33,17.9,13.33
17.0833,81.5833,38.21,18.2,13.21
17.0833,81.75,37.96,18.63,12.96
17.0833,81.9167,37.61,18.44,12.61
17.0833,82.0833,37.39,18.68,12.39
17.0833,82.25,36.89,19.08,11.89
17.0833,82.4167,36.72,19.1,11.72
17.0833,94.4167,34.04,16.65,9.04
17.0833,94.5833,33.98,16.03,8.98
17.0833,94.75,35.43,15.89,10.43
17.0833,94.9167,36.58,15.99,11.58
17.0833,95.0833,37.32,15.81,12.32
17.0833,95.25,37.78,15.79,12.78
17.0833,95.4167,37.16,16.29,12.16
17.0833,95.5833,37.05,16.47,12.05
17.0833,95.75,37.83,16.18,12.83
17.0833,95.9167,37.76,16.38,12.76
17.0833,96.0833,37.63,16.42,12.63
17.0833,96.25,37.26,16.82,12.26
17.0833,96.4167,37.62,16.59,12.62
17.0833,96.5833,37.87,16.38,12.87
17.0833,96.75,37.26,16.37,12.26
17.0833,96.9167,36.57,17.2,11.57
16.9167,73.25,32.78,19.39,7.78
16.9167,73.4167,33.56,18.37,8.56
16.9167,73.5833,34.48,17.7,9.48
16.9167,73.75,33.4,16.33,8.4
16.9167,73.9167,34.07,14.34,9.07
16.9167,74.0833,35.64,14.46,10.64
16.9167,74.25,35.98,14.2,10.98
16.9167,74.4167,36.58,14.08,11.58
16.9167,74.5833,37.46,14.21,12.46
16.9167,74.75,37.75,14.51,12.75
16.9167,74.9167,37.81,14.54,12.81
16.9167,75.0833,37.95,14.7,12.95
16.9167,75.25,37.39,14.48,12.39
16.9167,75.4167,37.8,14.72,12.8
16.9167,75.5833,38.08,15.17,13.08
16.9167,75.75,38.46,15.48,13.46
16.9167,75.9167,38.77,15.55,13.77
16.9167,76.0833,38.96,15.48,13.96
16.9167,76.25,39.07,15.52,14.07
16.9167,76.4167,39.36,15.66,14.36
16.9167,76.5833,39.51,15.92,14.51
16.9167,76.75,39.72,15.65,14.72
16.9167,76.9167,40.03,15.82,15.03
16.9167,77.0833,39.45,16.2,14.45
16.9167,77.25,39.07,15.81,14.07
16.9167,77.4167,38.81,15.27,13.81
16.9167,77.5833,39.05,15.07,14.05
16.9167,77.75,39.35,15.36,14.35
16.9167,77.9167,38.61,14.99,13.61
16.9167,78.0833,38.72,14.39,13.72
16.9167,78.25,39.1,14.5,14.1
16.9167,78.4167,39.03,14.43,14.03
16.9167,78.5833,39.07,14.73,14.07
16.9167,78.75,39.95,15.18,14.95
16.9167,78.9167,40.79,15.77,15.79
16.9167,79.0833,41.15,16.09,16.15
16.9167,79.25,41.31,16.4,16.31
16.9167,79.4167,41.14,16.6,16.14
16.9167,79.5833,40.84,16.92,15.84
16.9167,79.75,40.8,17.06,15.8
16.9167,79.9167,40.64,17.11,15.64
16.9167,80.0833,40.7,17.44,15.7
16.9167,80.25,40.34,17.22,15.34
16.9167,80.4167,40.36,17.41,15.36
16.9167,80.5833,39.55,17.56,14.55
16.9167,80.75,39.01,17.71,14.01
16.9167,80.9167,38.95,17.84,13.95
16.9167,81.0833,38.48,17.96,13.48
16.9167,81.25,38.14,18.14,13.14
16.9167,81.4167,38.11,18.41,13.11
16.9167,81.5833,37.76,18.71,12.76
16.9167,81.75,37.44,19.0,12.44
16.9167,81.9167,37.21,19.06,12.21
16.9167,82.0833,36.95,19.39,11.95
16.9167,82.25,36.54,19.59,11.54
16.9167,82.4167,35.49,20.16,10.49
16.9167,94.25,33.1,19.7,8.1
16.9167,94.4167,34.0,16.79,9.0
16.9167,94.5833,34.48,16.27,9.48
16.9167,94.75,35.83,16.39,10.83
16.9167,94.9167,36.43,16.27,11.43
16.9167,95.0833,36.74,16.27,11.74
16.9167,95.25,37.3,16.09,12.3
16.9167,95.4167,37.07,16.07,12.07
16.9167,95.5833,36.74,16.64,11.74
16.9167,95.75,36.74,17.09,11.74
16.9167,95.9167,37.32,16.9,12.32
16.9167,96.0833,37.36,17.21,12.36
16.9167,96.25,37.29,17.23,12.29
16.9167,96.4167,37.95,16.78,12.95
16.9167,96.5833,37.73,16.63,12.73
16.9167,96.75,36.93,16.81,11.93
16.9167,96.9167,35.74,17.65,10.74
16.75,73.25,32.91,19.33,7.91
16.75,73.4167,33.61,18.63,8.61
16.75,73.5833,34.41,17.83,9.41
16.75,73.75,34.21,16.95,9.21
16.75,73.9167,33.25,14.52,8.25
16.75,74.0833,34.74,14.45,9.74
16.75,74.25,35.99,14.56,10.99
16.75,74.4167,36.78,14.46,11.78
16.75,74.5833,36.77,14.28,11.77
16.75,74.75,37.28,14.56,12.28
16.75,74.9167,37.41,14.73,12.41
16.75,75.0833,37.57,15.05,12.57
16.75,75.25,37.46,15.26,12.46
16.75,75.4167,37.29,14.87,12.29
16.75,75.5833,37.54,14.8,12.54
16.75,75.75,37.87,14.96,12.87
16.75,75.9167,38.17,15.13,13.17
16.75,76.0833,38.34,15.32,13.34
16.75,76.25,38.52,15.43,13.52
16.75,76.4167,38.75,15.66,13.75
16.75,76.5833,38.75,15.9,13.75
16.75,76.75,38.93,16.04,13.93
16.75,76.9167,39.41,16.31,14.41
16.75,77.0833,39.57,16.56,14.57
16.75,77.25,39.37,16.49,14.37
16.75,77.4167,39.48,16.21,14.48
16.75,77.5833,39.1,16.09,14.1
16.75,77.75,39.23,16.24,14.23
16.75,77.9167,38.98,15.92,13.98
16.75,78.0833,39.07,15.23,14.07
16.75,78.25,39.49,14.95,14.49
16.75,78.4167,39.36,15.02,14.36
16.75,78.5833,39.68,15.26,14.68
16.75,78.75,40.46,15.62,15.46
16.75,78.9167,40.73,16.11,15.73
16.75,79.0833,40.9,16.35,15.9
16.75,79.25,41.15,16.7,16.15
16.75,79.4167,40.84,17.04,15.84
16.75,79.5833,41.12,17.29,16.12
16.75,79.75,41.06,17.62,16.06
16.75,79.9167,41.09,17.64,16.09
16.75,80.0833,40.51,17.84,15.51
16.75,80.25,40.15,17.56,15.15
16.75,80.4167,39.82,17.82,14.82
16.75,80.5833,39.1,17.91,14.1
16.75,80.75,38.75,18.09,13.75
16.75,80.9167,38.7,18.22,13.7
16.75,81.0833,38.43,18.73,13.43
16.75,81.25,37.7,19.46,12.7
16.75,81.4167,37.5,19.63,12.5
16.75,81.5833,37.51,19.3,12.51
16.75,81.75,37.31,19.18,12.31
16.75,81.9167,37.01,19.34,12.01
16.75,82.0833,36.62,19.66,11.62
16.75,82.25,36.13,19.64,11.13
16.75,82.4167,35.46,19.94,10.46
16.75,94.4167,33.52,16.83,8.52
16.75,94.5833,34.87,16.78,9.87
16.75,94.75,35.54,17.0,10.54
16.75,94.9167,35.75,16.98,10.75
16.75,95.0833,36.28,16.74,11.28
16.75,95.25,36.76,16.53,11.76
16.75,95.4167,36.8,16.52,11.8
16.75,95.5833,37.16,16.77,12.16
16.75,95.75,36.36,17.47,11.36
16.75,95.9167,36.66,17.37,11.66
16.75,96.0833,37.56,17.11,12.56
16.75,96.25,37.08,17.45,12.08
16.75,96.4167,38.09,16.81,13.09
16.75,96.5833,37.82,16.76,12.82
16.75,96.75,36.98,17.05,11.98
16.75,96.9167,35.33,18.37,10.33
16.5833,73.25,32.67,19.92,7.67
16.5833,73.4167,33.77,19.11,8.77
16.5833,73.5833,34.54,17.98,9.54
16.5833,73.75,35.02,17.62,10.02
16.5833,73.9167,32.91,14.71,7.91
16.5833,74.0833,34.56,14.49,9.56
16.5833,74.25,35.9,14.52,10.9
16.5833,74.4167,36.12,14.38,11.12
16.5833,74.5833,36.15,14.35,11.15
16.5833,74.75,36.1,14.49,11.1
16.5833,74.9167,36.04,14.56,11.04
16.5833,75.0833,36.08,14.93,11.08
16.5833,75.25,36.28,15.15,11.28
16.5833,75.4167,36.32,15.42,11.32
16.5833,75.5833,36.98,15.45,11.98
16.5833,75.75,37.11,15.34,12.11
16.5833,75.9167,37.36,15.27,12.36
16.5833,76.0833,37.63,15.29,12.63
16.5833,76.25,38.23,15.4,13.23
16.5833,76.4167,38.13,15.78,13.13
16.5833,76.5833,38.02,16.32,13.02
16.5833,76.75,38.25,16.71,13.25
16.5833,76.9167,39.25,16.71,14.25
16.5833,77.0833,39.62,16.79,14.62
16.5833,77.25,39.72,16.84,14.72
16.5833,77.4167,39.9,16.67,14.9
16.5833,77.5833,39.77,16.74,14.77
16.5833,77.75,39.82,16.55,14.82
16.5833,77.9167,39.75,16.51,14.75
16.5833,78.0833,39.4,15.95,14.4
16.5833,78.25,39.37,15.41,14.37
16.5833,78.4167,39.66,15.39,14.66
16.5833,78.5833,39.67,15.52,14.67
16.5833,78.75,39.98,16.12,14.98
16.5833,78.9167,40.52,16.55,15.52
16.5833,79.0833,40.44,17.17,15.44
16.5833,79.25,39.69,17.85,14.69
16.5833,79.4167,41.33,17.52,16.33
16.5833,79.5833,41.28,17.31,16.28
16.5833,79.75,41.0,17.39,16.0
16.5833,79.9167,40.62,17.79,15.62
16.5833,80.0833,40.12,17.85,15.12
16.5833,80.25,40.21,17.98,15.21
16.5833,80.4167,39.7,18.39,14.7
16.5833,80.5833,38.94,18.63,13.94
16.5833,80.75,38.89,18.63,13.89
16.5833,80.9167,38.6,18.92,13.6
16.5833,81.0833,37.37,19.89,12.37
16.5833,81.25,36.99,19.98,11.99
16.5833,81.4167,37.19,19.94,12.19
16.5833,81.5833,37.16,19.64,12.16
16.5833,81.75,36.89,19.52,11.89
16.5833,81.9167,36.54,19.5,11.54
16.5833,82.0833,36.28,19.71,11.28
16.5833,82.25,35.93,19.78,10.93
16.5833,94.25,33.39,18.09,8.39
16.5833,94.4167,33.13,17.08,8.13
16.5833,94.5833,34.69,16.96,9.69
16.5833,94.75,35.16,17.4,10.16
16.5833,94.9167,35.27,17.39,10.27
16.5833,95.0833,35.7,17.28,10.7
16.5833,95.25,35.97,17.12,10.97
16.5833,95.4167,36.48,17.0,11.48
16.5833,95.5833,36.1,17.39,11.1
16.5833,95.75,36.23,17.56,11.23
16.5833,95.9167,36.15,17.5,11.15
16.5833,96.0833,37.44,17.02,12.44
16.5833,96.25,37.18,17.34,12.18
16.5833,96.4167,37.33,17.18,12.33
16.5833,96.5833,37.12,17.17,12.12
16.5833,96.75,36.74,17.23,11.74
16.4167,73.4167,33.79,19.24,8.79
16.4167,73.5833,34.47,17.96,9.47
16.4167,73.75,34.86,17.63,9.86
16.4167,73.9167,32.32,14.84,7.32
16.4167,74.0833,34.21,14.65,9.21
16.4167,74.25,35.39,14.64,10.39
16.4167,74.4167,36.24,14.6,11.24
16.4167,74.5833,36.37,14.6,11.37
16.4167,74.75,36.2,14.77,11.2
16.4167,74.9167,35.82,14.57,10.82
16.4167,75.0833,35.5,14.79,10.5
16.4167,75.25,35.7,15.3,10.7
16.4167,75.4167,35.53,15.55,10.53
16.4167,75.5833,35.81,16.06,10.81
16.4167,75.75,36.17,16.28,11.17
16.4167,75.9167,36.77,16.03,11.77
16.4167,76.0833,37.23,15.72,12.23
16.4167,76.25,37.79,15.78,12.79
16.4167,76.4167,37.41,16.3,12.41
16.4167,76.5833,37.79,16.85,12.79
16.4167,76.75,38.41,17.14,13.41
16.4167,76.9167,38.78,17.09,13.78
16.4167,77.0833,39.27,17.08,14.27
16.4167,77.25,39.76,17.17,14.76
16.4167,77.4167,39.71,17.17,14.71
16.4167,77.5833,39.37,17.36,14.37
16.4167,77.75,39.54,17.14,14.54
16.4167,77.9167,39.67,16.95,14.67
16.4167,78.0833,39.26,16.48,14.26
16.4167,78.25,39.21,15.75,14.21
16.4167,78.4167,39.58,15.61,14.58
16.4167,78.5833,39.51,15.63,14.51
16.4167,78.75,38.73,15.7,13.73
16.4167,78.9167,38.73,15.87,13.73
16.4167,79.0833,39.66,16.9,14.66
16.4167,79.25,40.0,17.62,15.0
16.4167,79.4167,40.86,17.35,15.86
16.4167,79.5833,40.21,17.33,15.21
16.4167,79.75,39.96,17.42,14.96
16.4167,79.9167,39.6,17.83,14.6
16.4167,80.0833,39.71,17.97,14.71
16.4167,80.25,39.78,18.13,14.78
16.4167,80.4167,39.82,18.42,14.82
16.4167,80.5833,39.12,18.85,14.12
16.4167,80.75,38.83,18.78,13.83
16.4167,80.9167,38.66,18.88,13.66
16.4167,81.0833,37.85,19.51,12.85
16.4167,81.25,37.29,19.93,12.29
16.4167,81.4167,36.63,20.19,11.63
16.4167,81.5833,36.68,19.95,11.68
16.4167,81.75,36.47,19.86,11.47
16.4167,81.9167,36.3,19.76,11.3
16.4167,82.0833,36.08,20.06,11.08
16.4167,94.25,32.99,17.94,7.99
16.4167,94.4167,33.03,17.51,8.03
16.4167,94.5833,34.52,17.59,9.52
16.4167,94.75,34.7,17.58,9.7
16.4167,94.9167,34.83,17.79,9.83
16.4167,95.0833,34.91,17.91,9.91
16.4167,95.25,35.11,17.79,10.11
16.4167,95.4167,35.45,17.75,10.45
16.4167,95.5833,35.19,17.84,10.19
16.4167,95.75,35.37,17.84,10.37
16.4167,95.9167,35.98,17.64,10.98
16.4167,96.0833,36.55,17.54,11.55
16.4167,96.25,37.02,17.55,12.02
16.4167,96.4167,36.66,17.36,11.66
16.4167,96.5833,36.57,17.43,11.57
16.25,73.4167,33.69,19.04,8.69
16.25,73.5833,34.06,18.28,9.06
16.25,73.75,34.66,17.85,9.66
16.25,73.9167,32.7,15.91,7.7
16.25,74.0833,33.17,14.38,8.17
16.25,74.25,34.82,14.35,9.82
16.25,74.4167,35.35,14.35,10.35
16.25,74.5833,35.69,14.5,10.69
16.25,74.75,35.08,14.69,10.08
16.25,74.9167,35.42,14.76,10.42
16.25,75.0833,35.75,15.23,10.75
16.25,75.25,35.79,15.34,10.79
16.25,75.4167,35.63,15.53,10.63
16.25,75.5833,35.57,16.06,10.57
16.25,75.75,36.06,16.57,11.06
16.25,75.9167,36.95,16.02,11.95
16.25,76.0833,36.91,16.31,11.91
16.25,76.25,37.06,16.4,12.06
16.25,76.4167,36.8,17.08,11.8
16.25,76.5833,37.47,16.91,12.47
16.25,76.75,37.74,17.03,12.74
16.25,76.9167,37.82,17.15,12.82
16.25,77.0833,38.52,17.14,13.52
16.25,77.25,39.49,17.3,14.49
16.25,77.4167,39.27,17.57,14.27
16.25,77.5833,39.05,17.51,14.05
16.25,77.75,39.39,17.43,14.39
16.25,77.9167,39.1,17.47,14.1
16.25,78.0833,39.35,17.03,14.35
16.25,78.25,39.62,16.61,14.62
16.25,78.4167,39.71,16.36,14.71
16.25,78.5833,38.08,15.77,13.08
16.25,78.75,36.52,14.96,11.52
16.25,78.9167,38.02,16.12,13.02
16.25,79.0833,39.42,17.34,14.42
16.25,79.25,39.56,17.42,14.56
16.25,79.4167,39.34,17.13,14.34
16.25,79.5833,39.92,17.44,14.92
16.25,79.75,39.55,17.71,14.55
16.25,79.9167,39.43,18.03,14.43
16.25,80.0833,39.52,18.3,14.52
16.25,80.25,39.58,18.66,14.58
16.25,80.4167,39.44,18.8,14.44
16.25,80.5833,38.96,18.95,13.96
16.25,80.75,38.78,18.93,13.78
16.25,80.9167,38.48,18.98,13.48
16.25,81.0833,37.87,19.5,12.87
16.25,81.25,37.45,19.98,12.45
16.25,81.4167,36.83,20.2,11.83
16.25,81.75,36.25,20.28,11.25
16.25,94.25,32.37,18.18,7.37
16.25,94.4167,33.5,18.03,8.5
16.25,94.5833,34.29,18.54,9.29
16.25,94.75,34.74,18.12,9.74
16.25,94.9167,34.63,18.2,9.63
16.25,95.0833,34.67,18.21,9.67
16.25,95.25,34.64,18.18,9.64
16.25,95.4167,34.76,18.26,9.76
16.25,95.5833,35.47,18.01,10.47
16.25,95.75,35.26,18.1,10.26
16.25,95.9167,35.68,17.97,10.68
16.25,96.0833,35.93,17.96,10.93
16.0833,73.4167,33.43,19.11,8.43
16.0833,73.5833,33.68,18.47,8.68
16.0833,73.75,34.04,18.09,9.04
16.0833,73.9167,32.7,16.66,7.7
16.0833,74.0833,32.36,14.28,7.36
16.0833,74.25,33.7,14.12,8.7
16.0833,74.4167,34.51,14.31,9.51
16.0833,74.5833,34.85,14.9,9.85
16.0833,74.75,35.08,15.3,10.08
16.0833,74.9167,35.6,15.44,10.6
16.0833,75.0833,35.75,15.41,10.75
16.0833,75.25,35.8,15.55,10.8
16.0833,75.4167,35.82,15.71,10.82
16.0833,75.5833,35.99,15.97,10.99
16.0833,75.75,36.28,16.23,11.28
16.0833,75.9167,36.88,16.21,11.88
16.0833,76.0833,37.51,16.05,12.51
16.0833,76.25,37.33,16.39,12.33
16.0833,76.4167,37.05,16.48,12.05
16.0833,76.5833,37.47,16.67,12.47
16.0833,76.75,37.58,17.07,12.58
16.0833,76.9167,37.66,17.19,12.66
16.0833,77.0833,38.16,17.44,13.16
16.0833,77.25,39.0,17.65,14.0
16.0833,77.4167,38.91,17.91,13.91
16.0833,77.5833,38.91,17.69,13.91
16.0833,77.75,39.52,17.46,14.52
16.0833,77.9167,39.66,17.59,14.66
16.0833,78.0833,39.55,17.68,14.55
16.0833,78.25,39.67,17.6,14.67
16.0833,78.4167,39.01,17.54,14.01
16.0833,78.5833,37.51,16.71,12.51
16.0833,78.75,37.64,16.62,12.64
16.0833,78.9167,37.57,16.51,12.57
16.0833,79.0833,37.23,15.95,12.23
16.0833,79.25,39.41,17.29,14.41
16.0833,79.4167,40.25,17.84,15.25
16.0833,79.5833,39.91,18.18,14.91
16.0833,79.75,39.7,18.39,14.7
16.0833,79.9167,39.44,18.51,14.44
16.0833,80.0833,39.74,18.69,14.74
16.0833,80.25,39.88,18.6,14.88
16.0833,80.4167,39.08,18.85,14.08
16.0833,80.5833,38.79,19.02,13.79
16.0833,80.75,38.57,19.08,13.57
16.0833,80.9167,38.04,19.37,13.04
16.0833,81.0833,37.16,20.05,12.16
16.0833,81.25,36.7,20.26,11.7
16.0833,94.25,32.63,18.8,7.63
16.0833,94.4167,33.33,18.75,8.33
16.0833,94.5833,34.05,19.09,9.05
16.0833,94.75,34.25,18.76,9.25
16.0833,94.9167,34.32,18.69,9.32
16.0833,95.0833,34.2,18.61,9.2
16.0833,95.25,34.4,18.35,9.4
16.0833,95.4167,35.65,17.96,10.65
16.0833,95.5833,36.39,17.81,11.39
16.0833,95.75,36.13,18.06,11.13
15.9167,73.4167,33.07,19.47,8.07
15.9167,73.5833,33.32,18.7,8.32
15.9167,73.75,33.88,18.32,8.88
15.9167,73.9167,33.47,17.62,8.47
15.9167,74.0833,31.97,14.46,6.97
15.9167,74.25,33.17,14.22,8.17
15.9167,74.4167,33.96,14.24,8.96
15.9167,74.5833,34.21,14.58,9.21
15.9167,74.75,34.68,14.8,9.68
15.9167,74.9167,35.2,15.27,10.2
15.9167,75.0833,34.95,15.41,9.95
15.9167,75.25,35.02,16.01,10.02
15.9167,75.4167,35.54,16.07,10.54
15.9167,75.5833,35.88,16.14,10.88
15.9167,75.75,35.89,16.38,10.89
15.9167,75.9167,36.1,16.24,11.1
15.9167,76.0833,36.47,16.1,11.47
15.9167,76.25,36.94,16.09,11.94
15.9167,76.4167,36.91,16.56,11.91
15.9167,76.5833,37.21,17.02,12.21
15.9167,76.75,37.14,17.12,12.14
15.9167,76.9167,37.71,17.55,12.71
15.9167,77.0833,37.79,18.05,12.79
15.9167,77.25,37.95,18.26,12.95
15.9167,77.4167,38.49,18.14,13.49
15.9167,77.5833,38.72,18.07,13.72
15.9167,77.75,39.01,17.85,14.01
15.9167,77.9167,39.65,17.6,14.65
15.9167,78.0833,40.01,17.91,15.01
15.9167,78.25,39.92,18.05,14.92
15.9167,78.4167,40.15,17.97,15.15
15.9167,78.5833,39.7,17.46,14.7
15.9167,78.75,37.33,16.45,12.33
15.9167,78.9167,37.14,16.18,12.14
15.9167,79.0833,38.72,17.24,13.72
15.9167,79.25,40.05,17.92,15.05
15.9167,79.4167,39.94,18.35,14.94
15.9167,79.5833,39.73,18.38,14.73
15.9167,79.75,39.55,18.57,14.55
15.9167,79.9167,39.47,18.83,14.47
15.9167,80.0833,39.3,18.92,14.3
15.9167,80.25,39.39,18.83,14.39
15.9167,80.4167,38.58,19.21,13.58
15.9167,80.5833,38.19,19.52,13.19
15.9167,80.75,37.96,19.56,12.96
15.9167,80.9167,37.36,19.89,12.36
15.9167,81.0833,36.98,20.28,11.98
15.9167,94.25,32.73,19.61,7.73
15.9167,94.4167,33.07,19.75,8.07
15.9167,94.5833,33.41,19.4,8.41
15.9167,94.75,33.63,19.22,8.63
15.9167,94.9167,33.83,18.96,8.83
15.9167,95.0833,33.92,18.83,8.92
15.9167,95.25,33.94,18.55,8.94
15.9167,95.4167,34.8,18.38,9.8
15.9167,95.5833,35.06,18.34,10.06
15.9167,95.75,35.33,18.47,10.33
15.75,73.5833,32.77,19.1,7.77
15.75,73.75,33.6,18.82,8.6
15.75,73.9167,34.05,18.3,9.05
15.75,74.0833,32.9,17.36,7.9
15.75,74.25,31.88,14.68,6.88
15.75,74.4167,33.12,14.3,8.12
15.75,74.5833,34.23,14.64,9.23
15.75,74.75,34.88,14.99,9.88
15.75,74.9167,35.15,15.32,10.15
15.75,75.0833,35.23,15.73,10.23
15.75,75.25,35.7,15.56,10.7
15.75,75.4167,36.19,15.71,11.19
15.75,75.5833,36.61,15.9,11.61
15.75,75.75,36.79,15.97,11.79
15.75,75.9167,36.34,16.07,11.34
15.75,76.0833,35.99,15.72,10.99
15.75,76.25,36.38,15.98,11.38
15.75,76.4167,36.76,16.86,11.76
15.75,76.5833,36.87,17.08,11.87
15.75,76.75,36.67,17.41,11.67
15.75,76.9167,37.24,17.9,12.24
15.75,77.0833,37.62,18.09,12.62
15.75,77.25,36.97,18.58,11.97
15.75,77.4167,37.39,18.3,12.39
15.75,77.5833,37.92,18.14,12.92
15.75,77.75,38.7,17.9,13.7
15.75,77.9167,39.64,17.7,14.64
15.75,78.0833,39.41,17.97,14.41
15.75,78.25,39.99,17.67,14.99
15.75,78.4167,40.25,17.75,15.25
15.75,78.5833,39.48,17.82,14.48
15.75,78.75,36.62,16.42,11.62
15.75,78.9167,37.77,16.92,12.77
15.75,79.0833,38.33,17.33,13.33
15.75,79.25,40.04,18.22,15.04
15.75,79.4167,39.83,18.39,14.83
15.75,79.5833,39.97,18.51,14.97
15.75,79.75,39.29,18.79,14.29
15.75,79.9167,39.35,19.13,14.35
15.75,80.0833,39.48,18.94,14.48
15.75,80.25,38.82,19.46,13.82
15.75,80.4167,38.19,19.86,13.19
15.75,80.75,36.28,20.18,11.28
15.75,80.9167,36.41,20.3,11.41
15.75,81.0833,35.9,20.7,10.9
15.75,94.75,33.53,19.56,8.53
15.75,94.9167,33.48,19.16,8.48
15.75,95.0833,33.81,19.12,8.81
15.75,95.25,33.9,18.87,8.9
15.75,95.4167,34.02,18.77,9.02
15.75,95.5833,34.31,19.03,9.31
15.5833,73.75,33.61,19.35,8.61
15.5833,73.9167,34.11,19.09,9.11
15.5833,74.0833,33.57,18.23,8.57
15.5833,74.25,31.94,16.71,6.94
15.5833,74.4167,31.83,14.67,6.83
15.5833,74.5833,33.48,14.79,8.48
15.5833,74.75,34.07,14.99,9.07
15.5833,74.9167,34.82,15.12,9.82
15.5833,75.0833,35.62,15.35,10.62
15.5833,75.25,35.95,15.56,10.95
15.5833,75.4167,36.31,15.84,11.31
15.5833,75.5833,36.58,15.88,11.58
15.5833,75.75,36.6,15.92,11.6
15.5833,75.9167,36.88,15.83,11.88
15.5833,76.0833,36.56,16.16,11.56
15.5833,76.25,36.48,16.23,11.48
15.5833,76.4167,36.93,16.95,11.93
15.5833,76.5833,36.31,17.17,11.31
15.5833,76.75,36.72,17.68,11.72
15.5833,76.9167,36.83,18.04,11.83
15.5833,77.0833,37.16,18.15,12.16
15.5833,77.25,36.86,18.45,11.86
15.5833,77.4167,37.19,18.33,12.19
15.5833,77.5833,37.63,18.16,12.63
15.5833,77.75,38.15,17.93,13.15
15.5833,77.9167,38.98,18.01,13.98
15.5833,78.0833,38.51,17.89,13.51
15.5833,78.25,38.94,18.18,13.94
15.5833,78.4167,39.92,18.27,14.92
15.5833,78.5833,39.11,17.89,14.11
15.5833,78.75,36.1,15.96,11.1
15.5833,78.9167,38.21,17.23,13.21
15.5833,79.0833,39.33,18.13,14.33
15.5833,79.25,39.36,18.25,14.36
15.5833,79.4167,39.54,18.28,14.54
15.5833,79.5833,39.74,18.72,14.74
15.5833,79.75,39.56,18.99,14.56
15.5833,79.9167,39.02,19.12,14.02
15.5833,80.0833,39.05,19.36,14.05
15.5833,80.25,38.33,20.13,13.33
15.4167,73.75,33.05,20.07,8.05
15.4167,73.9167,33.53,19.55,8.53
15.4167,74.0833,33.89,18.71,8.89
15.4167,74.25,32.42,17.23,7.42
15.4167,74.4167,31.69,15.06,6.69
15.4167,74.5833,32.65,15.13,7.65
15.4167,74.75,34.19,15.6,9.19
15.4167,74.9167,34.24,15.52,9.24
15.4167,75.0833,34.87,15.6,9.87
15.4167,75.25,36.08,15.73,11.08
15.4167,75.4167,36.21,15.88,11.21
15.4167,75.5833,36.11,15.9,11.11
15.4167,75.75,36.64,15.88,11.64
15.4167,75.9167,37.17,16.07,12.17
15.4167,76.0833,37.01,16.46,12.01
15.4167,76.25,36.85,16.82,11.85
15.4167,76.4167,36.16,17.52,11.16
15.4167,76.5833,36.02,17.53,11.02
15.4167,76.75,36.43,17.65,11.43
15.4167,76.9167,36.69,17.72,11.69
15.4167,77.0833,36.87,18.24,11.87
15.4167,77.25,37.21,18.11,12.21
15.4167,77.4167,37.67,17.91,12.67
15.4167,77.5833,37.31,17.84,12.31
15.4167,77.75,37.76,17.82,12.76
15.4167,77.9167,38.2,17.92,13.2
15.4167,78.0833,38.2,17.76,13.2
15.4167,78.25,39.65,18.25,14.65
15.4167,78.4167,40.49,18.03,15.49
15.4167,78.5833,39.35,18.17,14.35
15.4167,78.75,37.67,17.1,12.67
15.4167,78.9167,39.19,17.7,14.19
15.4167,79.0833,38.92,18.0,13.92
15.4167,79.25,39.27,18.12,14.27
15.4167,79.4167,39.82,18.53,14.82
15.4167,79.5833,39.72,18.92,14.72
15.4167,79.75,40.0,18.98,15.0
15.4167,79.9167,39.46,19.15,14.46
15.4167,80.0833,38.75,19.81,13.75
15.4167,80.25,38.09,20.38,13.09
15.25,73.9167,33.62,19.56,8.62
15.25,74.0833,33.95,19.01,8.95
15.25,74.25,32.57,17.65,7.57
15.25,74.4167,31.29,15.8,6.29
15.25,74.5833,32.55,16.03,7.55
15.25,74.75,33.97,16.04,8.97
15.25,74.9167,34.43,15.98,9.43
15.25,75.0833,34.79,16.02,9.79
15.25,75.25,35.74,15.84,10.74
15.25,75.4167,36.08,15.88,11.08
15.25,75.5833,35.8,16.03,10.8
15.25,75.75,36.24,16.31,11.24
15.25,75.9167,37.1,16.46,12.1
15.25,76.0833,36.94,16.95,11.94
15.25,76.25,36.37,17.51,11.37
15.25,76.4167,35.99,17.32,10.99
15.25,76.5833,36.66,17.4,11.66
15.25,76.75,37.31,17.35,12.31
15.25,76.9167,37.55,17.21,12.55
15.25,77.0833,37.56,17.71,12.56
15.25,77.25,38.05,17.83,13.05
15.25,77.4167,37.76,17.82,12.76
15.25,77.5833,37.67,17.98,12.67
15.25,77.75,37.53,17.72,12.53
15.25,77.9167,37.87,17.88,12.87
15.25,78.0833,38.81,18.45,13.81
15.25,78.25,40.57,18.26,15.57
15.25,78.4167,40.67,18.06,15.67
15.25,78.5833,39.77,18.3,14.77
15.25,78.75,37.08,16.96,12.08
15.25,78.9167,39.08,17.96,14.08
15.25,79.0833,37.81,17.5,12.81
15.25,79.25,39.02,18.22,14.02
15.25,79.4167,39.74,18.69,14.74
15.25,79.5833,39.66,18.91,14.66
15.25,79.75,39.71,19.15,14.71
15.25,79.9167,39.32,19.37,14.32
15.25,80.0833,38.45,20.16,13.45
15.0833,73.9167,32.8,19.48,7.8
15.0833,74.0833,33.0,18.78,8.0
15.0833,74.25,31.68,17.31,6.68
15.0833,74.4167,31.05,15.75,6.05
15.0833,74.5833,32.36,16.47,7.36
15.0833,74.75,33.35,16.21,8.35
15.0833,74.9167,34.32,16.05,9.32
15.0833,75.0833,34.5,15.92,9.5
15.0833,75.25,35.43,16.05,10.43
15.0833,75.4167,35.65,16.08,10.65
15.0833,75.5833,36.2,16.4,11.2
15.0833,75.75,36.38,16.88,11.38
15.0833,75.9167,36.42,16.78,11.42
15.0833,76.0833,36.92,16.72,11.92
15.0833,76.25,36.85,16.98,11.85
15.0833,76.4167,36.26,16.89,11.26
15.0833,76.5833,35.65,16.54,10.65
15.0833,76.75,37.02,17.16,12.02
15.0833,76.9167,37.9,17.27,12.9
15.0833,77.0833,38.45,17.52,13.45
15.0833,77.25,38.38,17.62,13.38
15.0833,77.4167,38.06,17.93,13.06
15.0833,77.5833,38.56,18.29,13.56
15.0833,77.75,38.59,18.48,13.59
15.0833,77.9167,38.93,18.38,13.93
15.0833,78.0833,39.04,18.59,14.04
15.0833,78.25,40.09,18.64,15.09
15.0833,78.4167,40.63,18.36,15.63
15.0833,78.5833,40.09,18.51,15.09
15.0833,78.75,37.27,17.18,12.27
15.0833,78.9167,39.53,18.37,14.53
15.0833,79.0833,38.48,18.07,13.48
15.0833,79.25,38.93,18.37,13.93
15.0833,79.4167,39.56,18.91,14.56
15.0833,79.5833,39.68,19.1,14.68
15.0833,79.75,39.59,19.34,14.59
15.0833,79.9167,39.25,19.65,14.25
15.0833,80.0833,38.46,20.28,13.46
14.9167,74.0833,33.24,19.18,8.24
14.9167,74.25,32.85,18.69,7.85
14.9167,74.4167,32.02,17.7,7.02
14.9167,74.5833,32.35,17.28,7.35
14.9167,74.75,32.39,16.16,7.39
14.9167,74.9167,33.45,15.94,8.45
14.9167,75.0833,34.35,15.96,9.35
14.9167,75.25,35.53,16.12,10.53
14.9167,75.4167,35.97,16.36,10.97
14.9167,75.5833,36.32,16.53,11.32
14.9167,75.75,36.31,16.72,11.31
14.9167,75.9167,36.58,16.75,11.58
14.9167,76.0833,36.92,16.39,11.92
14.9167,76.25,36.9,16.64,11.9
14.9167,76.4167,36.27,16.57,11.27
14.9167,76.5833,35.77,16.46,10.77
14.9167,76.75,36.78,17.07,11.78
14.9167,76.9167,37.97,17.1,12.97
14.9167,77.0833,38.06,17.23,13.06
14.9167,77.25,38.36,17.64,13.36
14.9167,77.4167,38.3,18.16,13.3
14.9167,77.5833,38.69,18.26,13.69
14.9167,77.75,38.89,18.55,13.89
14.9167,77.9167,39.68,18.45,14.68
14.9167,78.0833,39.47,18.79,14.47
14.9167,78.25,39.16,18.78,14.16
14.9167,78.4167,40.41,18.59,15.41
14.9167,78.5833,40.14,18.79,15.14
14.9167,78.75,38.28,17.99,13.28
14.9167,78.9167,39.77,18.67,14.77
14.9167,79.0833,38.56,18.18,13.56
14.9167,79.25,38.54,18.37,13.54
14.9167,79.4167,39.51,18.91,14.51
14.9167,79.5833,39.74,19.07,14.74
14.9167,79.75,39.7,19.32,14.7
14.9167,79.9167,39.31,19.72,14.31
14.9167,80.0833,38.67,20.31,13.67
14.9167,93.5833,31.91,21.95,6.91
14.75,74.0833,32.76,19.56,7.76
14.75,74.25,32.66,18.9,7.66
14.75,74.4167,32.05,18.06,7.05
14.75,74.5833,32.58,17.68,7.58
14.75,74.75,32.23,16.32,7.23
14.75,74.9167,32.63,15.79,7.63
14.75,75.0833,34.31,15.81,9.31
14.75,75.25,35.23,16.13,10.23
14.75,75.4167,35.68,16.28,10.68
14.75,75.5833,36.04,16.4,11.04
14.75,75.75,36.09,16.9,11.09
14.75,75.9167,36.09,16.59,11.09
14.75,76.0833,36.5,16.35,11.5
14.75,76.25,36.75,16.47,11.75
14.75,76.4167,36.19,16.35,11.19
14.75,76.5833,36.51,16.8,11.51
14.75,76.75,36.67,17.26,11.67
14.75,76.9167,37.66,17.23,12.66
14.75,77.0833,37.96,17.32,12.96
14.75,77.25,38.38,17.58,13.38
14.75,77.4167,38.38,17.84,13.38
14.75,77.5833,38.88,18.1,13.88
14.75,77.75,38.84,18.42,13.84
14.75,77.9167,39.05,18.42,14.05
14.75,78.0833,40.08,18.73,15.08
14.75,78.25,39.03,18.82,14.03
14.75,78.4167,39.57,18.82,14.57
14.75,78.5833,40.23,18.73,15.23
14.75,78.75,39.64,18.8,14.64
14.75,78.9167,39.06,18.68,14.06
14.75,79.0833,39.18,18.87,14.18
14.75,79.25,39.02,18.63,14.02
14.75,79.4167,39.72,18.96,14.72
14.75,79.5833,39.76,19.12,14.76
14.75,79.75,39.65,19.32,14.65
14.75,79.9167,39.16,19.73,14.16
14.75,80.0833,38.39,20.28,13.39
14.5833,74.25,33.55,19.82,8.55
14.5833,74.4167,33.03,19.09,8.03
14.5833,74.5833,31.83,17.29,6.83
14.5833,74.75,32.28,15.97,7.28
14.5833,74.9167,32.95,15.68,7.95
14.5833,75.0833,34.21,15.82,9.21
14.5833,75.25,34.82,15.98,9.82
14.5833,75.4167,35.19,16.02,10.19
14.5833,75.5833,36.04,16.21,11.04
14.5833,75.75,35.72,16.54,10.72
14.5833,75.9167,35.42,16.47,10.42
14.5833,76.0833,36.04,16.21,11.04
14.5833,76.25,36.06,16.42,11.06
14.5833,76.4167,36.48,16.31,11.48
14.5833,76.5833,36.69,16.73,11.69
14.5833,76.75,37.19,17.04,12.19
14.5833,76.9167,37.56,17.34,12.56
14.5833,77.0833,37.61,17.35,12.61
14.5833,77.25,37.93,17.32,12.93
14.5833,77.4167,38.32,17.71,13.32
14.5833,77.5833,39.08,18.01,14.08
14.5833,77.75,39.18,18.11,14.18
14.5833,77.9167,39.08,18.39,14.08
14.5833,78.0833,39.66,18.46,14.66
14.5833,78.25,40.16,18.66,15.16
14.5833,78.4167,40.17,18.86,15.17
14.5833,78.5833,40.48,18.88,15.48
14.5833,78.75,40.16,18.94,15.16
14.5833,78.9167,37.69,17.75,12.69
14.5833,79.0833,39.27,18.93,14.27
14.5833,79.25,38.15,18.55,13.15
14.5833,79.4167,39.3,19.27,14.3
14.5833,79.5833,39.41,19.4,14.41
14.5833,79.75,38.93,19.61,13.93
14.5833,79.9167,38.12,19.8,13.12
14.5833,80.0833,38.04,20.1,13.04
14.5833,80.25,37.68,20.67,12.68
14.4167,74.4167,33.68,19.7,8.68
14.4167,74.5833,32.64,18.4,7.64
14.4167,74.75,32.03,16.26,7.03
14.4167,74.9167,33.14,15.87,8.14
14.4167,75.0833,33.81,15.63,8.81
14.4167,75.25,34.53,15.69,9.53
14.4167,75.4167,35.34,15.85,10.34
14.4167,75.5833,35.74,16.15,10.74
14.4167,75.75,34.56,16.2,9.56
14.4167,75.9167,34.62,16.35,9.62
14.4167,76.0833,35.71,16.15,10.71
14.4167,76.25,36.02,16.1,11.02
14.4167,76.4167,36.57,16.34,11.57
14.4167,76.5833,36.65,16.71,11.65
14.4167,76.75,37.22,17.05,12.22
14.4167,76.9167,37.56,17.28,12.56
14.4167,77.0833,37.39,17.06,12.39
14.4167,77.25,37.69,17.13,12.69
14.4167,77.4167,38.06,17.41,13.06
14.4167,77.5833,38.75,17.74,13.75
14.4167,77.75,38.95,17.98,13.95
14.4167,77.9167,39.05,18.1,14.05
14.4167,78.0833,38.71,17.96,13.71
14.4167,78.25,39.81,18.3,14.81
14.4167,78.4167,40.21,18.72,15.21
14.4167,78.5833,38.96,18.44,13.96
14.4167,78.75,39.68,18.9,14.68
14.4167,78.9167,38.88,18.58,13.88
14.4167,79.0833,39.0,18.96,14.0
14.4167,79.25,38.06,18.9,13.06
14.4167,79.4167,38.76,18.74,13.76
14.4167,79.5833,39.26,19.34,14.26
14.4167,79.75,39.46,19.3,14.46
14.4167,79.9167,38.95,19.86,13.95
14.4167,80.0833,38.17,20.24,13.17
14.4167,80.25,37.65,20.57,12.65
14.25,74.4167,33.33,19.81,8.33
14.25,74.5833,32.91,18.89,7.91
14.25,74.75,31.88,16.9,6.88
14.25,74.9167,33.24,15.79,8.24
14.25,75.0833,33.41,15.51,8.41
14.25,75.25,34.32,15.46,9.32
14.25,75.4167,34.93,15.72,9.93
14.25,75.5833,35.76,16.08,10.76
14.25,75.75,34.87,16.08,9.87
14.25,75.9167,34.26,16.04,9.26
14.25,76.0833,35.53,16.25,10.53
14.25,76.25,35.64,15.84,10.64
14.25,76.4167,36.0,16.25,11.0
14.25,76.5833,36.92,16.68,11.92
14.25,76.75,37.19,17.02,12.19
14.25,76.9167,37.44,17.22,12.44
14.25,77.0833,36.89,16.87,11.89
14.25,77.25,37.3,16.97,12.3
14.25,77.4167,37.83,17.0,12.83
14.25,77.5833,38.2,17.46,13.2
14.25,77.75,38.29,17.66,13.29
14.25,77.9167,37.52,17.3,12.52
14.25,78.0833,37.79,17.4,12.79
14.25,78.25,37.72,17.2,12.72
14.25,78.4167,38.61,18.11,13.61
14.25,78.5833,37.82,17.62,12.82
14.25,78.75,37.88,17.51,12.88
14.25,78.9167,37.09,17.1,12.09
14.25,79.0833,39.09,18.61,14.09
14.25,79.25,39.08,18.68,14.08
14.25,79.4167,37.44,17.97,12.44
14.25,79.5833,39.07,19.37,14.07
14.25,79.75,39.41,19.39,14.41
14.25,79.9167,39.06,19.96,14.06
14.25,80.0833,38.48,20.23,13.48
14.25,93.4167,32.7,23.0,7.7
14.0833,74.4167,33.37,19.89,8.37
14.0833,74.5833,33.0,19.0,8.0
14.0833,74.75,31.69,16.44,6.69
14.0833,74.9167,32.29,16.51,7.29
14.0833,75.0833,32.96,15.76,7.96
14.0833,75.25,33.76,15.28,8.76
14.0833,75.4167,34.75,15.42,9.75
14.0833,75.5833,35.66,15.78,10.66
14.0833,75.75,35.29,16.09,10.29
14.0833,75.9167,35.39,15.88,10.39
14.0833,76.0833,36.01,16.08,11.01
14.0833,76.25,35.18,16.01,10.18
14.0833,76.4167,35.42,16.16,10.42
14.0833,76.5833,37.05,16.54,12.05
14.0833,76.75,37.02,16.84,12.02
14.0833,76.9167,37.24,16.97,12.24
14.0833,77.0833,36.75,16.67,11.75
14.0833,77.25,36.98,16.56,11.98
14.0833,77.4167,37.59,16.65,12.59
14.0833,77.5833,37.31,16.91,12.31
14.0833,77.75,37.59,16.87,12.59
14.0833,77.9167,36.64,16.49,11.64
14.0833,78.0833,37.32,16.71,12.32
14.0833,78.25,36.84,16.53,11.84
14.0833,78.4167,37.95,17.42,12.95
14.0833,78.5833,37.82,17.47,12.82
14.0833,78.75,38.46,17.61,13.46
14.0833,78.9167,37.91,17.54,12.91
14.0833,79.0833,38.31,17.84,13.31
14.0833,79.25,38.85,18.43,13.85
14.0833,79.4167,37.47,17.95,12.47
14.0833,79.5833,39.48,19.47,14.48
14.0833,79.75,39.51,19.47,14.51
14.0833,79.9167,39.13,19.79,14.13
14.0833,80.0833,38.69,20.11,13.69
14.0833,93.25,32.1,22.7,7.1
14.0833,93.4167,32.48,22.44,7.48
13.9167,74.5833,33.78,19.52,8.78
13.9167,74.75,32.0,17.16,7.0
13.9167,74.9167,31.92,16.36,6.92
13.9167,75.0833,32.79,16.05,7.79
13.9167,75.25,32.84,15.34,7.84
13.9167,75.4167,33.3,15.11,8.3
13.9167,75.5833,34.9,15.74,9.9
13.9167,75.75,34.53,15.88,9.53
13.9167,75.9167,34.53,15.43,9.53
13.9167,76.0833,35.35,15.74,10.35
13.9167,76.25,35.16,16.17,10.16
13.9167,76.4167,35.63,16.75,10.63
13.9167,76.5833,36.27,16.81,11.27
13.9167,76.75,36.65,16.85,11.65
13.9167,76.9167,36.92,16.75,11.92
13.9167,77.0833,36.45,16.56,11.45
13.9167,77.25,36.42,16.31,11.42
13.9167,77.4167,37.29,16.4,12.29
13.9167,77.5833,36.94,16.42,11.94
13.9167,77.75,36.71,15.96,11.71
13.9167,77.9167,36.21,15.91,11.21
13.9167,78.0833,36.56,16.12,11.56
13.9167,78.25,36.94,16.53,11.94
13.9167,78.4167,37.18,16.98,12.18
13.9167,78.5833,36.79,16.68,11.79
13.9167,78.75,37.67,17.05,12.67
13.9167,78.9167,38.29,17.59,13.29
13.9167,79.0833,36.52,16.61,11.52
13.9167,79.25,36.97,17.04,11.97
13.9167,79.4167,37.39,17.84,12.39
13.9167,79.5833,39.41,19.3,14.41
13.9167,79.75,39.51,19.48,14.51
13.9167,79.9167,39.29,19.57,14.29
13.9167,80.0833,39.13,20.09,14.13
13.9167,80.25,38.55,20.48,13.55
13.9167,93.25,32.1,22.62,7.1
13.75,74.5833,34.35,19.84,9.35
13.75,74.75,34.33,19.44,9.33
13.75,74.9167,33.32,18.44,8.32
13.75,75.0833,32.04,16.11,7.04
13.75,75.25,32.77,15.58,7.77
13.75,75.4167,33.17,15.49,8.17
13.75,75.5833,34.09,15.72,9.09
13.75,75.75,34.49,15.81,9.49
13.75,75.9167,34.46,15.45,9.46
13.75,76.0833,35.5,15.64,10.5
13.75,76.25,35.76,16.36,10.76
13.75,76.4167,35.74,16.81,10.74
13.75,76.5833,35.91,16.59,10.91
13.75,76.75,36.65,16.74,11.65
13.75,76.9167,36.54,16.6,11.54
13.75,77.0833,36.31,16.29,11.31
13.75,77.25,36.3,16.08,11.3
13.75,77.4167,36.9,16.16,11.9
13.75,77.5833,36.69,16.27,11.69
13.75,77.75,36.13,15.68,11.13
13.75,77.9167,35.42,15.46,10.42
13.75,78.0833,36.27,15.7,11.27
13.75,78.25,36.58,16.04,11.58
13.75,78.4167,36.05,16.12,11.05
13.75,78.5833,36.18,15.99,11.18
13.75,78.75,37.18,16.49,12.18
13.75,78.9167,37.21,16.89,12.21
13.75,79.0833,36.7,16.36,11.7
13.75,79.25,34.83,15.53,9.83
13.75,79.4167,36.44,17.02,11.44
13.75,79.5833,38.53,18.97,13.53
13.75,79.75,39.01,19.51,14.01
13.75,79.9167,39.25,19.65,14.25
13.75,80.0833,38.59,20.18,13.59
13.75,80.25,37.74,20.11,12.74
13.75,93.0833,32.2,22.45,7.2
13.5833,74.5833,34.0,20.35,9.0
13.5833,74.75,34.55,19.83,9.55
13.5833,74.9167,34.48,19.36,9.48
13.5833,75.0833,31.99,16.83,6.99
13.5833,75.25,32.37,15.71,7.37
13.5833,75.4167,32.34,15.34,7.34
13.5833,75.5833,32.71,15.63,7.71
13.5833,75.75,32.7,14.7,7.7
13.5833,75.9167,34.18,15.19,9.18
13.5833,76.0833,35.26,15.65,10.26
13.5833,76.25,35.42,16.04,10.42
13.5833,76.4167,35.42,16.29,10.42
13.5833,76.5833,35.58,16.55,10.58
13.5833,76.75,35.83,16.33,10.83
13.5833,76.9167,35.86,16.18,10.86
13.5833,77.0833,35.15,15.77,10.15
13.5833,77.25,35.7,15.78,10.7
13.5833,77.4167,36.42,15.86,11.42
13.5833,77.5833,35.91,15.88,10.91
13.5833,77.75,34.99,14.81,9.99
13.5833,77.9167,35.41,15.16,10.41
13.5833,78.0833,35.79,15.27,10.79
13.5833,78.25,35.61,15.47,10.61
13.5833,78.4167,34.38,14.91,9.38
13.5833,78.5833,35.6,15.58,10.6
13.5833,78.75,36.14,15.92,11.14
13.5833,78.9167,36.54,16.31,11.54
13.5833,79.0833,36.61,16.36,11.61
13.5833,79.25,36.86,17.3,11.86
13.5833,79.4167,37.97,18.34,12.97
13.5833,79.5833,37.95,18.49,12.95
13.5833,79.75,37.69,18.69,12.69
13.5833,79.9167,38.28,19.3,13.28
13.5833,80.0833,38.33,20.15,13.33
13.5833,80.25,37.04,20.35,12.04
13.5833,92.9167,32.45,21.98,7.45
13.5833,93.0833,32.27,22.23,7.27
13.4167,74.75,34.49,20.06,9.49
13.4167,74.9167,34.64,19.58,9.64
13.4167,75.0833,32.39,17.66,7.39
13.4167,75.25,31.56,15.58,6.56
13.4167,75.4167,31.56,15.17,6.56
13.4167,75.5833,31.06,14.52,6.06
13.4167,75.75,30.44,13.38,5.44
13.4167,75.9167,33.66,14.94,8.66
13.4167,76.0833,34.76,15.63,9.76
13.4167,76.25,34.44,15.95,9.44
13.4167,76.4167,34.94,15.75,9.94
13.4167,76.5833,34.81,15.9,9.81
13.4167,76.75,34.86,15.73,9.86
13.4167,76.9167,34.7,15.57,9.7
13.4167,77.0833,34.73,15.72,9.73
13.4167,77.25,34.89,15.34,9.89
13.4167,77.4167,35.28,15.33,10.28
13.4167,77.5833,34.87,15.05,9.87
13.4167,77.75,34.4,14.35,9.4
13.4167,77.9167,34.71,14.55,9.71
13.4167,78.0833,34.79,14.67,9.79
13.4167,78.25,34.67,14.76,9.67
13.4167,78.4167,34.04,14.52,9.04
13.4167,78.5833,34.98,15.06,9.98
13.4167,78.75,34.92,15.27,9.92
13.4167,78.9167,35.38,15.9,10.38
13.4167,79.0833,37.41,17.18,12.41
13.4167,79.25,37.39,17.52,12.39
13.4167,79.4167,37.56,17.96,12.56
13.4167,79.5833,37.7,18.45,12.7
13.4167,79.75,37.83,18.89,12.83
13.4167,79.9167,38.11,19.27,13.11
13.4167,80.0833,38.63,19.84,13.63
13.4167,80.25,38.02,20.08,13.02
13.4167,80.4167,37.7,20.62,12.7
13.4167,92.75,32.07,22.33,7.07
13.4167,92.9167,32.39,21.55,7.39
13.4167,93.0833,32.32,22.09,7.32
13.4167,94.25,31.34,21.45,6.34
13.25,74.75,34.44,20.11,9.44
13.25,74.9167,34.56,19.76,9.56
13.25,75.0833,33.27,18.63,8.27
13.25,75.25,30.5,14.68,5.5
13.25,75.4167,30.76,14.84,5.76
13.25,75.5833,30.87,14.65,5.87
13.25,75.75,31.59,14.04,6.59
13.25,75.9167,33.31,14.82,8.31
13.25,76.0833,33.82,15.31,8.82
13.25,76.25,34.02,15.33,9.02
13.25,76.4167,34.24,15.27,9.24
13.25,76.5833,34.24,15.57,9.24
13.25,76.75,34.44,15.61,9.44
13.25,76.9167,34.71,15.71,9.71
13.25,77.0833,34.72,15.62,9.72
13.25,77.25,34.29,14.91,9.29
13.25,77.4167,34.45,14.62,9.45
13.25,77.5833,34.51,14.58,9.51
13.25,77.75,34.53,14.52,9.53
13.25,77.9167,34.48,14.54,9.48
13.25,78.0833,34.71,14.7,9.71
13.25,78.25,34.7,14.8,9.7
13.25,78.4167,34.55,14.83,9.55
13.25,78.5833,35.08,15.12,10.08
13.25,78.75,35.21,15.51,10.21
13.25,78.9167,36.54,16.67,11.54
13.25,79.0833,37.74,17.47,12.74
13.25,79.25,37.87,17.79,12.87
13.25,79.4167,37.88,18.25,12.88
13.25,79.5833,38.39,18.98,13.39
13.25,79.75,38.04,19.2,13.04
13.25,79.9167,38.14,19.48,13.14
13.25,80.0833,37.98,19.61,12.98
13.25,80.25,37.75,20.07,12.75
13.25,80.4167,37.64,20.75,12.64
13.25,92.75,32.14,21.9,7.14
13.25,92.9167,32.17,21.4,7.17
13.25,93.0833,32.13,21.63,7.13
13.0833,74.75,34.26,20.32,9.26
13.0833,74.9167,34.34,19.93,9.34
13.0833,75.0833,34.26,19.68,9.26
13.0833,75.25,32.17,17.53,7.17
13.0833,75.4167,32.42,17.6,7.42
13.0833,75.5833,30.65,14.6,5.65
13.0833,75.75,30.95,14.3,5.95
13.0833,75.9167,32.58,14.53,7.58
13.0833,76.0833,32.99,14.72,7.99
13.0833,76.25,33.38,14.81,8.38
13.0833,76.4167,33.82,15.13,8.82
13.0833,76.5833,34.06,15.36,9.06
13.0833,76.75,34.54,15.76,9.54
13.0833,76.9167,34.93,15.84,9.93
13.0833,77.0833,34.71,15.63,9.71
13.0833,77.25,34.38,14.97,9.38
13.0833,77.4167,34.55,14.94,9.55
13.0833,77.5833,34.06,14.87,9.06
13.0833,77.75,34.28,14.6,9.28
13.0833,77.9167,34.1,14.5,9.1
13.0833,78.0833,34.28,14.65,9.28
13.0833,78.25,34.62,14.89,9.62
13.0833,78.4167,34.63,14.89,9.63
13.0833,78.5833,35.13,15.33,10.13
13.0833,78.75,35.62,16.03,10.62
13.0833,78.9167,36.48,16.8,11.48
13.0833,79.0833,37.36,17.4,12.36
13.0833,79.25,37.98,18.06,12.98
13.0833,79.4167,38.19,18.59,13.19
13.0833,79.5833,38.39,19.06,13.39
13.0833,79.75,38.17,19.4,13.17
13.0833,79.9167,38.03,19.53,13.03
13.0833,80.0833,37.81,20.06,12.81
13.0833,80.25,37.73,20.73,12.73
13.0833,92.75,32.13,21.83,7.13
13.0833,92.9167,32.11,21.52,7.11
13.0833,93.0833,31.56,20.98,6.56
12.9167,74.75,33.84,20.89,8.84
12.9167,74.9167,34.19,20.43,9.19
12.9167,75.0833,34.34,20.09,9.34
12.9167,75.25,34.29,19.85,9.29
12.9167,75.4167,33.95,19.44,8.95
12.9167,75.5833,31.69,17.16,6.69
12.9167,75.75,30.98,14.93,5.98
12.9167,75.9167,31.71,14.82,6.71
12.9167,76.0833,33.03,15.2,8.03
12.9167,76.25,33.31,15.26,8.31
12.9167,76.4167,33.32,15.39,8.32
12.9167,76.5833,33.69,15.31,8.69
12.9167,76.75,34.42,15.82,9.42
12.9167,76.9167,34.97,16.25,9.97
12.9167,77.0833,34.47,15.77,9.47
12.9167,77.25,34.36,15.47,9.36
12.9167,77.4167,34.64,15.46,9.64
12.9167,77.5833,34.01,15.26,9.01
12.9167,77.75,33.98,14.64,8.98
12.9167,77.9167,34.2,14.55,9.2
12.9167,78.0833,34.52,14.89,9.52
12.9167,78.25,34.47,14.99,9.47
12.9167,78.4167,34.6,15.16,9.6
12.9167,78.5833,35.0,15.78,10.0
12.9167,78.75,36.75,17.44,11.75
12.9167,78.9167,37.47,17.88,12.47
12.9167,79.0833,37.8,18.1,12.8
12.9167,79.25,37.91,18.36,12.91
12.9167,79.4167,38.08,18.8,13.08
12.9167,79.5833,37.95,19.16,12.95
12.9167,79.75,37.92,19.57,12.92
12.9167,79.9167,37.96,19.75,12.96
12.9167,80.0833,37.75,20.06,12.75
12.9167,80.25,37.58,20.54,12.58
12.9167,92.5833,31.81,21.91,6.81
12.9167,92.75,31.92,21.93,6.92
12.9167,92.9167,32.16,21.85,7.16
12.9167,93.0833,32.3,22.2,7.3
12.75,74.9167,33.99,20.49,8.99
12.75,75.0833,34.02,20.12,9.02
12.75,75.25,34.12,20.01,9.12
12.75,75.4167,34.04,19.8,9.04
12.75,75.5833,33.16,18.93,8.16
12.75,75.75,30.55,15.26,5.55
12.75,75.9167,31.52,14.96,6.52
12.75,76.0833,33.0,15.4,8.0
12.75,76.25,33.26,15.56,8.26
12.75,76.4167,33.33,15.69,8.33
12.75,76.5833,33.25,15.47,8.25
12.75,76.75,34.27,15.77,9.27
12.75,76.9167,34.72,16.35,9.72
12.75,77.0833,34.72,16.41,9.72
12.75,77.25,34.63,16.14,9.63
12.75,77.4167,34.81,15.99,9.81
12.75,77.5833,34.11,15.16,9.11
12.75,77.75,34.02,14.61,9.02
12.75,77.9167,34.54,14.91,9.54
12.75,78.0833,34.93,15.76,9.93
12.75,78.25,34.59,15.8,9.59
12.75,78.4167,34.93,16.03,9.93
12.75,78.5833,35.86,16.95,10.86
12.75,78.75,35.9,16.92,10.9
12.75,78.9167,35.72,16.69,10.72
12.75,79.0833,36.55,17.45,11.55
12.75,79.25,37.97,18.69,12.97
12.75,79.4167,38.11,19.08,13.11
12.75,79.5833,37.99,19.34,12.99
12.75,79.75,37.85,19.57,12.85
12.75,79.9167,37.7,19.81,12.7
12.75,80.0833,37.57,20.01,12.57
12.75,80.25,37.37,20.52,12.37
12.75,92.5833,31.8,22.2,6.8
12.75,92.75,31.99,21.76,6.99
12.75,92.9167,31.93,21.44,6.93
12.5833,74.9167,33.92,20.79,8.92
12.5833,75.0833,34.05,20.33,9.05
12.5833,75.25,33.58,19.88,8.58
12.5833,75.4167,33.48,19.65,8.48
12.5833,75.5833,32.96,19.06,7.96
12.5833,75.75,29.26,14.52,4.26
12.5833,75.9167,31.48,14.89,6.48
12.5833,76.0833,33.26,15.57,8.26
12.5833,76.25,33.35,15.8,8.35
12.5833,76.4167,33.38,16.07,8.38
12.5833,76.5833,33.6,16.0,8.6
12.5833,76.75,34.01,16.09,9.01
12.5833,76.9167,33.92,16.31,8.92
12.5833,77.0833,34.68,16.71,9.68
12.5833,77.25,34.72,16.57,9.72
12.5833,77.4167,35.01,16.39,10.01
12.5833,77.5833,34.07,15.13,9.07
12.5833,77.75,34.18,14.52,9.18
12.5833,77.9167,34.76,15.32,9.76
12.5833,78.0833,35.35,16.34,10.35
12.5833,78.25,35.46,16.88,10.46
12.5833,78.4167,35.47,16.9,10.47
12.5833,78.5833,35.94,17.09,10.94
12.5833,78.75,35.05,16.31,10.05
12.5833,78.9167,34.13,15.71,9.13
12.5833,79.0833,36.51,17.93,11.51
12.5833,79.25,38.02,19.06,13.02
12.5833,79.4167,38.03,19.23,13.03
12.5833,79.5833,37.87,19.49,12.87
12.5833,79.75,37.74,19.74,12.74
12.5833,79.9167,37.6,20.0,12.6
12.5833,80.0833,37.42,20.25,12.42
12.5833,80.25,37.27,20.67,12.27
12.5833,92.75,31.83,21.6,6.83
12.5833,92.9167,31.91,21.46,6.91
12.4167,74.9167,33.58,21.1,8.58
12.4167,75.0833,33.84,20.72,8.84
12.4167,75.25,33.28,19.87,8.28
12.4167,75.4167,31.38,18.23,6.38
12.4167,75.5833,30.32,16.46,5.32
12.4167,75.75,29.51,14.7,4.51
12.4167,75.9167,31.24,15.17,6.24
12.4167,76.0833,33.02,15.37,8.02
12.4167,76.25,33.58,15.78,8.58
12.4167,76.4167,33.64,16.39,8.64
12.4167,76.5833,33.69,16.54,8.69
12.4167,76.75,33.98,16.53,8.98
12.4167,76.9167,34.0,16.44,9.0
12.4167,77.0833,34.63,16.78,9.63
12.4167,77.25,34.77,16.81,9.77
12.4167,77.4167,35.15,16.67,10.15
12.4167,77.5833,34.5,15.85,9.5
12.4167,77.75,34.21,15.3,9.21
12.4167,77.9167,33.3,15.03,8.3
12.4167,78.0833,35.24,16.59,10.24
12.4167,78.25,35.7,17.34,10.7
12.4167,78.4167,36.35,17.56,11.35
12.4167,78.5833,36.21,17.52,11.21
12.4167,78.75,34.31,16.05,9.31
12.4167,78.9167,36.2,17.73,11.2
12.4167,79.0833,37.73,18.91,12.73
12.4167,79.25,37.82,19.08,12.82
12.4167,79.4167,37.82,19.4,12.82
12.4167,79.5833,37.76,19.55,12.76
12.4167,79.75,37.68,19.83,12.68
12.4167,79.9167,37.46,20.09,12.46
12.4167,80.0833,37.18,20.36,12.18
12.4167,92.75,31.8,21.62,6.8
12.4167,92.9167,32.15,21.99,7.15
12.25,75.0833,33.6,21.27,8.6
12.25,75.25,34.02,20.7,9.02
12.25,75.4167,33.01,19.94,8.01
12.25,75.5833,29.3,15.78,4.3
12.25,75.75,29.9,15.1,4.9
12.25,75.9167,30.31,15.16,5.31
12.25,76.0833,31.68,15.26,6.68
12.25,76.25,33.45,15.86,8.45
12.25,76.4167,33.83,16.24,8.83
12.25,76.5833,34.02,16.45,9.02
12.25,76.75,34.32,16.65,9.32
12.25,76.9167,34.54,16.65,9.54
12.25,77.0833,34.71,16.89,9.71
12.25,77.25,35.01,17.13,10.01
12.25,77.4167,35.5,17.5,10.5
12.25,77.5833,35.12,17.31,10.12
12.25,77.75,35.03,17.27,10.03
12.25,77.9167,34.62,16.93,9.62
12.25,78.0833,36.23,17.4,11.23
12.25,78.25,36.54,17.67,11.54
12.25,78.4167,36.49,17.81,11.49
12.25,78.5833,36.58,18.05,11.58
12.25,78.75,37.03,18.3,12.03
12.25,78.9167,37.55,18.94,12.55
12.25,79.0833,37.71,19.24,12.71
12.25,79.25,37.5,19.32,12.5
12.25,79.4167,37.58,19.65,12.58
12.25,79.5833,37.7,19.69,12.7
12.25,79.75,37.61,19.94,12.61
12.25,79.9167,37.27,20.33,12.27
12.25,80.0833,36.72,20.61,11.72
12.25,92.5833,31.65,21.97,6.65
12.25,92.75,31.91,21.99,6.91
12.25,92.9167,32.01,22.22,7.01
12.25,93.0833,31.88,22.56,6.88
12.25,93.75,32.78,23.01,7.78
12.25,93.9167,32.61,22.74,7.61
12.0833,75.0833,33.25,21.64,8.25
12.0833,75.25,34.11,21.19,9.11
12.0833,75.4167,34.13,20.84,9.13
12.0833,75.5833,33.22,20.05,8.22
12.0833,75.75,31.7,18.29,6.7
12.0833,75.9167,30.46,15.63,5.46
12.0833,76.0833,30.8,15.41,5.8
12.0833,76.25,32.71,15.96,7.71
12.0833,76.4167,33.92,16.6,8.92
12.0833,76.5833,34.15,16.57,9.15
12.0833,76.75,34.24,16.58,9.24
12.0833,76.9167,34.77,16.53,9.77
12.0833,77.0833,34.15,16.38,9.15
12.0833,77.25,34.23,16.0,9.23
12.0833,77.4167,35.45,16.95,10.45
12.0833,77.5833,33.39,16.06,8.39
12.0833,77.75,35.89,18.41,10.89
12.0833,77.9167,36.27,17.96,11.27
12.0833,78.0833,36.49,17.81,11.49
12.0833,78.25,35.58,17.18,10.58
12.0833,78.4167,36.8,17.89,11.8
12.0833,78.5833,36.65,18.2,11.65
12.0833,78.75,36.67,18.45,11.67
12.0833,78.9167,37.49,19.29,12.49
12.0833,79.0833,37.63,19.5,12.63
12.0833,79.25,37.43,19.65,12.43
12.0833,79.4167,37.62,19.83,12.62
12.0833,79.5833,37.58,19.94,12.58
12.0833,79.75,37.3,20.1,12.3
12.0833,79.9167,36.96,20.65,11.96
12.0833,92.5833,31.52,21.65,6.52
12.0833,92.75,31.83,21.89,6.83
12.0833,92.9167,31.87,22.39,6.87
12.0833,93.0833,31.83,22.31,6.83
11.9167,75.25,33.9,21.49,8.9
11.9167,75.4167,34.15,21.32,9.15
11.9167,75.5833,34.17,20.94,9.17
11.9167,75.75,33.43,20.21,8.43
11.9167,75.9167,29.68,16.0,4.68
11.9167,76.0833,30.53,15.48,5.53
11.9167,76.25,32.12,16.26,7.12
11.9167,76.4167,33.41,16.33,8.41
11.9167,76.5833,33.43,15.93,8.43
11.9167,76.75,34.09,16.1,9.09
11.9167,76.9167,33.99,16.21,8.99
11.9167,77.0833,32.2,15.01,7.2
11.9167,77.25,31.41,13.8,6.41
11.9167,77.4167,34.81,16.85,9.81
11.9167,77.5833,34.19,16.95,9.19
11.9167,77.75,36.71,19.19,11.71
11.9167,77.9167,36.6,18.85,11.6
11.9167,78.0833,35.93,18.15,10.93
11.9167,78.25,33.92,16.25,8.92
11.9167,78.4167,34.77,16.72,9.77
11.9167,78.5833,34.34,16.55,9.34
11.9167,78.75,34.68,16.9,9.68
11.9167,78.9167,37.58,19.47,12.58
11.9167,79.0833,37.86,19.81,12.86
11.9167,79.25,37.73,20.0,12.73
11.9167,79.4167,37.44,19.97,12.44
11.9167,79.5833,37.1,19.95,12.1
11.9167,79.75,36.67,20.37,11.67
11.9167,79.9167,36.17,20.81,11.17
11.9167,92.5833,31.45,21.86,6.45
11.9167,92.75,31.65,21.9,6.65
11.9167,92.9167,31.66,21.96,6.66
11.9167,93.0833,31.88,22.37,6.88
11.75,72.75,31.3,22.75,6.3
11.75,75.4167,33.6,21.62,8.6
11.75,75.5833,33.78,21.41,8.78
11.75,75.75,32.14,19.42,7.14
11.75,75.9167,29.62,15.77,4.62
11.75,76.0833,30.61,16.11,5.61
11.75,76.25,30.17,15.33,5.17
11.75,76.4167,30.99,14.9,5.99
11.75,76.5833,31.42,14.62,6.42
11.75,76.75,33.0,15.4,8.0
11.75,76.9167,32.85,15.37,7.85
11.75,77.0833,31.09,14.31,6.09
11.75,77.25,30.82,13.55,5.82
11.75,77.4167,32.8,15.46,7.8
11.75,77.5833,32.7,15.96,7.7
11.75,77.75,35.48,18.42,10.48
11.75,77.9167,36.89,18.86,11.89
11.75,78.0833,36.65,18.84,11.65
11.75,78.25,33.73,16.58,8.73
11.75,78.4167,35.02,17.42,10.02
11.75,78.5833,33.87,16.34,8.87
11.75,78.75,34.93,17.35,9.93
11.75,78.9167,37.92,19.89,12.92
11.75,79.0833,37.95,20.12,12.95
11.75,79.25,37.85,20.22,12.85
11.75,79.4167,37.49,20.08,12.49
11.75,79.5833,36.87,19.96,11.87
11.75,79.75,36.61,20.43,11.61
11.75,92.5833,31.63,21.85,6.63
11.75,92.75,31.65,21.84,6.65
11.75,93.0833,32.01,22.62,7.01
11.5833,75.5833,33.5,21.7,8.5
11.5833,75.75,33.69,21.39,8.69
11.5833,75.9167,30.24,17.4,5.24
11.5833,76.0833,29.44,15.46,4.44
11.5833,76.25,29.94,15.46,4.94
11.5833,76.4167,29.53,14.25,4.53
11.5833,76.5833,29.76,13.62,4.76
11.5833,76.75,31.72,14.96,6.72
11.5833,76.9167,32.39,15.93,7.39
11.5833,77.0833,32.6,16.18,7.6
11.5833,77.25,33.65,16.81,8.65
11.5833,77.4167,33.39,16.86,8.39
11.5833,77.5833,36.46,19.0,11.46
11.5833,77.75,36.86,19.45,11.86
11.5833,77.9167,37.32,19.32,12.32
11.5833,78.0833,36.86,19.39,11.86
11.5833,78.25,35.13,18.0,10.13
11.5833,78.4167,36.33,18.58,11.33
11.5833,78.5833,36.75,19.05,11.75
11.5833,78.75,37.69,19.67,12.69
11.5833,78.9167,38.07,20.03,13.07
11.5833,79.0833,38.07,20.16,13.07
11.5833,79.25,37.84,20.32,12.84
11.5833,79.4167,37.31,20.39,12.31
11.5833,79.5833,36.86,20.39,11.86
11.5833,79.75,36.7,20.73,11.7
11.5833,92.25,31.6,22.5,6.6
11.5833,92.5833,31.85,22.33,6.85
11.5833,92.75,32.05,22.18,7.05
11.4167,73.0833,31.0,22.5,6.0
11.4167,75.5833,33.32,21.89,8.32
11.4167,75.75,33.55,21.65,8.55
11.4167,75.9167,33.56,21.27,8.56
11.4167,76.0833,29.65,16.83,4.65
11.4167,76.25,32.58,19.29,7.58
11.4167,76.4167,29.84,15.69,4.84
11.4167,76.5833,22.2,6.53,0.0
11.4167,76.75,23.18,6.66,0.0
11.4167,76.9167,27.68,11.85,2.68
11.4167,77.0833,35.66,19.11,10.66
11.4167,77.25,36.63,19.21,11.63
11.4167,77.4167,36.71,19.2,11.71
11.4167,77.5833,36.7,19.42,11.7
11.4167,77.75,36.97,19.77,11.97
11.4167,77.9167,37.08,19.5,12.08
11.4167,78.0833,37.19,19.83,12.19
11.4167,78.25,36.05,18.92,11.05
11.4167,78.4167,34.61,17.33,9.61
11.4167,78.5833,35.52,18.2,10.52
11.4167,78.75,37.67,19.62,12.67
11.4167,78.9167,38.07,19.93,13.07
11.4167,79.0833,37.99,20.26,12.99
11.4167,79.25,37.54,20.28,12.54
11.4167,79.4167,37.14,20.35,12.14
11.4167,79.5833,36.94,20.5,11.94
11.4167,79.75,36.83,20.99,11.83
11.4167,79.9167,35.9,21.6,10.9
11.4167,92.5833,31.46,22.15,6.46
11.4167,92.75,31.5,22.33,6.5
11.25,72.75,31.3,22.98,6.3
11.25,75.75,33.54,21.93,8.54
11.25,75.9167,33.83,21.69,8.83
11.25,76.0833,33.53,20.98,8.53
11.25,76.25,34.51,21.38,9.51
11.25,76.4167,28.76,15.21,3.76
11.25,76.5833,23.16,7.89,0.0
11.25,76.75,29.1,13.25,4.1
11.25,76.9167,34.46,18.12,9.46
11.25,77.0833,36.07,18.59,11.07
11.25,77.25,36.51,18.78,11.51
11.25,77.4167,36.92,18.98,11.92
11.25,77.5833,36.57,19.23,11.57
11.25,77.75,36.63,19.66,11.63
11.25,77.9167,37.12,19.84,12.12
11.25,78.0833,37.42,19.94,12.42
11.25,78.25,36.02,19.14,11.02
11.25,78.4167,34.05,17.34,9.05
11.25,78.5833,35.88,18.76,10.88
11.25,78.75,36.31,19.12,11.31
11.25,78.9167,37.82,19.99,12.82
11.25,79.0833,37.77,20.13,12.77
11.25,79.25,37.3,20.33,12.3
11.25,79.4167,37.25,20.58,12.25
11.25,79.5833,36.83,20.62,11.83
11.25,79.75,36.7,20.95,11.7
11.25,79.9167,36.34,21.53,11.34
11.25,92.75,31.77,23.17,6.77
11.0833,72.75,30.8,22.53,5.8
11.0833,75.75,33.36,22.12,8.36
11.0833,75.9167,33.8,21.84,8.8
11.0833,76.0833,34.06,21.64,9.06
11.0833,76.25,34.22,21.5,9.22
11.0833,76.4167,30.93,17.95,5.93
11.0833,76.5833,30.51,16.35,5.51
11.0833,76.75,31.1,15.84,6.1
11.0833,76.9167,33.95,17.7,8.95
11.0833,77.0833,35.8,18.55,10.8
11.0833,77.25,36.24,18.89,11.24
11.0833,77.4167,36.37,19.14,11.37
11.0833,77.5833,36.6,19.31,11.6
11.0833,77.75,36.65,19.64,11.65
11.0833,77.9167,36.99,20.12,11.99
11.0833,78.0833,37.09,20.27,12.09
11.0833,78.25,37.27,20.34,12.27
11.0833,78.4167,37.41,20.29,12.41
11.0833,78.5833,37.55,20.31,12.55
11.0833,78.75,37.62,20.28,12.62
11.0833,78.9167,37.77,20.14,12.77
11.0833,79.0833,37.68,20.41,12.68
11.0833,79.25,37.33,20.63,12.33
11.0833,79.4167,36.88,20.61,11.88
11.0833,79.5833,36.48,20.62,11.48
11.0833,79.75,36.45,21.0,11.45
11.0833,79.9167,36.44,21.62,11.44
11.0833,92.75,32.7,24.1,7.7
10.9167,72.25,31.13,23.05,6.13
10.9167,75.9167,33.73,22.01,8.73
10.9167,76.0833,34.15,21.77,9.15
10.9167,76.25,34.4,21.69,9.4
10.9167,76.4167,34.57,21.65,9.57
10.9167,76.5833,31.96,18.96,6.96
10.9167,76.75,31.78,17.33,6.78
10.9167,76.9167,34.87,19.07,9.87
10.9167,77.0833,35.71,18.78,10.71
10.9167,77.25,35.54,18.65,10.54
10.9167,77.4167,35.89,18.92,10.89
10.9167,77.5833,36.83,19.5,11.83
10.9167,77.75,37.17,19.93,12.17
10.9167,77.9167,37.91,20.24,12.91
10.9167,78.0833,37.8,20.38,12.8
10.9167,78.25,37.37,20.41,12.37
10.9167,78.4167,37.17,20.39,12.17
10.9167,78.5833,37.29,20.38,12.29
10.9167,78.75,37.43,20.39,12.43
10.9167,78.9167,37.39,20.47,12.39
10.9167,79.0833,37.24,20.56,12.24
10.9167,79.25,36.98,20.63,11.98
10.9167,79.4167,36.61,20.73,11.61
10.9167,79.5833,36.48,20.76,11.48
10.9167,79.75,36.59,21.15,11.59
10.9167,79.9167,36.43,21.75,11.43
10.9167,92.25,32.6,24.3,7.6
10.9167,92.4167,31.9,23.02,6.9
10.9167,92.5833,31.95,23.23,6.95
10.75,72.25,31.6,23.5,6.6
10.75,73.5833,30.9,22.4,5.9
10.75,73.75,30.9,22.4,5.9
10.75,75.9167,33.63,22.24,8.63
10.75,76.0833,34.14,22.03,9.14
10.75,76.25,34.51,21.91,9.51
10.75,76.4167,34.99,21.92,9.99
10.75,76.5833,35.46,21.98,10.46
10.75,76.75,35.47,21.56,10.47
10.75,76.9167,35.51,20.45,10.51
10.75,77.0833,35.1,19.28,10.1
10.75,77.25,35.44,18.99,10.44
10.75,77.4167,36.16,19.26,11.16
10.75,77.5833,36.73,19.67,11.73
10.75,77.75,37.13,19.87,12.13
10.75,77.9167,37.44,20.22,12.44
10.75,78.0833,37.35,20.1,12.35
10.75,78.25,37.18,20.12,12.18
10.75,78.4167,37.19,20.21,12.19
10.75,78.5833,37.39,20.47,12.39
10.75,78.75,37.44,20.71,12.44
10.75,78.9167,37.35,20.76,12.35
10.75,79.0833,37.23,20.71,12.23
10.75,79.25,36.77,20.8,11.77
10.75,79.4167,36.53,20.9,11.53
10.75,79.5833,36.51,21.01,11.51
10.75,79.75,36.51,21.3,11.51
10.75,79.9167,36.19,21.88,11.19
10.75,92.4167,31.7,22.69,6.7
10.75,92.5833,31.96,22.98,6.96
10.5833,72.5833,30.83,22.92,5.83
10.5833,75.9167,33.52,22.3,8.52
10.5833,76.0833,33.73,22.25,8.73
10.5833,76.25,34.17,22.05,9.17
10.5833,76.4167,34.06,21.51,9.06
10.5833,76.5833,34.5,21.35,9.5
10.5833,76.75,32.81,19.2,7.81
10.5833,76.9167,34.44,20.04,9.44
10.5833,77.0833,34.67,19.37,9.67
10.5833,77.25,35.04,18.97,10.04
10.5833,77.4167,35.78,19.26,10.78
10.5833,77.5833,36.37,19.41,11.37
10.5833,77.75,36.34,19.61,11.34
10.5833,77.9167,36.71,19.81,11.71
10.5833,78.0833,36.03,19.48,11.03
10.5833,78.25,36.19,19.55,11.19
10.5833,78.4167,36.94,20.09,11.94
10.5833,78.5833,37.15,20.42,12.15
10.5833,78.75,37.19,20.64,12.19
10.5833,78.9167,37.19,20.73,12.19
10.5833,79.0833,37.03,20.84,12.03
10.5833,79.25,36.62,21.03,11.62
10.5833,79.4167,36.31,21.22,11.31
10.5833,79.5833,36.35,21.22,11.35
10.5833,79.75,36.18,21.64,11.18
10.5833,79.9167,35.94,22.02,10.94
10.5833,92.4167,31.54,22.71,6.54
10.5833,92.5833,31.92,23.07,6.92
10.4167,76.0833,33.42,22.28,8.42
10.4167,76.25,33.83,22.17,8.83
10.4167,76.4167,33.05,21.18,8.05
10.4167,76.5833,30.41,18.06,5.41
10.4167,76.75,30.2,16.95,5.2
10.4167,76.9167,29.57,15.83,4.57
10.4167,77.0833,28.22,13.89,3.22
10.4167,77.25,33.08,17.7,8.08
10.4167,77.4167,34.05,18.2,9.05
10.4167,77.5833,32.94,17.35,7.94
10.4167,77.75,32.82,17.38,7.82
10.4167,77.9167,36.35,19.69,11.35
10.4167,78.0833,36.01,19.57,11.01
10.4167,78.25,35.09,18.99,10.09
10.4167,78.4167,36.49,20.02,11.49
10.4167,78.5833,36.97,20.58,11.97
10.4167,78.75,37.01,20.93,12.01
10.4167,78.9167,36.94,20.94,11.94
10.4167,79.0833,36.76,21.06,11.76
10.4167,79.25,36.37,21.32,11.37
10.4167,79.4167,35.96,21.58,10.96
10.4167,79.5833,35.94,21.67,10.94
10.4167,79.75,35.57,21.94,10.57
10.4167,79.9167,35.22,22.32,10.22
10.25,76.0833,33.16,22.26,8.16
10.25,76.25,33.49,22.29,8.49
10.25,76.4167,33.59,21.93,8.59
10.25,76.5833,32.71,20.61,7.71
10.25,76.75,31.2,18.96,6.2
10.25,76.9167,28.65,15.28,3.65
10.25,77.0833,24.58,10.34,0.0
10.25,77.25,27.17,12.48,2.17
10.25,77.4167,24.41,10.09,0.0
10.25,77.5833,28.81,14.38,3.81
10.25,77.75,33.17,18.16,8.17
10.25,77.9167,34.78,18.97,9.78
10.25,78.0833,34.19,18.46,9.19
10.25,78.25,35.35,19.44,10.35
10.25,78.4167,36.53,20.42,11.53
10.25,78.5833,36.87,20.85,11.87
10.25,78.75,36.92,21.16,11.92
10.25,78.9167,36.84,21.29,11.84
10.25,79.0833,36.65,21.4,11.65
10.25,79.25,36.09,21.77,11.09
10.25,79.4167,35.65,21.9,10.65
10.25,79.5833,35.15,22.0,10.15
10.25,79.75,34.81,22.17,9.81
10.25,79.9167,34.97,22.44,9.97
10.0833,72.25,31.4,23.7,6.4
10.0833,73.5833,31.3,23.24,6.3
10.0833,76.25,33.21,22.48,8.21
10.0833,76.4167,33.63,22.11,8.63
10.0833,76.5833,33.6,21.8,8.6
10.0833,76.75,33.1,21.1,8.1
10.0833,76.9167,29.47,16.69,4.47
10.0833,77.0833,25.37,11.68,0.37
10.0833,77.25,26.02,12.12,1.02
10.0833,77.4167,30.45,16.11,5.45
10.0833,77.5833,35.12,19.92,10.12
10.0833,77.75,35.42,20.07,10.42
10.0833,77.9167,35.97,20.24,10.97
10.0833,78.0833,35.66,20.0,10.66
10.0833,78.25,36.03,20.26,11.03
10.0833,78.4167,36.8,20.98,11.8
10.0833,78.5833,36.84,21.21,11.84
10.0833,78.75,36.79,21.46,11.79
10.0833,78.9167,36.83,21.75,11.83
10.0833,79.0833,36.63,21.99,11.63
10.0833,79.25,36.0,22.36,11.0
9.9167,76.25,33.02,22.63,8.02
9.9167,76.4167,33.3,22.05,8.3
9.9167,76.5833,33.37,21.79,8.37
9.9167,76.75,33.46,21.61,8.46
9.9167,76.9167,31.0,18.54,6.0
9.9167,77.0833,29.64,16.41,4.64
9.9167,77.25,30.65,16.66,5.65
9.9167,77.4167,34.76,19.73,9.76
9.9167,77.5833,34.25,19.32,9.25
9.9167,77.75,35.48,20.05,10.48
9.9167,77.9167,36.65,20.94,11.65
9.9167,78.0833,36.83,21.2,11.83
9.9167,78.25,36.86,21.19,11.86
9.9167,78.4167,36.91,21.34,11.91
9.9167,78.5833,36.9,21.57,11.9
9.9167,78.75,36.82,21.8,11.82
9.9167,78.9167,36.69,21.99,11.69
9.9167,79.0833,36.25,22.43,11.25
9.9167,79.25,35.73,22.56,10.73
9.75,76.25,32.79,22.63,7.79
9.75,76.4167,33.18,22.23,8.18
9.75,76.5833,33.21,21.75,8.21
9.75,76.75,32.73,21.14,7.73
9.75,76.9167,29.76,17.43,4.76
9.75,77.0833,28.93,15.95,3.93
9.75,77.25,31.63,17.65,6.63
9.75,77.4167,32.5,18.24,7.5
9.75,77.5833,33.27,18.76,8.27
9.75,77.75,35.7,20.44,10.7
9.75,77.9167,36.97,21.15,11.97
9.75,78.0833,37.1,21.45,12.1
9.75,78.25,36.88,21.41,11.88
9.75,78.4167,36.74,21.59,11.74
9.75,78.5833,37.04,21.99,12.04
9.75,78.75,36.99,22.13,11.99
9.75,78.9167,36.57,22.34,11.57
9.75,79.0833,36.09,22.58,11.09
9.75,79.75,33.27,23.24,8.27
9.75,79.9167,33.77,22.78,8.77
9.75,80.0833,33.76,22.67,8.76
9.75,80.25,33.95,22.74,8.95
9.75,80.4167,33.77,22.8,8.77
9.5833,76.25,32.91,22.21,7.91
9.5833,76.4167,33.14,22.37,8.14
9.5833,76.5833,33.33,21.94,8.33
9.5833,76.75,33.02,21.5,8.02
9.5833,76.9167,30.88,18.75,5.88
9.5833,77.0833,28.98,15.92,3.98
9.5833,77.25,29.36,15.91,4.36
9.5833,77.4167,28.59,15.2,3.59
9.5833,77.5833,34.23,20.12,9.23
9.5833,77.75,36.4,21.33,11.4
9.5833,77.9167,37.01,21.45,12.01
9.5833,78.0833,37.16,21.65,12.16
9.5833,78.25,37.19,21.88,12.19
9.5833,78.4167,36.89,21.95,11.89
9.5833,78.5833,36.7,22.03,11.7
9.5833,78.75,36.6,22.18,11.6
9.5833,78.9167,36.32,22.65,11.32
9.5833,79.5833,33.69,23.19,8.69
9.5833,79.75,33.68,23.15,8.68
9.5833,79.9167,33.77,23.02,8.77
9.5833,80.0833,33.51,22.78,8.51
9.5833,80.25,33.76,22.69,8.76
9.5833,80.4167,33.96,22.8,8.96
9.5833,80.5833,33.71,22.87,8.71
9.4167,76.25,33.06,22.3,8.06
9.4167,76.4167,33.11,22.2,8.11
9.4167,76.5833,33.33,21.99,8.33
9.4167,76.75,33.09,21.65,8.09
9.4167,76.9167,32.35,20.73,7.35
9.4167,77.0833,30.03,18.01,5.03
9.4167,77.25,26.89,14.36,1.89
9.4167,77.4167,32.44,19.01,7.44
9.4167,77.5833,35.95,21.34,10.95
9.4167,77.75,36.54,21.56,11.54
9.4167,77.9167,36.87,21.73,11.87
9.4167,78.0833,37.28,21.74,12.28
9.4167,78.25,37.3,21.97,12.3
9.4167,78.4167,36.89,22.17,11.89
9.4167,78.5833,36.54,22.2,11.54
9.4167,78.75,36.29,22.52,11.29
9.4167,78.9167,36.0,22.92,11.0
9.4167,79.0833,35.4,23.2,10.4
9.4167,79.5833,33.7,24.2,8.7
9.4167,79.75,33.86,23.04,8.86
9.4167,79.9167,33.4,24.1,8.4
9.4167,80.0833,32.93,22.4,7.93
9.4167,80.25,33.34,22.46,8.34
9.4167,80.4167,33.82,22.3,8.82
9.4167,80.5833,33.8,22.3,8.8
9.4167,80.75,33.86,22.51,8.86
9.25,76.4167,33.03,22.23,8.03
9.25,76.5833,33.29,22.05,8.29
9.25,76.75,33.16,21.78,8.16
9.25,76.9167,32.44,20.89,7.44
9.25,77.0833,29.58,17.86,4.58
9.25,77.25,27.2,15.04,2.2
9.25,77.4167,34.57,20.67,9.57
9.25,77.5833,36.16,21.38,11.16
9.25,77.75,36.65,21.44,11.65
9.25,77.9167,36.94,21.67,11.94
9.25,78.0833,37.16,21.9,12.16
9.25,78.25,37.53,22.08,12.53
9.25,78.4167,36.64,22.27,11.64
9.25,78.5833,36.34,22.42,11.34
9.25,78.75,35.99,22.64,10.99
9.25,78.9167,35.52,22.92,10.52
9.25,79.0833,35.1,23.26,10.1
9.25,79.25,34.18,23.51,9.18
9.25,79.4167,33.38,23.64,8.38
9.25,79.9167,33.24,23.19,8.24
9.25,80.0833,33.09,22.39,8.09
9.25,80.25,32.95,21.98,7.95
9.25,80.4167,33.08,21.71,8.08
9.25,80.5833,33.16,21.62,8.16
9.25,80.75,33.63,22.11,8.63
9.25,80.9167,34.05,22.48,9.05
9.25,92.75,32.09,23.76,7.09
9.25,92.9167,32.4,23.9,7.4
9.0833,76.4167,32.89,22.31,7.89
9.0833,76.5833,33.15,22.13,8.15
9.0833,76.75,33.12,21.84,8.12
9.0833,76.9167,32.87,21.48,7.87
9.0833,77.0833,31.8,20.24,6.8
9.0833,77.25,31.62,19.23,6.62
9.0833,77.4167,34.96,21.07,9.96
9.0833,77.5833,35.85,21.53,10.85
9.0833,77.75,36.37,21.65,11.37
9.0833,77.9167,36.69,21.73,11.69
9.0833,78.0833,37.3,21.93,12.3
9.0833,78.25,37.05,22.29,12.05
9.0833,78.4167,36.88,22.42,11.88
9.0833,78.5833,35.81,22.61,10.81
9.0833,78.75,34.6,23.15,9.6
9.0833,79.5833,33.5,24.3,8.5
9.0833,79.75,33.68,23.18,8.68
9.0833,79.9167,33.51,23.15,8.51
9.0833,80.0833,33.27,22.16,8.27
9.0833,80.25,33.02,21.65,8.02
9.0833,80.4167,32.91,21.3,7.91
9.0833,80.5833,33.01,21.21,8.01
9.0833,80.75,33.46,21.6,8.46
9.0833,80.9167,33.58,22.16,8.58
9.0833,92.75,32.17,23.78,7.17
8.9167,76.5833,32.95,22.49,7.95
8.9167,76.75,33.12,22.07,8.12
8.9167,76.9167,32.91,21.7,7.91
8.9167,77.0833,31.95,20.53,6.95
8.9167,77.25,31.35,19.12,6.35
8.9167,77.4167,34.98,21.4,9.98
8.9167,77.5833,35.65,21.69,10.65
8.9167,77.75,36.13,21.98,11.13
8.9167,77.9167,36.69,21.88,11.69
8.9167,78.0833,37.04,22.29,12.04
8.9167,78.25,36.17,22.62,11.17
8.9167,79.9167,33.46,22.62,8.46
8.9167,80.0833,33.02,21.92,8.02
8.9167,80.25,32.81,21.3,7.81
8.9167,80.4167,33.02,21.01,8.02
8.9167,80.5833,32.98,20.88,7.98
8.9167,80.75,33.47,21.4,8.47
8.9167,80.9167,34.11,22.02,9.11
8.9167,81.0833,34.35,22.52,9.35
8.75,76.5833,32.72,22.61,7.72
8.75,76.75,32.96,22.19,7.96
8.75,76.9167,32.91,21.67,7.91
8.75,77.0833,31.65,20.38,6.65
8.75,77.25,28.43,16.65,3.43
8.75,77.4167,34.76,21.43,9.76
8.75,77.5833,35.82,21.9,10.82
8.75,77.75,35.95,22.18,10.95
8.75,77.9167,36.33,22.16,11.33
8.75,78.0833,35.96,22.66,10.96
8.75,78.25,34.95,23.06,9.95
8.75,79.9167,33.26,22.04,8.26
8.75,80.0833,33.0,21.44,8.0
8.75,80.25,33.05,21.08,8.05
8.75,80.4167,33.47,21.01,8.47
8.75,80.5833,33.09,20.7,8.09
8.75,80.75,33.2,21.19,8.2
8.75,80.9167,33.89,21.64,8.89
8.75,81.0833,34.25,22.23,9.25
8.75,81.25,34.67,22.88,9.67
8.75,92.9167,32.1,24.0,7.1
8.5833,76.75,32.8,22.32,7.8
8.5833,76.9167,32.99,21.94,7.99
8.5833,77.0833,32.68,21.46,7.68
8.5833,77.25,29.64,18.16,4.64
8.5833,77.4167,29.91,17.67,4.91
8.5833,77.5833,34.9,21.6,9.9
8.5833,77.75,35.93,22.19,10.93
8.5833,77.9167,35.88,22.41,10.88
8.5833,78.0833,35.29,22.63,10.29
8.5833,79.9167,32.98,21.52,7.98
8.5833,80.0833,32.97,21.11,7.97
8.5833,80.25,33.18,20.95,8.18
8.5833,80.4167,33.43,20.9,8.43
8.5833,80.5833,33.22,20.78,8.22
8.5833,80.75,33.26,21.04,8.26
8.5833,80.9167,33.51,21.43,8.51
8.5833,81.0833,33.96,21.88,8.96
8.5833,81.25,34.32,22.73,9.32
8.5833,81.4167,34.2,23.1,9.2
8.5833,93.5833,31.83,23.52,6.83
8.4167,76.9167,33.2,22.29,8.2
8.4167,77.0833,32.93,21.82,7.93
8.4167,77.25,32.63,21.48,7.63
8.4167,77.4167,29.88,18.55,4.88
8.4167,77.5833,34.33,21.37,9.33
8.4167,77.75,35.63,22.24,10.63
8.4167,77.9167,35.8,22.44,10.8
8.4167,78.0833,35.18,22.57,10.18
8.4167,79.75,33.06,22.69,8.06
8.4167,79.9167,32.89,21.22,7.89
8.4167,80.0833,32.94,20.86,7.94
8.4167,80.25,33.33,20.93,8.33
8.4167,80.4167,33.51,20.95,8.51
8.4167,80.5833,33.39,20.93,8.39
8.4167,80.75,33.34,21.04,8.34
8.4167,80.9167,33.07,21.18,8.07
8.4167,81.0833,33.93,22.07,8.93
8.4167,81.25,34.23,22.65,9.23
8.4167,81.4167,34.35,22.95,9.35
8.4167,93.0833,31.98,23.61,6.98
8.4167,93.5833,31.92,23.65,6.92
8.25,73.0833,30.93,23.07,5.93
8.25,77.0833,32.95,22.11,7.95
8.25,77.25,33.09,22.02,8.09
8.25,77.4167,33.05,21.66,8.05
8.25,77.5833,34.29,21.97,9.29
8.25,77.75,35.16,22.42,10.16
8.25,77.9167,35.09,22.42,10.09
8.25,79.75,33.24,21.77,8.24
8.25,79.9167,33.03,21.04,8.03
8.25,80.0833,33.15,20.95,8.15
8.25,80.25,33.49,20.94,8.49
8.25,80.4167,33.37,20.9,8.37
8.25,80.5833,33.27,20.81,8.27
8.25,80.75,33.13,20.8,8.13
8.25,80.9167,33.01,21.08,8.01
8.25,81.0833,33.85,21.82,8.85
8.25,81.25,34.03,22.17,9.03
8.25,81.4167,34.45,22.65,9.45
8.25,93.0833,32.13,23.44,7.13
8.25,93.25,32.04,23.55,7.04
8.25,93.4167,32.04,23.57,7.04
8.25,93.5833,32.22,23.6,7.22
8.0833,77.25,32.99,22.31,7.99
8.0833,77.4167,33.37,22.45,8.37
8.0833,77.5833,33.87,22.44,8.87
8.0833,77.75,34.87,22.47,9.87
8.0833,79.75,33.24,21.79,8.24
8.0833,79.9167,33.1,20.98,8.1
8.0833,80.0833,33.2,20.86,8.2
8.0833,80.25,33.4,20.94,8.4
8.0833,80.4167,33.37,20.81,8.37
8.0833,80.5833,33.01,20.71,8.01
8.0833,80.75,32.77,20.49,7.77
8.0833,80.9167,33.19,21.34,8.19
8.0833,81.0833,33.54,21.91,8.54
8.0833,81.25,34.03,22.01,9.03
8.0833,81.4167,34.32,22.54,9.32
8.0833,93.25,31.8,23.6,6.8
8.0833,93.4167,31.81,23.44,6.81
8.0833,93.5833,31.89,23.57,6.89
7.9167,79.75,33.39,21.59,8.39
7.9167,79.9167,33.34,20.99,8.34
7.9167,80.0833,33.47,20.92,8.47
7.9167,80.25,33.46,20.79,8.46
7.9167,80.4167,33.09,20.54,8.09
7.9167,80.5833,32.93,20.56,7.93
7.9167,80.75,32.51,20.37,7.51
7.9167,80.9167,32.95,21.33,7.95
7.9167,81.0833,33.24,21.95,8.24
7.9167,81.25,33.71,22.02,8.71
7.9167,81.4167,34.22,22.42,9.22
7.9167,81.5833,34.09,23.12,9.09
7.9167,93.25,31.84,23.62,6.84
7.9167,93.4167,31.63,23.38,6.63
7.9167,93.5833,31.53,23.22,6.53
7.75,79.75,33.29,21.6,8.29
7.75,79.9167,33.44,21.22,8.44
7.75,80.0833,33.63,21.05,8.63
7.75,80.25,33.67,20.96,8.67
7.75,80.4167,33.45,20.69,8.45
7.75,80.5833,32.31,19.96,7.31
7.75,80.75,32.17,20.06,7.17
7.75,80.9167,32.77,21.02,7.77
7.75,81.0833,33.27,21.66,8.27
7.75,81.25,33.41,21.76,8.41
7.75,81.4167,33.97,22.23,8.97
7.75,81.5833,34.04,23.05,9.04
7.75,81.75,33.93,23.65,8.93
7.5833,79.75,33.09,21.64,8.09
7.5833,79.9167,33.27,21.35,8.27
7.5833,80.0833,33.53,21.22,8.53
7.5833,80.25,33.66,21.03,8.66
7.5833,80.4167,33.47,20.72,8.47
7.5833,80.5833,31.86,19.38,6.86
7.5833,80.75,30.53,18.44,5.53
7.5833,80.9167,32.6,20.86,7.6
7.5833,81.0833,32.78,21.35,7.78
7.5833,81.25,33.03,21.62,8.03
7.5833,81.4167,33.63,22.1,8.63
7.5833,81.5833,33.83,22.59,8.83
7.5833,81.75,33.82,23.29,8.82
7.5833,93.5833,32.35,24.3,7.35
7.4167,79.75,32.88,21.75,7.88
7.4167,79.9167,33.09,21.52,8.09
7.4167,80.0833,33.23,21.28,8.23
7.4167,80.25,33.42,21.01,8.42
7.4167,80.4167,32.86,20.34,7.86
7.4167,80.5833,31.02,18.51,6.02
7.4167,80.75,27.74,15.51,2.74
7.4167,80.9167,30.86,19.14,5.86
7.4167,81.0833,32.45,21.21,7.45
7.4167,81.25,32.62,21.31,7.62
7.4167,81.4167,32.51,21.43,7.51
7.4167,81.5833,32.86,22.25,7.86
7.4167,81.75,33.06,23.01,8.06
7.4167,81.9167,32.91,23.3,7.91
7.4167,93.5833,31.34,23.28,6.34
7.4167,93.75,31.15,23.07,6.15
7.25,79.75,32.28,22.32,7.28
7.25,79.9167,32.7,21.67,7.7
7.25,80.0833,32.8,21.44,7.8
7.25,80.25,32.58,21.01,7.58
7.25,80.4167,32.1,20.16,7.1
7.25,80.5833,30.37,18.08,5.37
7.25,80.75,29.97,17.75,4.97
7.25,80.9167,30.32,18.67,5.32
7.25,81.0833,31.89,20.86,6.89
7.25,81.25,31.5,20.66,6.5
7.25,81.4167,31.67,21.14,6.67
7.25,81.5833,32.5,22.17,7.5
7.25,81.75,33.01,22.8,8.01
7.25,81.9167,32.81,23.14,7.81
7.25,93.5833,31.13,22.99,6.13
7.25,93.75,31.05,22.93,6.05
7.25,93.9167,30.82,22.64,5.82
7.0833,72.75,31.6,24.6,6.6
7.0833,72.9167,31.48,24.42,6.48
7.0833,79.75,31.9,22.5,6.9
7.0833,79.9167,32.4,21.91,7.4
7.0833,80.0833,32.48,21.65,7.48
7.0833,80.25,32.06,21.15,7.06
7.0833,80.4167,29.79,18.43,4.79
7.0833,80.5833,28.58,16.48,3.58
7.0833,80.75,25.55,13.23,0.55
7.0833,80.9167,28.22,16.42,3.22
7.0833,81.0833,28.95,17.72,3.95
7.0833,81.25,30.07,19.49,5.07
7.0833,81.4167,31.31,21.14,6.31
7.0833,81.5833,32.04,21.89,7.04
7.0833,81.75,32.74,22.58,7.74
7.0833,81.9167,33.22,23.13,8.22
7.0833,93.5833,31.36,23.4,6.36
7.0833,93.75,31.1,22.79,6.1
7.0833,93.9167,30.76,22.44,5.76
6.9167,72.9167,31.15,24.2,6.15
6.9167,73.0833,31.46,24.48,6.46
6.9167,73.25,31.34,24.23,6.34
6.9167,79.9167,32.29,22.26,7.29
6.9167,80.0833,32.04,21.87,7.04
6.9167,80.25,31.69,21.39,6.69
6.9167,80.4167,29.86,19.09,4.86
6.9167,80.5833,26.17,14.09,1.17
6.9167,80.75,23.64,10.95,0.0
6.9167,80.9167,26.09,14.21,1.09
6.9167,81.0833,27.15,15.94,2.15
6.9167,81.25,30.03,19.76,5.03
6.9167,81.4167,31.09,21.17,6.09
6.9167,81.5833,32.42,22.09,7.42
6.9167,81.75,32.54,22.52,7.54
6.9167,81.9167,32.8,22.99,7.8
6.9167,93.75,31.24,22.99,6.24
6.9167,93.9167,31.21,22.91,6.21
6.75,72.9167,31.6,24.77,6.6
6.75,73.0833,31.26,24.26,6.26
6.75,73.25,30.84,23.81,5.84
6.75,79.9167,31.83,22.33,6.83
6.75,80.0833,31.74,22.09,6.74
6.75,80.25,31.36,21.7,6.36
6.75,80.4167,30.29,20.22,5.29
6.75,80.5833,26.46,15.29,1.46
6.75,80.75,25.61,14.21,0.61
6.75,80.9167,27.35,16.58,2.35
6.75,81.0833,29.24,19.14,4.24
6.75,81.25,31.19,21.43,6.19
6.75,81.4167,31.64,21.84,6.64
6.75,81.5833,32.08,22.12,7.08
6.75,81.75,32.25,22.57,7.25
6.75,93.75,31.41,23.28,6.41
6.75,93.9167,31.41,23.26,6.41
6.5833,72.9167,31.3,24.45,6.3
6.5833,73.0833,31.21,24.32,6.21
6.5833,79.9167,31.41,22.41,6.41
6.5833,80.0833,31.31,22.17,6.31
6.5833,80.25,30.92,21.67,5.92
6.5833,80.4167,30.56,21.03,5.56
6.5833,80.5833,30.07,20.27,5.07
6.5833,80.75,30.03,20.18,5.03
6.5833,80.9167,30.98,21.4,5.98
6.5833,81.0833,31.3,21.71,6.3
6.5833,81.25,31.49,21.98,6.49
6.5833,81.4167,31.19,22.13,6.19
6.5833,81.5833,31.7,22.37,6.7
6.5833,81.75,31.94,22.64,6.94
6.4167,72.75,31.0,24.3,6.0
6.4167,72.9167,31.4,24.77,6.4
6.4167,73.0833,31.07,24.33,6.07
6.4167,73.25,31.7,24.9,6.7
6.4167,79.9167,31.14,22.56,6.14
6.4167,80.0833,31.08,22.34,6.08
6.4167,80.25,30.8,21.96,5.8
6.4167,80.4167,29.4,20.16,4.4
6.4167,80.5833,28.02,18.25,3.02
6.4167,80.75,30.44,21.09,5.44
6.4167,80.9167,31.46,22.17,6.46
6.4167,81.0833,31.25,22.07,6.25
6.4167,81.25,31.3,22.3,6.3
6.4167,81.4167,31.52,22.43,6.52
6.4167,81.5833,31.7,22.67,6.7
6.4167,81.75,31.8,22.72,6.8
6.25,73.0833,31.32,24.62,6.32
6.25,73.25,31.43,24.78,6.43
6.25,80.0833,30.95,22.54,5.95
6.25,80.25,30.79,22.19,5.79
6.25,80.4167,30.27,21.55,5.27
6.25,80.5833,29.87,20.97,4.87
6.25,80.75,30.71,21.8,5.71
6.25,80.9167,31.5,22.49,6.5
6.25,81.0833,31.58,22.57,6.58
6.25,81.25,31.62,22.84,6.62
6.25,81.4167,31.58,22.75,6.58
6.0833,73.0833,31.7,25.2,6.7
6.0833,73.25,31.64,24.98,6.64
6.0833,80.0833,30.7,22.64,5.7
6.0833,80.25,30.65,22.42,5.65
6.0833,80.4167,30.64,22.23,5.64
6.0833,80.5833,30.77,22.24,5.77
6.0833,80.75,30.99,22.39,5.99
6.0833,80.9167,31.49,22.72,6.49
6.0833,81.0833,31.68,22.87,6.68
6.0833,81.25,31.53,23.07,6.53
